"year","AUS_Lstar","AUT_Lstar","BEL_Lstar","BGR_Lstar","BLR_Lstar","CAN_Lstar","CHE_Lstar","CHL_Lstar","CZE_Lstar","DEU_Lstar","DEUTW_Lstar","DNK_Lstar","ESP_Lstar","EST_Lstar","FIN_Lstar","FRA_Lstar","GBR_Lstar","GRC_Lstar","HKG_Lstar","HRV_Lstar","HUN_Lstar","IRL_Lstar","ISL_Lstar","ISR_Lstar","ITA_Lstar","JPN_Lstar","KOR_Lstar","LTU_Lstar","LUX_Lstar","LVA_Lstar","NLD_Lstar","NOR_Lstar","NZL_Lstar","POL_Lstar","PRT_Lstar","RUS_Lstar","SVK_Lstar","SVN_Lstar","TWN_Lstar","UKR_Lstar","USA_Lstar","AUS_c","AUT_c","BEL_c","BGR_c","BLR_c","CAN_c","CHE_c","CHL_c","CZE_c","DEU_c","DEUTW_c","DNK_c","ESP_c","EST_c","FIN_c","FRA_c","GBR_c","GRC_c","HKG_c","HRV_c","HUN_c","IRL_c","ISL_c","ISR_c","ITA_c","JPN_c","KOR_c","LTU_c","LUX_c","LVA_c","NLD_c","NOR_c","NZL_c","POL_c","PRT_c","RUS_c","SVK_c","SVN_c","TWN_c","UKR_c","USA_c","AUS_C","AUT_C","BEL_C","BGR_C","BLR_C","CAN_C","CHE_C","CHL_C","CZE_C","DEU_C","DEUTW_C","DNK_C","ESP_C","EST_C","FIN_C","FRA_C","GBR_C","GRC_C","HKG_C","HRV_C","HUN_C","IRL_C","ISL_C","ISR_C","ITA_C","JPN_C","KOR_C","LTU_C","LUX_C","LVA_C","NLD_C","NOR_C","NZL_C","POL_C","PRT_C","RUS_C","SVK_C","SVN_C","TWN_C","UKR_C","USA_C","AUS_LE_0","AUT_LE_0","BEL_LE_0","BGR_LE_0","BLR_LE_0","CAN_LE_0","CHE_LE_0","CHL_LE_0","CZE_LE_0","DEU_LE_0","DEUTW_LE_0","DNK_LE_0","ESP_LE_0","EST_LE_0","FIN_LE_0","FRA_LE_0","GBR_LE_0","GRC_LE_0","HKG_LE_0","HRV_LE_0","HUN_LE_0","IRL_LE_0","ISL_LE_0","ISR_LE_0","ITA_LE_0","JPN_LE_0","KOR_LE_0","LTU_LE_0","LUX_LE_0","LVA_LE_0","NLD_LE_0","NOR_LE_0","NZL_LE_0","POL_LE_0","PRT_LE_0","RUS_LE_0","SVK_LE_0","SVN_LE_0","TWN_LE_0","UKR_LE_0","USA_LE_0","AUS_LE_80","AUT_LE_80","BEL_LE_80","BGR_LE_80","BLR_LE_80","CAN_LE_80","CHE_LE_80","CHL_LE_80","CZE_LE_80","DEU_LE_80","DEUTW_LE_80","DNK_LE_80","ESP_LE_80","EST_LE_80","FIN_LE_80","FRA_LE_80","GBR_LE_80","GRC_LE_80","HKG_LE_80","HRV_LE_80","HUN_LE_80","IRL_LE_80","ISL_LE_80","ISR_LE_80","ITA_LE_80","JPN_LE_80","KOR_LE_80","LTU_LE_80","LUX_LE_80","LVA_LE_80","NLD_LE_80","NOR_LE_80","NZL_LE_80","POL_LE_80","PRT_LE_80","RUS_LE_80","SVK_LE_80","SVN_LE_80","TWN_LE_80","UKR_LE_80","USA_LE_80"
1923,102.288993586514,NA,99.570502600473,NA,NA,102.390481283125,98.6614591386872,NA,NA,NA,NA,99.8535470216955,102.805806866007,NA,99.0542504941812,98.9557847498327,100.204346778789,NA,NA,NA,NA,NA,101.583286770138,NA,98.6891897196048,NA,NA,NA,NA,NA,100.075789943617,101.709197109191,101.824345510407,NA,NA,NA,NA,NA,NA,NA,NA,0.079431520259083,NA,0.0836370908617662,NA,NA,0.0791768679127256,0.0817281066495627,NA,NA,NA,NA,0.0843777219189744,0.0679703011739469,NA,0.0856881279046751,0.0826176970406555,0.0823980440732696,NA,NA,NA,NA,NA,0.0856463975884667,NA,0.0852531471437113,NA,NA,NA,NA,NA,0.0846336599965626,0.0871302412404611,0.0817740510873578,NA,NA,NA,NA,NA,NA,NA,NA,78.2358567217065,NA,76.964244365564,NA,NA,78.5016897268561,75.3934651896944,NA,NA,NA,NA,77.2805338924654,75.5051297980927,NA,77.3491738688263,76.189071727503,77.1758531978614,NA,NA,NA,NA,NA,79.8057524536049,NA,76.8420822612755,NA,NA,NA,NA,NA,77.5804339852936,80.0885393843803,78.4681024287177,NA,NA,NA,NA,NA,NA,NA,NA,65.9878805180189,NA,60.6544480373451,NA,NA,62.304154747138,62.0528315075607,NA,NA,NA,NA,64.3449476112545,50.3625241806073,NA,56.6433783317999,58.8015391136912,62.0094793605275,NA,NA,NA,NA,NA,60.7789156469693,NA,54.3611794762378,NA,NA,NA,NA,NA,64.0423804276458,64.0747235481241,66.6085929636976,NA,NA,NA,NA,NA,NA,NA,NA,6.77772808719991,NA,5.91890387325285,NA,NA,6.86445564722834,5.55808276741279,NA,NA,NA,NA,5.98594160734842,6.96487342575545,NA,5.83595209462118,5.71927717968178,6.10875213746407,NA,NA,NA,NA,NA,6.74108588682956,NA,5.71542752073079,NA,NA,NA,NA,NA,6.07418712132739,6.77581377766619,6.64834987246772,NA,NA,NA,NA,NA,NA,NA,NA
1928,101.995760080332,NA,99.6436164839464,NA,NA,101.938486760532,98.9879169963025,NA,NA,NA,NA,99.7480281047494,103.15247954216,NA,99.3703015696159,99.1962630441163,100.296278333909,NA,NA,NA,NA,NA,102.425445560274,NA,98.8773711748401,NA,NA,NA,NA,NA,100.10355289029,101.837534959511,101.665527628431,NA,NA,NA,NA,NA,NA,NA,NA,0.0815879934550467,NA,0.0843661041022018,NA,NA,0.080776978914317,0.0836470256520544,NA,NA,NA,NA,0.0844135647466879,0.0701754483870276,NA,0.0851653635749438,0.0833822771894512,0.0839575310376238,NA,NA,NA,NA,NA,0.083753744808234,NA,0.086749963880367,NA,NA,NA,NA,NA,0.0858435548771184,0.0866018105314938,0.0832405682228234,NA,NA,NA,NA,NA,NA,NA,NA,78.5643641766652,NA,77.2040679573022,NA,NA,78.495099269016,76.2172153585007,NA,NA,NA,NA,77.114855288058,76.5229258156219,NA,77.4743860407074,76.5873939099652,77.6764064024644,NA,NA,NA,NA,NA,79.9645234993074,NA,77.2778054831109,NA,NA,NA,NA,NA,77.8740754221707,79.9485540746851,78.6785910539493,NA,NA,NA,NA,NA,NA,NA,NA,66.7487043915224,NA,61.7215751215792,NA,NA,62.9928853313633,63.5860372414044,NA,NA,NA,NA,65.1942620583916,53.5751635491587,NA,57.9981408137997,60.1127674582749,63.1104440505582,NA,NA,NA,NA,NA,63.3623278605807,NA,56.9311982964107,NA,NA,NA,NA,NA,65.5257488523363,65.9065270025016,67.6172182653875,NA,NA,NA,NA,NA,NA,NA,NA,6.70684825861143,NA,5.94422917430979,NA,NA,6.71894778325823,5.67502588937813,NA,NA,NA,NA,5.93464744806818,7.07064252998936,NA,5.92460397513796,5.79566304510096,6.15708161908413,NA,NA,NA,NA,NA,6.98955054014319,NA,5.76373936211882,NA,NA,NA,NA,NA,6.08837891322581,6.78681024452477,6.60770846544946,NA,NA,NA,NA,NA,NA,NA,NA
1933,101.972290776327,NA,99.9323881638875,NA,NA,102.196938247532,99.2434596287712,NA,NA,NA,NA,99.9924333299102,103.121052492131,NA,99.7955864936824,99.4764578398548,100.444524815349,NA,NA,NA,NA,NA,103.823177192827,NA,99.5158600915996,NA,NA,NA,NA,NA,100.366101982492,101.850283400482,101.938721052292,NA,NA,NA,NA,NA,NA,NA,102.486399462193,0.0836397643509026,NA,0.0853180787772565,NA,NA,0.0819057893159554,0.085700233333517,NA,NA,NA,NA,0.0845268060842758,0.0727038373612777,NA,0.0851694364145581,0.084188335780795,0.0854956089181477,NA,NA,NA,NA,NA,0.0827104987079148,NA,0.0873314759412142,NA,NA,NA,NA,NA,0.087317227010923,0.0874572832781991,0.0844861385004597,NA,NA,NA,NA,NA,NA,NA,0.073517935974712,79.0831251969328,NA,77.6580524255636,NA,NA,78.9541342868298,76.9729144409914,NA,NA,NA,NA,77.3436818675836,77.3009897699659,NA,77.7552783952712,76.9746202278052,78.1915283371981,NA,NA,NA,NA,NA,80.9881420024411,NA,77.9355248951271,NA,NA,NA,NA,NA,78.4346708984143,80.0670676323219,79.2414862663164,NA,NA,NA,NA,NA,NA,NA,76.4607526678532,67.9868112370937,NA,63.6854985344867,NA,NA,65.3622738888978,65.1822566399951,NA,NA,NA,NA,66.2080499719867,56.2535784943762,NA,60.2960982906944,62.1483607140744,64.6166934959225,NA,NA,NA,NA,NA,65.2741104494545,NA,59.6585150386494,NA,NA,NA,NA,NA,67.6204328022544,67.7070244005006,69.0638957609718,NA,NA,NA,NA,NA,NA,NA,64.3743780261446,6.73239701987433,NA,6.039669616941,NA,NA,6.8124339591149,5.77496825907374,NA,NA,NA,NA,6.01297455507943,7.07094348932997,NA,6.04350297738706,5.87729193214014,6.2234703182545,NA,NA,NA,NA,NA,7.50656127895331,NA,5.96813189834824,NA,NA,NA,NA,NA,6.19054439691273,6.78849549183024,6.72750700022048,NA,NA,NA,NA,NA,NA,NA,6.73517276431427
1938,101.831946136369,NA,99.757423565128,NA,NA,102.148701442784,99.6639985667488,NA,NA,NA,NA,100.105485702276,102.470367984072,NA,99.6487594634687,99.5082407851863,100.572487064234,NA,NA,NA,NA,NA,103.305208435873,NA,99.2354430040108,NA,NA,NA,NA,NA,100.231712772446,101.933301113864,101.965240701689,NA,102.794842599639,NA,NA,NA,NA,NA,102.272690839803,0.08534276416966,NA,0.0870630563257144,NA,NA,0.0835592943046362,0.0880492240775418,NA,NA,NA,NA,0.0864668761333887,0.0760145201853945,NA,0.0860248841086989,0.0854349698210001,0.0871335800220541,NA,NA,NA,NA,NA,0.0857552837106909,NA,0.0893873925066128,NA,NA,NA,NA,NA,0.0896590295618125,0.089432334704955,0.0855050257065722,NA,0.0790922712834494,NA,NA,NA,NA,NA,0.0761870755919782,79.3696341174045,NA,77.9015506323867,NA,NA,79.3082405767532,77.9443121278653,NA,NA,NA,NA,77.9102306607395,77.7716236712531,NA,77.755916434862,77.2678757233296,78.6822596397463,NA,NA,NA,NA,NA,81.1303424303968,NA,78.0737684420086,NA,NA,NA,NA,NA,78.8376921666219,80.5631751769848,79.5200601566064,NA,79.0605812855014,NA,NA,NA,NA,NA,77.1126262806014,68.9529121446745,NA,64.6954617513418,NA,NA,66.8565746001922,66.976869880339,NA,NA,NA,NA,67.8855960318363,57.6664267956292,NA,61.4954998963081,63.6181197349755,66.374659929518,NA,NA,NA,NA,NA,68.2019539534123,NA,61.4634531682992,NA,NA,NA,NA,NA,68.8560491242946,69.3732939550032,69.7503531133983,NA,58.2262010206487,NA,NA,NA,NA,NA,65.9846394074452,6.70723842134845,NA,5.99296720371059,NA,NA,6.81546891230651,5.94661012482364,NA,NA,NA,NA,6.06976529737133,6.88619613722914,NA,5.98558431286773,5.88812056298114,6.2840407179477,NA,NA,NA,NA,NA,7.34411171773764,NA,5.87313700747167,NA,NA,NA,NA,NA,6.17132432414845,6.85390016361001,6.75592461890811,NA,7.07361704794538,NA,NA,NA,NA,NA,6.69378546940153
1943,101.578653117858,NA,99.871459717682,NA,NA,102.27881154808,100.162438823905,NA,NA,NA,NA,100.774807859978,102.649347883909,NA,99.8786236035309,99.5760046068745,101.335218657136,NA,NA,NA,NA,NA,103.0772714534,NA,99.0767557840699,NA,NA,NA,NA,NA,99.510332036186,102.433611315644,101.720622620598,NA,102.794954130222,NA,NA,NA,NA,NA,102.913583056157,0.087430975220257,NA,0.0889259173629886,NA,NA,0.085658398829347,0.0903945154628451,NA,NA,NA,NA,0.0877068151452261,0.0795125647020672,NA,0.0878744184226986,0.0870503141002185,0.0885115109464318,NA,NA,NA,NA,NA,0.0852259114233241,NA,0.0913643834937899,NA,NA,NA,NA,NA,0.0926854959613026,0.0922224334212639,0.0873870445210309,NA,0.081006688064312,NA,NA,NA,NA,NA,0.0791221218087017,79.615000539336,NA,78.5044023009717,NA,NA,79.93151594524,78.9738106713227,NA,NA,NA,NA,78.8806505883731,78.9178320995105,NA,78.4029616855814,77.9065528315507,79.7358125062285,NA,NA,NA,NA,NA,80.70190413659,NA,78.4039332536955,NA,NA,NA,NA,NA,78.9430333876987,81.7516346870977,79.72883758271,NA,79.6223133822204,NA,NA,NA,NA,NA,78.6261564885657,70.0463248136309,NA,65.1728078152228,NA,NA,68.8199381801603,68.7019425522768,NA,NA,NA,NA,69.2218096119703,61.0130702020903,NA,62.9898954582199,62.4199839202,68.5440789986472,NA,NA,NA,NA,NA,68.6718032571924,NA,61.9844897624756,NA,NA,NA,NA,NA,67.0695566388938,69.8177751497365,70.6014546956733,NA,58.9521804932755,NA,NA,NA,NA,NA,68.7012042312723,6.6442415325018,NA,6.06717399461464,NA,NA,6.89872326200858,6.16301117298832,NA,NA,NA,NA,6.33824589506715,6.98892784333416,NA,6.08403652077933,5.96376406584724,6.59214946364672,NA,NA,NA,NA,NA,7.22375017901451,NA,5.84415185137742,NA,NA,NA,NA,NA,5.97436357767249,7.14502520490322,6.69469429444412,NA,7.11393412959856,NA,NA,NA,NA,NA,6.97580877754492
1948,101.868996288988,100.72745552754,100.720570199684,104.345633502271,NA,102.658415062429,100.61317693728,NA,100.366101787113,NA,NA,101.222794485663,103.274933043075,NA,100.150931605162,101.227385109237,101.637393113613,NA,NA,NA,100.844359914426,102.10193520201,103.975261519437,NA,100.717351879475,100.024772603354,NA,NA,NA,NA,101.539882833634,102.529546372964,102.398854284552,NA,102.752969563164,NA,101.045495003247,NA,NA,NA,103.371107501245,0.0899426927760208,0.0904208969057664,0.0908536244234774,0.0820109014812963,NA,0.0882440833489659,0.0927606234886792,NA,0.0906125664779653,NA,NA,0.090731171826447,0.0830993009867052,NA,0.0899881276381063,0.0887548655772785,0.0903238445206812,NA,NA,NA,0.0881004002271416,0.0810736753935312,0.0875256255500779,NA,0.0924978513484418,0.0806566908396574,NA,NA,NA,NA,0.0945035298759563,0.0951702787965062,0.0896382953129838,NA,0.0842619395862975,NA,0.0872242686803957,NA,NA,NA,0.0827433045044902,80.4771752713335,79.5443901616735,79.6142341533679,81.2844362062038,NA,80.9007420320798,79.9083246081155,NA,79.168462723427,NA,NA,80.0081237648788,80.4246365287357,NA,78.9238078263381,79.6268254807231,80.3685285544292,NA,NA,NA,79.1296069638251,78.4243298889895,82.0334868053372,NA,80.1029682337539,76.5908858309774,NA,NA,NA,NA,81.1935007032836,82.3460948153567,80.92203403607,NA,80.311754923083,NA,79.0997407065996,NA,NA,NA,80.1071510150768,71.8866008231256,68.8978859435083,69.5578567037526,64.3858114979074,NA,71.1849437799659,70.7793723024174,NA,69.7577910331481,NA,NA,71.5454572989873,65.2376581543862,NA,67.6069177846209,69.2664279296439,71.2048991043204,NA,NA,NA,67.7377064793723,68.4212961410857,72.7332033733214,NA,67.0255394919853,60.7265317405625,NA,NA,NA,NA,72.4131392346582,73.2611441800128,72.5937595857969,NA,62.4116671626452,NA,67.7435769734112,NA,NA,NA,71.1790785092212,6.80901855037474,6.38491961967858,6.38447138459195,7.71125973714731,NA,7.10330757287998,6.37138021000018,NA,6.23358481274786,NA,NA,6.56339568821606,7.28222231800747,NA,6.1643219387196,6.54331819062449,6.73041439940795,NA,NA,NA,6.39251649443411,6.71373730193512,7.63827213336299,NA,6.44967925414245,6.03925722639619,NA,NA,NA,NA,6.78822216196859,7.23949223520228,7.01764342009905,NA,7.13460698639281,NA,6.4514888916264,NA,NA,NA,7.23513575917021
1953,102.126864433662,100.741096282064,101.07795411082,104.355920831131,NA,103.073474000375,101.081211068932,NA,100.236334515446,NA,NA,101.375270046275,103.269530211203,NA,100.109723406232,101.551699877065,101.810110602369,NA,NA,NA,100.056265916785,102.033854202628,103.869704906133,NA,101.188544120567,100.831322885776,NA,NA,NA,NA,101.871940518084,102.725124048236,102.486364297395,NA,102.287314646449,NA,100.518341559089,NA,NA,NA,103.754514502234,0.0924407370095836,0.0933863235604155,0.0942567853342831,0.0844987803325393,NA,0.0914285215152115,0.0960467641027284,NA,0.0941407943417893,NA,NA,0.0951470806410601,0.0872910871986843,NA,0.0932704315503337,0.09089938392201,0.0930251627367744,NA,NA,NA,0.0914958400776028,0.0846864051563938,0.0930110793905531,NA,0.0949127895263802,0.083895561058093,NA,NA,NA,NA,0.0977600931726876,0.0989155870673307,0.0934313207860726,NA,0.0890580869291068,NA,0.0916473032106083,NA,NA,NA,0.0862171523465007,81.2927372468556,80.1507038939317,80.6554038742183,81.7526498599764,NA,82.0266896477711,81.0351238464215,NA,79.7935989595709,NA,NA,81.1162369011529,81.341406368824,NA,79.4877730686664,80.3776737390609,81.09825029723,NA,NA,NA,79.0703646419916,79.3102190988915,83.1558867082562,NA,80.9690937665079,78.0235742833156,NA,NA,NA,NA,82.1671629137811,83.253096399442,81.8640143160937,NA,80.8890263172505,NA,79.5626579158484,NA,NA,NA,81.4086621065723,73.2658903846886,71.2510666038299,72.3552640463828,68.5821421606281,NA,73.4522145360333,73.065095306499,NA,71.4328825706987,NA,NA,73.6133301796592,69.6224805613837,NA,70.9509426736978,71.7270743157514,73.2992815970333,NA,NA,NA,69.3176374743842,70.3929050617952,75.330844563216,NA,70.7688585647585,66.2540909259336,NA,NA,NA,NA,74.4261131133053,75.5493649493497,74.1071523176917,NA,66.1227277727164,NA,69.838790788077,NA,NA,NA,73.1044206475554,6.97537061594635,6.43222925859764,6.58345106637966,7.74552225272765,NA,7.36018692188198,6.62447789953256,NA,6.23990141749046,NA,NA,6.72146956583397,7.35402006239486,NA,6.17518776856488,6.70214007016462,6.85424131346509,NA,NA,NA,6.13316447857298,6.7527945255681,7.76167322491185,NA,6.66392464071055,6.3136097036473,NA,NA,NA,NA,7.00858794415086,7.43057912009864,7.15520000421556,NA,7.02486184517795,NA,6.31540143350717,NA,NA,NA,7.4894197122925
1958,102.600942848148,101.156485118091,101.42312267397,104.338365145121,107.743525443549,103.409436758925,101.464679693705,NA,100.689364338633,NA,100.97114699751,101.632345858927,103.056809673223,102.034206848588,100.444797349062,102.135296922389,102.18798554013,NA,NA,NA,100.555663012026,102.359670773243,104.207042217298,NA,101.589181613423,101.102879575187,NA,106.07635682916,100.837760699303,102.016612473728,102.146422359869,102.594940416329,102.68418262301,102.320122988661,101.726867933301,106.846826006257,100.918161759036,NA,NA,106.621282038849,103.800953778456,0.0939943324653421,0.0955034336402138,0.0968087729907859,0.0874906807975173,0.0858087107947431,0.09394737216011,0.0991120748631772,NA,0.097318528151935,NA,0.0965059267831876,0.0974229970958534,0.0912173005451734,0.0959556115118434,0.0957478494566989,0.0933277358432146,0.0950158466263787,NA,NA,NA,0.0939952975204537,0.0887424795105784,0.0924732011351147,NA,0.0970596884415653,0.0880906180886547,NA,0.08553034510045,0.0984521435740771,0.0956627093919245,0.100478104161325,0.101929134483761,0.0958682177985037,0.0909109825133385,0.0931271919431606,0.0832325005263758,0.0957193091882853,NA,NA,0.0845919641862762,0.0885099011230753,82.0985318790092,81.0000629581601,81.5240840885348,82.3808129460824,85.3350467280967,82.9068308156825,82.0232687478249,NA,80.8897419111246,NA,81.0113376961376,81.8381007753065,81.9888931759255,81.9857070365982,80.3270278829808,81.4903436452859,81.8929980119672,NA,NA,NA,80.085173459974,80.6391205992504,83.3499562648933,NA,81.7799489615411,79.2926959086115,NA,83.5856009899522,81.2522541855799,81.9049566635871,82.963153389226,83.6845359083119,82.5766104369931,81.1523569735724,81.1856551657123,83.7592696883071,80.8097158649244,NA,NA,83.8739725864607,82.0255696878035,74.4569876243876,72.8013140610648,73.8032018649082,72.0798155938429,75.8995969234279,74.9662899256481,74.6101760884639,NA,73.3556843043131,NA,73.2451631088115,74.7159709824577,72.4730479860822,73.7731311241244,72.5859692294797,73.5665962697779,74.6024084811273,NA,NA,NA,71.4031057359227,72.6437749787813,76.0210809486788,NA,72.8022305150201,69.6848650652432,NA,74.4129905228054,73.9801805218263,73.6980443946726,75.721694020447,76.4933525735945,75.1761524396622,72.2549558078056,68.3653070410003,73.8761080710587,72.4262586670506,NA,NA,74.801409616438,74.0767702428853,7.22082446258076,6.64501946551798,6.78653637322651,7.80545677298388,9.31124224014179,7.58442795591286,6.8626489264136,NA,6.4853239619501,NA,6.58690592060618,6.88772452068659,7.35591197792083,7.0347903982206,6.35128883731182,7.00169096752111,7.06563035571199,NA,NA,NA,6.36752493337663,6.97316990608196,7.89292598919282,NA,6.87713096675639,6.47115189506464,NA,8.50304558539177,6.57182102479064,7.01878189617521,7.20733502613208,7.46250939425738,7.31246023621844,7.02392716594302,6.8720042771827,8.76640685193028,6.55183418235178,NA,NA,8.71371925179965,7.57914456535033
1963,102.931776743061,101.520535359921,101.670615777089,104.285374578493,107.578758755993,103.773649421526,101.818481146856,NA,100.9915959341,NA,101.470120283378,102.069464031661,103.276009764793,102.364509776716,100.398526404095,102.67817681261,102.453427532049,NA,NA,NA,100.850080683739,102.272161201977,103.650743048274,NA,101.923784659343,101.449823929502,NA,105.997355930774,101.279736930918,103.068480087021,102.587171055238,102.528443626984,102.744153689751,102.345883551394,101.967658764184,105.699691687739,101.282900181047,NA,NA,105.762498003306,103.972054570905,0.0941988451936466,0.0973878283845416,0.0981063536883601,0.0907091873710298,0.0869135073852912,0.0952792789617862,0.101322826379853,NA,0.0992610658552569,NA,0.097574672087126,0.0982667781371891,0.0943758657193914,0.0965865547144762,0.0986342247365342,0.0950337605970953,0.0959684847765965,NA,NA,NA,0.0966822537252225,0.0917579478469772,0.0965939748340099,NA,0.0985869131918845,0.0923114867834218,NA,0.087963771930656,0.096289956434962,0.0953753378847284,0.101924918354303,0.103738070203996,0.0965978451578511,0.0938415737443852,0.0952483322419762,0.086230170362443,0.0984419112594292,NA,NA,0.0880697902314907,0.0890898906570671,82.4676338464856,81.737600488219,82.0258534264783,83.0606030225685,85.4203281391739,83.5497214215314,82.7957737665777,NA,81.571212874275,NA,81.7250605769748,82.4446312100071,82.8768804070263,82.4241751049021,80.8553926321945,82.3961622891475,82.3570085765945,NA,NA,NA,80.9278430853041,81.2564091272851,83.6792983623097,NA,82.3990274373855,80.5848747193022,NA,84.1098679094976,81.2536547267404,82.8891921124403,83.6706884251691,83.9409265685212,82.7831217412139,81.8263789387204,81.8408229186992,83.3889730312839,81.7102332841626,NA,NA,83.8998336332566,82.3342727916778,75.0161392750088,74.100325449764,74.6684817062647,74.3913261566261,76.8787307596888,75.944557474575,75.6953205863264,NA,74.4144761656528,NA,74.1753094599291,75.427477550671,74.594815775934,74.7102587269688,73.693665850947,74.8678646779853,75.2062693895115,NA,NA,NA,72.9650327630351,73.7005985798215,76.5609954408134,NA,74.2500593706164,72.5314200425863,NA,75.5541546373399,73.9013974646037,74.8112950662702,76.7162395406739,77.0813540088391,75.5815886600807,73.5450283545856,70.4447441408743,74.3471860911037,74.080109043864,NA,NA,75.4207368511662,74.5470285060073,7.37212961276792,6.84306462539699,6.92558219530678,7.87828943728556,9.27751017493369,7.79525092265057,7.08079475035134,NA,6.65729666647621,NA,6.82539481796723,7.1043655164486,7.54128302847395,7.19408251864421,6.39002466835822,7.2852778069843,7.20949397398631,NA,NA,NA,6.54163169849719,7.01324162141886,7.77957430482292,NA,7.05909101823875,6.68850200143311,NA,8.56334384194407,6.70782609922073,7.47790965293973,7.45653728249481,7.48720388828098,7.36048157217779,7.1106999012034,7.01627664039272,8.35749627645284,6.76703333509464,NA,NA,8.45660963096987,7.67207898182974
1968,103.021542520044,101.544705729141,101.763652711313,103.835292017443,107.64912618564,104.348041400538,102.325750057231,NA,101.003254459083,NA,101.570196094609,102.690742701795,103.214146234398,102.518930729778,100.917218283844,103.142016265297,102.861779389378,NA,NA,NA,101.173589341738,102.302028340907,103.167205614628,NA,102.335996290328,102.014897877034,NA,105.95568563761,101.424310205138,103.213288800241,102.889084225128,102.948551037188,102.898524104844,102.46359615049,101.772602105082,104.855557459421,101.23492497006,NA,102.71113858338,104.978571677562,104.399453389224,0.0943473880771215,0.0986856550411504,0.0989255853360694,0.0933805024237105,0.0871433081714842,0.095403535918777,0.102930058098438,NA,0.0997493202807784,NA,0.0983616962521803,0.0978785360813609,0.0972346003501421,0.0973944938636016,0.100407435967861,0.0962546446845508,0.0965388563374071,NA,NA,NA,0.0974543018843729,0.0941190438074965,0.0974974016789437,NA,0.0997715264967329,0.0959518599378173,NA,0.0892160569965458,0.0956338867647576,0.0949161044257642,0.10197818749258,0.104163095962122,0.0966295084917367,0.0963082472963158,0.0969249152328734,0.0881017858370227,0.099986594178183,NA,0.0872138038042068,0.0904334246231099,0.0887328184926875,82.5860892641714,82.0173841282936,82.2795030609759,83.2007813010339,85.5333182932322,84.1487702635179,83.5987515147871,NA,81.6745273598988,NA,81.9793643335208,82.986442761027,83.3966978568319,82.7380040539618,81.7162597978293,83.1164789825679,82.8817453382047,NA,NA,NA,81.3962606584467,81.8086713721708,83.373552608834,NA,83.0247507895384,81.9241160901504,NA,84.3593236171612,81.2572184450749,82.9284188541855,83.9829630525687,84.4340712816088,82.9424173702379,82.4578552591736,81.9519279479057,83.0000810209297,81.9621258571251,NA,80.6239095153287,83.6783081286979,82.6730818645154,75.2591850332638,74.6544325090563,75.0863783814592,75.2868954338971,77.3950285234146,76.6641372616328,76.6743145910158,NA,74.6812410198022,NA,74.6315230854498,76.0658948131617,75.8609332688324,75.2219470703669,74.790387067427,75.7849283731692,75.8525987132086,NA,NA,NA,73.8867473440892,74.5739959495241,76.6352471569795,NA,75.5315927554948,74.6013479256946,NA,76.2741907279497,74.0401081159473,75.0368481350672,77.0814446398676,77.7411123110831,75.8173093702063,74.7223679708909,72.2302642856069,74.5594668031885,74.573456900787,NA,72.1200198379345,75.5944578207932,74.9381098489397,7.4159014847565,6.88597164761132,6.98816439363137,7.75957223179937,9.32009914687849,8.07072131043047,7.36471107612139,NA,6.67316941429876,NA,6.88838819700917,7.37402123210041,7.60105925485258,7.2862141092132,6.65181629031292,7.53286333497202,7.41052118032573,NA,NA,NA,6.69336044248701,7.08920687273094,7.58035400331261,NA,7.27543042304394,7.01683394804322,NA,8.59298937448123,6.75165502974096,7.52700390753644,7.60232330756663,7.70495527915873,7.43123525170091,7.2299332671149,6.96054454958797,8.03953415765895,6.78425270424039,NA,7.08279763333108,8.18188169361739,7.84963896997314
1973,103.644779872457,101.849492283139,102.153643058931,103.124631493349,107.535255529414,104.878780730399,103.048550718575,NA,101.024313080833,NA,101.952966871946,103.509294594871,103.20744467253,102.895995424781,101.91446554065,103.581215679256,103.094851815774,NA,NA,NA,101.281495862657,102.382625456497,104.339161135452,NA,102.675007494162,102.675391156464,NA,106.163498788044,101.71392382736,103.365882293686,103.365711572814,103.320696422368,103.416976002686,102.524869715274,101.940881527937,104.444872012276,101.446344999392,NA,102.504560683877,104.427843252622,105.154747666657,0.0953702358536566,0.099669629031229,0.0994127506230498,0.0958799063802135,0.08722875275754,0.0955562219783169,0.103814332802188,NA,0.100451614957592,NA,0.0989930689203839,0.0970230818635855,0.100210603663957,0.0965420550547114,0.101384888423325,0.0975909646042545,0.0971433386079855,NA,NA,NA,0.096557804553898,0.0958519045468899,0.0953650306029007,NA,0.10152685602192,0.0993190207611304,NA,0.0891673386503885,0.0960438312282749,0.0941321099679539,0.10213355414083,0.104713746168365,0.0961743074832433,0.0975988087412656,0.0985715993236432,0.0885656855591273,0.0995694543080185,NA,0.0897235525467991,0.0915513866765382,0.0890568289575975,83.4244248585447,82.5105746660236,82.7601213738233,83.0221577959617,85.429646727385,84.7084233900654,84.4790794288285,NA,81.824697632864,NA,82.4818559838513,83.6265959032098,83.9721048977652,82.9361077420784,82.8956956847587,83.829697970067,83.2360865661765,NA,NA,NA,81.3116072018556,82.2550444358829,84.0999584300781,NA,83.6871640212514,83.2584112496189,NA,84.5499966211608,81.6295461283927,82.9034161340028,84.4843330020978,84.9019688602603,83.36815396635,82.7753323414485,82.4278819835463,82.6949151689448,82.0856371497003,NA,81.0276347409715,83.3821498809027,83.5032038605516,76.2730850984255,75.3713307714093,75.7463741747375,75.5144284332499,77.5396829699951,77.3599545099408,77.694974545534,NA,75.0395302089313,NA,75.3359303202957,76.8075244664158,76.8473192976864,75.4781908541828,76.1391146443897,76.651280031176,76.3381336202262,NA,NA,NA,74.0659738898989,75.2838109058973,77.2304696083691,NA,76.6655667826342,76.3401231081698,NA,76.6026858487956,74.5614455388335,75.1679635230939,77.7261523924779,78.3318582175204,76.2111267232813,75.3961332262932,73.7848304030912,74.5052794478277,74.9179597998046,NA,72.9897528790244,75.5029835308247,75.9061715988314,7.73387487004691,7.04735273859021,7.17652337145802,7.51408728685886,9.26574417054507,8.33258311157428,7.74277655082339,NA,6.69823982681113,NA,7.07455517869363,7.72532601637059,7.69640644839367,7.4305970394478,7.1235663265224,7.78292101564698,7.5363385668219,NA,NA,NA,6.7145244978974,7.17268710909983,8.05912941398711,NA,7.48583425913899,7.41302348947526,NA,8.6890954988804,6.88543701130604,7.56895673968212,7.83841612412866,7.90883787284037,7.65579168346375,7.29364090381425,7.07108354750282,7.86876399892634,6.86445876549932,NA,7.06067406224113,7.96666510570371,8.20465562815059
1978,104.585804548531,102.218328326418,102.868376353077,102.709859644091,107.195072774866,105.769304631413,103.890516569867,NA,100.971285788073,NA,102.721720877915,103.979780319279,103.873227985277,102.688570514798,103.160740387674,104.29953124839,103.378696493787,NA,NA,NA,101.3692298882,102.600457727542,106.216804628263,NA,103.080208588042,103.533042528841,NA,106.117092877462,102.352629141954,103.163962926467,104.26536921358,103.976799950485,104.215817628565,102.661720481164,102.521518778297,104.168030308702,101.585333494116,NA,103.301148310081,104.060949137257,106.105885233883,0.0968380549607371,0.100470677577061,0.0993341920084473,0.0976269950218609,0.0870029431831513,0.0959053443767504,0.103965701303089,NA,0.101466335993545,NA,0.0995745119072006,0.0959920317230937,0.102875199701684,0.0957887255733931,0.101309392655216,0.0987170254092983,0.0977782894550585,NA,NA,NA,0.0948078327634283,0.0981174093339846,0.0970846226022505,NA,0.103397102461273,0.10240971849358,NA,0.0888444098170802,0.0964928145116096,0.0930760045028143,0.102079085957756,0.104434969393183,0.0957772893220624,0.0975069155441667,0.0998627942230653,0.0877835497560493,0.100439623113037,NA,0.0916180404756385,0.091413805978008,0.0902346084919329,84.6666978544438,83.0229528150797,83.4566527102778,82.9684331233088,85.0248279716834,85.6625787057403,85.3404381426577,NA,81.9594359776643,NA,83.3562095860173,83.8754729558044,85.129072562567,82.569463586616,84.1131932311155,84.767834639838,83.6440392172573,NA,NA,NA,81.0204008725536,82.9357720687438,86.3339379032977,NA,84.4267830255126,84.6925794679788,NA,84.4206501652705,82.3577059916788,82.4673197958116,85.368377751872,85.5031706792991,84.0831084233427,82.8866023681482,83.2434802023126,82.2196356283679,82.3837241981001,NA,82.2612449554016,82.9789259815665,84.7303393608021,77.7424242270417,76.218648595897,76.5425504175957,75.5898970007111,77.2921328169077,78.5685349337405,78.7636018555427,NA,75.3495040064757,NA,76.4641131050323,77.1585248191134,78.3580097125899,75.1434827391884,77.6897826864617,77.8065854196107,76.9279262197527,NA,NA,NA,73.9733406652819,76.1815787315296,79.76336458258,NA,77.793802127603,78.1893843540461,NA,76.5631230943287,75.4637984475088,74.7227113168291,78.7543681138683,79.1006372812344,76.956078793774,75.7254337801528,75.3940481210536,74.0827206375118,75.5274294181978,NA,74.6232998548696,75.1846044118875,77.3549110459796,8.23704022889507,7.23626428226739,7.50374085750859,7.37915939090245,9.08587802956836,8.78962960375053,8.16900830285793,NA,6.69932139723192,NA,7.44271624461301,7.9097852651191,8.11937120209929,7.31241156752438,7.70590603834995,8.17117442795833,7.68913453047066,NA,NA,NA,6.70587782296676,7.33841677799367,9.07117740852113,NA,7.74219531535129,7.92893379183034,NA,8.6516079374081,7.17764962760034,7.44357344113595,8.2853308676104,8.23034401911303,8.01824616653012,7.35112927235678,7.36773044641364,7.71791559867864,6.94743368389816,NA,7.45669164031896,7.79247891725849,8.70325930629821
1983,105.127832682885,102.727446064514,103.603229835936,102.317959203131,106.697187465331,106.347910562282,104.588259653472,NA,101.008553655749,NA,103.453822836674,104.315973591579,104.596779046999,102.724861335893,104.013531638967,104.898503452615,103.931329811985,104.680610619271,NA,NA,101.579429210628,103.033889443959,105.469292802493,103.871501829795,103.711450464409,104.537541135124,NA,105.816772689389,102.940073207755,103.175077011042,104.860254059306,104.540020075625,104.858879565969,102.666310716155,103.380582454381,103.76862741308,101.67487132791,101.977610177393,103.510440852657,103.763912090127,106.479721707984,0.0986776931385456,0.101043587398039,0.0995820356431903,0.0991025478367459,0.0873604884247138,0.0970629227779608,0.103905216987534,NA,0.101901123801778,NA,0.100637486463615,0.0951724317346112,0.104762385706015,0.0952942658538016,0.101716230298628,0.0994994153877231,0.0987369589323177,0.103528859598821,NA,NA,0.0927465820875747,0.0998750512204211,0.102747453394746,0.101194810621795,0.104349664100416,0.104070737859279,NA,0.0889132739261249,0.0983573266082413,0.0929362606755569,0.102052332461646,0.103759884330544,0.0963054312958153,0.0975873315179915,0.100609454980079,0.0890921997202918,0.100372936396391,0.0995397614068202,0.0940167807451553,0.091846624177243,0.0912987909847843,85.5755510263334,83.6350616558316,84.2307650777312,82.868255837521,84.6177906161748,86.4714944183765,86.0235295090311,NA,82.0734776702113,NA,84.2837257408388,84.0340074195566,86.1837874764729,82.500927384844,85.0363491650931,85.5158097831007,84.3835418902593,86.0451904874467,NA,NA,80.7706262624058,83.7099437409571,86.6816935348649,84.8040511001778,85.2200563980608,85.9927575171502,NA,84.1360151873084,83.3196891844219,82.4389895959546,85.9500109614103,85.9401047222348,84.8332801293128,82.9013608389365,84.2318716248879,82.1383187345908,82.4537114649465,82.5913550640894,83.0030637663055,82.7770247825568,85.3471326364314,78.8743927132232,77.0348535229851,77.5555537875873,75.6672786993153,76.9745421519781,79.6713527945594,79.5487275848817,NA,75.6062469773542,NA,77.6785920184618,77.3659601242842,79.7046652055976,75.0752756953124,78.7749948485446,78.719904368544,77.8470388068997,79.591650817673,NA,NA,73.8009211492187,77.2185481647392,80.4618102197517,78.1831229049637,78.8716674455648,79.7196746319215,NA,76.3474161626721,76.686392225074,74.8509146740226,79.5396368485408,79.6412220933156,77.8257963146951,75.9094141678195,76.8903688561868,74.1912780349678,75.7907825746492,76.0149285101712,75.6923798174022,75.1351200312199,78.1847418858634,8.5830117492004,7.49086815890575,7.86064538806342,7.24392288764738,8.86072220062632,9.14055711755323,8.52670713038964,NA,6.7257220216082,NA,7.82583899274536,8.03870215655795,8.56790920440984,7.31344421319081,8.14030779313116,8.5022173125387,7.98740657721878,8.55896952124443,NA,NA,6.7417219618524,7.59600761621133,8.94058994512727,8.05233241944697,8.09074546842352,8.50560319877727,NA,8.51084967564097,7.50215933863672,7.44240537081257,8.5889618698328,8.49394623896872,8.35043643457649,7.35412023501881,7.79609029167722,7.58413153840332,6.98400517277393,7.09598933821819,7.62670517500426,7.67125797000808,8.93403791496822
1988,105.504213202263,103.549984303586,104.47228565974,101.959853233985,106.061322468562,106.52143286716,105.214669748946,NA,101.338838726906,103.753425235097,104.105988048041,104.450518368991,105.082607438089,102.916838426054,104.16545403371,105.767090501892,104.422617017039,104.803815128275,106.116896050657,NA,102.061259942991,103.410469042014,105.43618972709,104.447380587618,104.607109825844,105.558507232682,NA,105.275827244549,103.625041316797,103.307968944657,105.0261020979,104.739516026647,105.127709656766,102.582063981519,104.0361982468,103.504495866417,101.890540618904,102.768170330301,103.919999672546,103.506086368464,106.587506889116,0.100143856215192,0.102097985764906,0.0995791120902454,0.100135396021606,0.0893262651253105,0.098322081772216,0.103779830251814,NA,0.102163539541549,0.10132494555199,0.101643742529069,0.0953678753978231,0.105233695375873,0.0957152250523282,0.10140831770902,0.0996423771221505,0.0992918477592115,0.105203444899591,0.100035588319216,NA,0.09166657572955,0.101284911269702,0.10265243384982,0.101514860734976,0.104466340900477,0.105167161957819,NA,0.0909876336925168,0.100350551099213,0.0931921166780333,0.102047033670173,0.103073863478568,0.0971856368344561,0.0980168688772326,0.101480857482213,0.0922937999841457,0.0998958400371763,0.0999062836134084,0.0956344988817616,0.0937046475338971,0.091585079568405,86.2349517274459,84.646272338336,85.0931041638289,82.7081699050793,84.4648836560873,86.8946992031152,86.6233455240979,NA,82.4477612145859,84.7065466261027,85.1182920531988,84.2058145463426,86.7514878358922,82.7763670563751,85.1304443982888,86.4043175121285,84.9809094931798,86.462067318454,86.8207496844955,NA,81.0029235248767,84.3508812237111,86.6292387787234,85.4370277522173,86.1316249128275,87.2045075731887,NA,84.0830612184994,84.3903953873504,82.6234525016398,86.111879273769,86.012920363174,85.2819867749447,82.8977884912964,85.0432931442229,82.6200081725658,82.5735866520642,83.4504377959344,83.756736354497,82.9313518726255,85.5184675899471,79.7083752675955,78.3110978781632,78.5694267478805,75.6649365880087,77.0496750419261,80.2913227861282,80.2485766044312,NA,76.1166145434146,78.3311622860575,78.7538708717792,77.6142010549057,80.3498155208969,75.5118024020531,78.8669004244028,79.7980161124261,78.5640577285614,80.1827136395307,80.4311512759183,NA,74.0748479272987,78.0678011656421,80.4960618018386,78.9521520622446,79.9275002644562,81.0649341339785,NA,76.6222028856514,78.0112341827513,75.1774623724826,79.7902939227488,79.770810425168,78.3830306459142,76.0939200933507,78.0115022716652,75.0109465073497,75.9872870142312,76.9810128831208,76.6629626974864,75.5246174365724,78.4451563508211,8.84149921372852,7.92421328560094,8.28774780785861,7.10998855287658,8.64178761509685,9.2932483551663,8.85256825247726,NA,6.87933826306184,7.99638517125991,8.18492697494684,8.11004007271043,8.84766332338265,7.41170945179249,8.20465690019051,8.95697484592136,8.25034858539746,8.69548307598681,9.16000173344506,NA,6.91529948357152,7.82521301499129,8.9176416349544,8.35405173769821,8.55841552279758,9.10223143448356,NA,8.33779479612027,7.89677541480372,7.50876122386761,8.67465419760181,8.5685573205288,8.52024491417888,7.32725126099219,8.1493377467616,7.56909565759469,7.06700390739368,7.47129052211079,7.87197977557383,7.61502790949931,9.0006514484321
1993,106.040191590993,104.090113611206,105.086073383867,101.87973234728,104.215375255173,106.648760890381,105.630722771996,105.590364961233,101.941627152863,104.277679061132,104.464982930572,104.367315667493,105.62503243548,102.491078403934,104.498336188404,106.522441442702,104.858638582337,104.928018786087,107.577758133603,NA,102.33383935479,103.802921932417,105.38025873791,105.030508418807,105.309908950942,106.473682982405,NA,104.256358794917,104.262050784548,102.552779706926,104.94714834718,104.911327919853,105.752690756192,102.675508815385,104.434578623277,102.477195474091,102.180510307093,103.144359799049,104.500571339028,102.115227826243,106.776117326759,0.101513459186675,0.103044650625882,0.0999046855178008,0.100266692947221,0.0894063973173923,0.0992269540170772,0.103849405900321,0.0959900182132183,0.102585963493736,0.101525932088263,0.102014104183782,0.0963100191083463,0.10557111073607,0.0929623409080387,0.102458823503614,0.0994653733013522,0.099759227379581,0.106464558239749,0.0998252880739396,NA,0.0916796191338678,0.101888638317092,0.105538328581684,0.102847431231648,0.1049362686617,0.105448647121637,NA,0.0904616722509491,0.100970311459893,0.0900932711706746,0.10213271614135,0.103862021755163,0.0991632496542139,0.098629429519414,0.101938955083476,0.0876462318439642,0.101303854349524,0.100394026814657,0.0968550550464309,0.0917847191542993,0.0917189442336219,87.0283855362717,85.3583163472349,85.7662028787083,82.6542576502781,82.6347295896047,87.1973734164778,87.0486595407968,85.492175676211,83.1285167584714,85.2647104523533,85.5416720052837,84.3163021421588,87.3486629460501,81.7492111878532,85.657435652111,87.1206331865131,85.5049247294858,86.7997307160577,88.2371847239616,NA,81.273070687702,84.853072332472,87.0872558642039,86.262923098781,86.9192054117473,88.1680211355827,NA,82.9359196491712,85.142639010909,81.1512622838757,86.045874986743,86.3249548527033,86.2963985931232,83.1087263141731,85.5216282602772,80.4826552731236,83.1299420401727,83.916775878695,84.5880600382866,81.1068622056085,85.7339940890872,80.6514730151694,79.1359101223588,79.3608536187973,75.6061160619228,75.3454436583266,80.7423595376726,80.761724207996,78.5343286853156,76.8361515374995,78.9926598638543,79.3209400202984,77.9075060609209,81.0748649284673,74.4775917007532,79.4850804835598,80.6163726712155,79.2052852840311,80.7018941807736,81.9318476071075,NA,74.4733853631396,78.6960508919436,81.1118215594173,79.9625374949741,80.709120516921,82.0625100563783,NA,75.5768414579726,78.888674114811,73.6469583021093,79.8187018837362,80.1831134099126,79.6596935846667,76.4928690862553,78.7103957478442,72.6992786057327,76.7041599947307,77.5945084947673,77.6532663902991,73.6969674962813,78.7645956234801,9.19066337814638,8.23136762852089,8.61244490228588,7.07747734756533,7.78630949822948,9.4064564319334,9.08003430707068,8.70174344646737,7.16759103779602,8.26621362805015,8.38128817831028,8.10487014896724,9.15902305163454,7.13893359858718,8.41647338099177,9.35058006118547,8.48873909579438,8.81701290759595,9.95044574032522,NA,7.02972581019927,8.0405413438325,9.02045163691729,8.71227618571841,8.95581080347698,9.62836434944709,NA,7.84307985916329,8.23579126722297,7.08606935463547,8.63625399816265,8.69263404362308,8.92726557370247,7.38793144377782,8.36762780164744,6.99101211885356,7.24073607455659,7.66506302401937,8.19604501956571,6.94641416634763,9.10109773120905
1998,106.438268092898,104.7042033283,105.51835905926,101.525026666822,103.103900726643,106.655897251009,105.928082790639,105.761937304521,102.668116035472,104.937089748172,104.961066658487,104.763863685271,106.091259022338,103.435745260283,104.976510367245,107.02822430471,105.223269050203,105.231913001923,108.410260478865,NA,102.700298917899,104.285599368215,105.26262166894,105.450487043388,105.909634114099,107.839785048173,NA,104.163103960159,104.794572764722,103.154422345785,104.963587938379,105.273221313694,106.212446715637,103.279626648312,104.920302268214,102.255982526618,102.583919583175,103.891632202045,105.101628057507,101.96945893869,106.569814617606,0.102410618834171,0.104721352035117,0.100541160658128,0.100626460498011,0.0896344821724303,0.10039819293394,0.105329482785134,0.0984429098027221,0.104105111787073,0.102717933437584,0.103018194572974,0.0975372230561367,0.106794618027906,0.0934278501953279,0.103392912293259,0.0997582690011931,0.100145923816356,0.106929061202957,0.101747473139056,NA,0.0942707696764517,0.102162946483718,0.108879953496996,0.104589213915615,0.105954823079469,0.103993113205794,NA,0.0922118980722391,0.102240135911799,0.0908876949608812,0.102412359214637,0.103790956460608,0.101718606160296,0.0999080064998331,0.102368419022925,0.0870745378746018,0.102441815177585,0.101662449843324,0.0980615000940268,0.0903992113503645,0.0927890641859757,87.5907219482265,86.2690077855654,86.3177029228076,82.3667188554038,81.5718531386007,87.427760661929,87.6010866006248,86.1615050878988,84.1246367081791,86.1402970417085,86.2186181639001,84.9611948583274,88.0184905623058,82.7851028086565,86.3042247167423,87.6770830480658,85.9418855161076,87.1800414596114,89.4317247161364,NA,82.2160420891406,85.3876484502022,87.5326416384278,86.9919009988182,87.6912836266572,89.2747683730434,NA,83.2394157035232,85.910636432009,81.9298696790798,86.1094754891471,86.6716018456407,87.2404190690061,83.9585563144574,86.0793526458433,80.1093784812614,83.7438583491073,84.8974675094018,85.4296923256795,80.6316491591517,85.7660525850207,81.3261824259743,80.2258183583877,80.0279608261477,75.3851285015096,74.4391301451492,81.1267038437029,81.5414559199267,79.4698458922123,78.0419108020141,80.0418451907586,80.1447235504491,78.7257313092999,81.9583273087875,75.7939388348088,80.2283871193134,81.3376564455103,79.7320710284422,81.1776980431261,83.3176601822032,NA,75.6490908971573,79.2278588174028,81.6926336720079,80.8986562487632,81.6518232968356,83.1794283024197,NA,76.1780356770069,79.7846500832205,74.6868798600926,80.0107096805738,80.610369844503,80.8555883098348,77.5672257413613,79.4924455418893,72.451898828355,77.4099945058219,78.8064332006836,78.6486769321042,73.2963907265649,78.9684564196754,9.4526178700153,8.61943527931315,8.86516059702598,6.92693109190307,7.3036583429115,9.46939621144893,9.31414567559469,8.89917318063649,7.56015291823395,8.65553059447126,8.68117710554697,8.34722672552133,9.47929360130492,7.56965137048814,8.70582648085848,9.6407561332891,8.69240695918911,9.00393003458573,10.5408237681029,NA,7.26224912542197,8.29508386376266,9.1110293540237,9.01546478512421,9.33458658110722,10.3392505464306,NA,7.860511539688,8.56037697035058,7.36518710552889,8.65607613302011,8.88209686686723,9.29440764759529,7.71357585218757,8.63534019244081,6.88469439883707,7.46623861590962,8.07558572287186,8.54370186181583,6.84833136307725,9.04720926508512
2003,106.991718183745,105.320409442849,105.798223924081,102.147889729633,102.805599978662,107.048972483645,106.293443568313,106.549782562461,103.229862796869,105.440378373752,105.430831242965,105.130745665256,106.518383399465,104.134741924162,105.599441958717,107.615051719588,105.788290898444,105.595194530104,108.835396584985,103.336264536258,103.244910952952,105.23103980811,106.218834737381,105.885591892726,106.467208012425,109.02635602938,105.599559850508,104.40773939453,105.45824860191,103.516043736964,105.166403311554,105.772623245695,106.373374411572,104.22203931426,105.652720347535,102.218925101837,103.074017894902,104.717281288762,105.941209489051,102.150699662381,106.648038571582,0.103799742812946,0.106129217496836,0.101759222231923,0.100576280336875,0.0902757557712137,0.100830404396335,0.10713248908105,0.0993958241198776,0.104880514197916,0.104579839528867,0.104632803356734,0.0997407977979995,0.107944784764993,0.0949767557148027,0.103932543906423,0.100355711654222,0.100788262303945,0.10797564930414,0.103306725060194,0.10405872323536,0.0965530775793395,0.102775656002915,0.108233160072272,0.106357558144333,0.10756080572729,0.103006282392159,0.105602261054077,0.0931057370856316,0.104307818469717,0.0923309589012529,0.103391057306421,0.104128044212586,0.104210916614926,0.101271990320657,0.103184702770253,0.0844171918090142,0.103542972033049,0.10380444066462,0.0992805969465852,0.0887007954686307,0.0929228766403254,88.3924774251176,87.1277066724918,86.8237755381462,82.9662171881601,81.419186611936,87.8996374796075,88.2713211127362,87.1350214868528,84.8194654117892,86.9759985752969,86.9752763741199,85.7651828299792,88.6333982831777,83.8126627057623,87.021754836947,88.3744203470748,86.6281721031131,87.7149920638359,90.1420164344276,84.7795810424678,83.2424722419205,86.4430576405614,88.3814491729474,87.7329096182371,88.5149628214048,90.2808323859743,87.3227381351449,83.6762479737929,86.9465868674367,82.6140062534839,86.4887746393285,87.2299209034952,87.850260987933,85.1577234456786,86.9494162439474,79.36247786941,84.4310477358685,86.1142314530601,86.5037657044963,80.3946804532964,85.8706016119604,82.2995459324494,81.2096756999803,80.687359037471,76.3201604723683,74.5178786791731,81.7049540521392,82.3912580645391,80.5544733750838,78.8837640605858,81.0297871471852,81.0432760688351,79.6615194173234,82.7567251426427,77.1091817056131,81.0347649660933,82.1762819537273,80.4960921349163,81.8577795494061,84.153191055536,78.7964506181908,76.8866708360838,80.3830013862956,82.5341092655673,81.7720960702944,82.7101828051407,84.2079474199704,81.2120368318487,76.8815997079119,80.994113483468,75.6702551396277,80.4955226051458,81.2274891663407,81.7080843605819,78.9464023911903,80.6852584408729,71.7916498220113,78.2387741831058,80.1694415412036,79.9595852361046,73.1641778185142,79.1631365124393,9.83604463315497,9.01483689096582,9.07005189667133,7.20545438756615,7.19229576266076,9.70869086802424,9.61098092520042,9.36264753070998,7.86376467713474,9.00827679596883,9.0054560491265,8.62580785402955,9.78356811964085,7.94545818025509,9.06460952700687,10.0005222243984,9.01853679509735,9.25533192182293,10.8908066437113,7.88729071205089,7.58090123368924,8.81329932213253,9.62444444475052,9.34060819915719,9.73312669606155,10.9876174549797,9.14522126788908,8.00478669215824,9.00520087194331,7.56880209131374,8.80619276971054,9.16891366992428,9.50775462515366,8.22733876638853,9.0601958890831,6.80405597156038,7.74035031477936,8.58585374451552,9.03129775281409,6.87837406754663,9.09268953079961
2008,107.396093265055,105.889219958048,106.267557831133,102.783176985384,103.400797167803,107.725766099065,106.601412467133,106.960987780709,103.967259554604,105.778684975518,105.758059170469,105.630327216163,107.077859271577,105.005616264092,106.323868852553,108.318745403479,106.486525666554,106.085911767542,109.019467177349,103.69046318198,103.665480161277,106.100537562183,105.938945925788,106.116844780962,106.870168370127,109.586443191123,106.792886054156,104.450951824783,105.903048836729,103.882285506651,105.876314151618,106.282358129888,106.508664712099,104.748729016469,106.554826918465,103.379477470096,103.345295070789,105.431432570431,106.912023449061,102.68547394201,107.380702130783,0.104528921027738,0.107542514752498,0.102401815541507,0.100797141264789,0.0915528636026877,0.100765908759236,0.109335684862365,0.099707397771589,0.106026560539624,0.106129636008183,0.106320850364308,0.101713815976755,0.109310669955183,0.0973688762948321,0.104540052527979,0.101039188897375,0.101176902504436,0.108617171393977,0.105600747130676,0.10585232741963,0.0987018709731777,0.103630188419958,0.111342483163687,0.10897207928795,0.109621775877747,0.103150008179711,0.105974941422149,0.0928576648845081,0.106375785560641,0.0937382227745508,0.105238398547936,0.105260248510633,0.105850843979363,0.101961310675442,0.104438041736121,0.0851191271620904,0.105025793159298,0.107447887571647,0.100053468431492,0.0883678858594364,0.092388698888542,88.923667900493,87.932583123361,87.4088610298082,83.6422138390542,82.3081340416733,88.5626178984537,88.9388916404492,87.6049179973855,85.7523757517038,87.5815459763822,87.5936043187098,86.638402682549,89.4118884788976,85.1761501105377,87.8526697412591,89.2049656535312,87.3986376808866,88.3087860052842,90.7317783643507,85.4476533127669,84.0971441537511,87.4629304986073,88.5951951920883,88.3976005682508,89.2530879548293,90.8655717872849,88.577718163836,83.6600833458341,87.7496375516741,83.2864497163024,87.5243291192675,87.9356367428431,88.2692333595244,85.8106501960638,88.068292765529,80.7029080925556,84.9634102965367,87.4590998697684,87.6194148776592,80.8396779478075,86.4796135386061,82.9470053930617,82.1609313056115,81.3864014717598,77.0879213987019,75.6222049046534,82.4006121843407,83.2575042710863,81.1082005543737,79.9636312568713,81.7770500518836,81.7982786898808,80.7129107361226,83.7163292754509,78.7883614835137,81.9281917908989,83.1204527790607,81.3212345041841,82.5468327843683,84.8666972492365,79.5797632192219,77.91186727133,81.562665087905,82.9912911810348,82.6298260541479,83.612377859362,84.8440917982836,82.5528544626295,76.9611564165443,81.9413500350257,76.6184331362347,81.6882700522012,82.0827602616118,82.2934759894657,79.7138345441894,82.0578203581759,73.3580585691699,78.923373836696,81.7053847104481,81.2504886544193,73.761002385793,79.8078967998919,10.1091860329025,9.40008226929978,9.35619373217416,7.50869697084229,7.48906726990864,10.0865458661679,9.90537795885404,9.60230634435852,8.2840104172025,9.26825357338224,9.2660034890698,8.97625465070891,10.1881626484936,8.46224420907063,9.49514724903405,10.4439944093028,9.41493789095923,9.56682663937464,11.1505872088998,8.13418186293915,7.85398872228755,9.32464107600999,9.61913374818315,9.60303654139328,10.0805428365823,11.3396142553683,9.83870564650965,8.01474609738945,9.35005917604906,7.78172376307939,9.27928465131244,9.50818501337929,9.66838632808811,8.52438597148938,9.62081578840207,7.28837543155333,7.92812378110291,9.13726706626858,9.59261880097645,7.08906224038382,9.44236104901833
2013,107.831194291875,106.159252121538,106.571220970468,103.181643836702,104.124822722561,108.399241624445,106.774218905438,106.781414827563,104.562084475539,105.940959018791,105.927517770952,106.244562136589,107.504367428977,105.970636231736,106.785534773887,108.764561456744,106.943790269074,106.375720915137,109.874310318402,103.988188793187,103.923205842043,106.446327277125,106.0160268597,106.53491546079,107.027550594116,109.842834438187,107.83460014638,105.032086665153,106.312193194934,104.72706445986,106.112098004025,106.65823738275,106.817790125752,105.395939244322,106.972188397214,104.59808505648,104.14285690308,105.649791848638,107.490816285637,103.630055739602,108.062613556834,0.104698250249299,0.108606360736288,0.103744728657422,0.101135597010891,0.0939368189541469,0.100383320340129,0.111883322187286,0.102072404437281,0.106943733891913,0.107350869557297,0.107572617936209,0.104804965347454,0.110641382449684,0.0995981413883517,0.105526921881644,0.101902822318151,0.101675869998356,0.109510691560122,0.106259863117019,0.108451251567643,0.101322798612142,0.105232795058165,0.11376484302369,0.110312590648679,0.110743676761693,0.104198621534611,0.107471599214926,0.0951950687841572,0.109489700842046,0.0953086258458438,0.106501358708718,0.107062958385355,0.107731278560202,0.103082575452681,0.106838371459495,0.0861882366749217,0.105596212547363,0.109814140265937,0.101027046588244,0.0902533496364121,0.091316627829631,89.3863266554489,88.3772289895563,87.9548635740724,84.0952018701665,83.5635331978368,89.1626061356362,89.512320838212,87.8723321259359,86.502249847331,87.9492863001265,87.9731832631315,87.8122298212842,90.0483257763355,86.5833791518565,88.4849802353683,89.8110373943256,87.946744601639,88.741871834451,91.6991848415993,86.1811244214527,84.8594530484526,88.0904806252225,89.0423073473972,89.028658044111,89.5865463046703,91.3102408620176,89.8689325877623,84.7468422817793,88.6733013464972,84.4654366114848,87.9756665749214,88.6174955929925,88.8944797412945,86.6614478305754,88.8964933465418,82.1980964090655,85.8575295036601,88.0604885712446,88.380538638865,82.2356402845611,86.913062477413,83.4816959829897,82.6984785950754,82.0477116267749,77.7825198665521,77.1375244319068,82.9892888738578,83.9950220925009,81.5528906270846,80.7935913638024,82.2475957677962,82.274031368765,82.0661615224481,84.4862053566968,80.3767537065244,82.660294603735,83.8142080362698,81.9708696331112,83.0675019659864,85.900601573019,80.4869293719696,78.8674250568976,82.3331548447179,83.560569292325,83.3913558425303,84.0635195849867,85.3504843520204,84.0227800238924,78.3036384372258,83.0543143651989,78.023149989268,82.2621293552083,82.9302515923107,83.0731206040776,80.6886299925386,83.1192791701419,75.0224515335992,79.9149775641086,82.5263360517132,82.1595842929709,75.3983834640936,80.2357376563364,10.3743093915758,9.60818209421174,9.59331195205032,7.70886968513282,7.89953172562714,10.4516829034977,10.1464931842943,9.6263615433781,8.63713671316203,9.41947617671305,9.42290775563761,9.46307066731066,10.5231365073617,9.05926763071404,9.80909103736492,10.7595212106852,9.69376755576652,9.78146546880869,11.7329071124765,8.39298376842054,8.07737650490586,9.59915012758102,9.78822897205858,9.91807237183278,10.2371079090622,11.5706094263615,10.5397815404196,8.3844405795554,9.74267277248609,8.24004198933761,9.47406549498609,9.81693308814638,9.947156722006,8.91475939430174,9.9886571027402,7.84155852903012,8.35962571676208,9.37404849053234,9.96805005950535,7.54973695992396,9.74113169200827
2018,108.286930456385,106.365947824672,106.791322442623,103.285586595441,104.555362752042,108.880494546444,106.978205164899,106.235203307535,105.051882172184,106.060904096552,106.052548063551,106.530993176521,107.675569796617,106.583843237481,107.298875780393,108.973409327185,107.092289178837,106.257009710257,111.340983124299,104.009930952,104.352290100038,106.584729777735,106.073951441944,106.815385990875,107.205164602585,110.299326106338,108.452724787227,105.401675600563,106.627222654029,105.132968527785,106.081661833945,107.064299812621,107.134029508418,105.854576791518,106.919760517437,105.378585417293,104.907787828158,106.01094257912,107.892704626459,104.153003738519,108.812413777545,0.104728061782433,0.109430646467276,0.105205455670976,0.101047109682937,0.097182749903263,0.0995672296661213,0.11389425164015,0.104655951329767,0.107251568980735,0.108000689973219,0.108134052610167,0.106258920223597,0.111473909672814,0.100941202129749,0.106010559502526,0.102574186159835,0.101441876323107,0.111108166167963,0.104477628721963,0.110925590374216,0.101934042012016,0.107561037490478,0.116610202856757,0.110567638438267,0.111393164939407,0.105436836405207,0.109043354297202,0.0970131353436269,0.112167786867117,0.0953164398684143,0.107881023152878,0.10864247682433,0.10963546732876,0.103104544671489,0.108307730814447,0.08620718032852,0.104013186111529,0.111425654033334,0.101603960146307,0.0906776532862875,0.0889726586087633,89.8448513273384,88.7158060326483,88.4317408962449,84.1754037742393,84.6784938180295,89.4858076215081,90.0209251207321,87.7922362186621,87.0433351012713,88.1771987526635,88.1909703362581,88.3500500837643,90.3486672212082,87.4541076350827,89.0804350836878,90.1428760608733,88.0503072065746,88.8754495913314,92.8546194435214,86.5993333085099,85.401470266428,88.6249964492,89.5154654296465,89.348027665942,89.8660111714697,91.9819583464168,90.7441745118429,85.492796312046,89.4080876888783,84.8694814920786,88.1769204191798,89.2854382601063,89.5201133897807,87.1222130145875,89.0881076415062,82.9803443742639,86.3427693974759,88.6757146813498,88.8883880288967,82.8551188496807,87.1042001971576,84.0069898169828,83.13198189801,82.6455576194386,78.0317228995245,78.5055974366345,83.2800796199985,84.5999207217663,81.6275760962542,81.3604002692215,82.5156435127787,82.5315243686928,82.7076919844177,84.8616747189633,81.3477091994104,83.3184110281812,84.2086819257441,82.0909472921948,83.3041870495145,87.0062189845944,81.0432658984534,79.4878066358991,83.0226537318079,84.0981963014117,83.7663970355417,84.3705104437517,86.1507239847208,85.0232179899808,79.2510570933037,83.9451031619586,78.5182332723396,82.5374618639581,83.6915717690714,83.8439038770307,81.2009314038086,83.4109003968813,75.8788084534273,80.3645574096594,83.2238077933391,82.763312140984,76.13258805502,80.3020262726055,10.6478483619936,9.77098564396495,9.79509674292399,7.75454429650019,8.22901522653919,10.6820821642772,10.3832551226802,9.45310472369831,8.91724413217962,9.52048430243673,9.52245099085428,9.70049777604272,10.6778956097133,9.45625902311945,10.1344138266071,10.9271115442164,9.76434828425763,9.79462253261409,12.5530056591382,8.5061457895807,8.31770341965396,9.80025293186691,9.9713818589536,10.0994546641225,10.3820948390655,11.947432302481,11.0163843280971,8.64523896171313,10.0724727857655,8.43839011529,9.52620844285184,10.1420360356098,10.2401640786741,9.16369921306848,10.0379705675947,8.18996191185133,8.69609914446949,9.66473484038893,10.2304360102855,7.79737014129421,10.0028401240677
2023,108.706847557958,106.685841982263,107.142441305472,103.511751311541,104.996806878911,109.399500391585,107.251969705836,106.086184142043,105.610446434639,106.279006602709,106.28955931458,106.968710314379,108.036718167916,107.25345439525,107.831313166671,109.413504505989,107.413217698917,106.394275611854,112.399231395274,104.228654343048,104.759048789588,107.022184014539,106.296633350322,107.170508896576,107.5028009848,110.828089001751,109.203686972591,105.727578548383,107.100065056782,105.597371772908,106.275834853594,107.502109058466,107.448853071639,106.362667035853,107.240315541954,106.1264612046,105.399646689435,106.426902698099,108.459876545825,104.652484037664,109.461010006432,0.105193591802258,0.110555508727698,0.106365872019076,0.10123102683972,0.0994754634571695,0.0992724287558361,0.116046058575609,0.106602809547353,0.107959811875083,0.109010322604044,0.109162863101751,0.108158295318565,0.112574661629961,0.102377457629138,0.106796861362749,0.103248947165346,0.101698306011019,0.112258390410731,0.104397754365276,0.112931406599453,0.103380684355092,0.109211213674064,0.118916937159651,0.1116802974307,0.112625738029536,0.106365745700837,0.110131671395712,0.0983991371144771,0.114668481693264,0.0958838065510023,0.109129712172183,0.109965122522386,0.111599395406634,0.103743241373047,0.109888356528687,0.0861726097041813,0.104575751095042,0.113569426943479,0.102525534436833,0.0910558125291125,0.0875511382093442,90.3444632161106,89.2145236896623,88.9817917805355,84.4350361592952,85.5769529889656,89.9467540875313,90.6078318377452,87.9791419034631,87.7192314733671,88.5604252280094,88.595565393616,89.106330186636,90.8777838790907,88.3905007155057,89.7457603249109,90.704634308725,88.4180895411838,89.1896536555069,93.8982600153184,87.1268830604994,86.0725984123492,89.3332710588623,90.0584900635745,89.875996665062,90.3521556769602,92.6700833549042,91.669660989809,86.0970464061072,90.2553688295904,85.4509767290746,88.5750905038797,89.9357872671302,90.1433334815168,87.7439644547915,89.6637554022554,83.7165760068497,86.9334739746452,89.4183477492477,89.6240029326726,83.4401672000353,87.3986710646108,84.5829369290245,83.7078271023887,83.2917138296679,78.3488968385099,79.5705366021593,83.7379612181515,85.3178985519902,81.9409010442006,82.0938308357643,82.9636734151809,83.0082433592889,83.5711959654486,85.4841120103468,82.4038837598387,84.0546114434482,84.8430909339254,82.504102813312,83.7023641860701,88.0604786031745,81.6760288080502,80.2659239319007,83.8315029921913,84.7633408111849,84.3824138227944,84.948440641192,86.9069231231912,86.0128313235425,79.9914385110991,84.9294715537246,79.2057520455498,83.0211233366049,84.4401243531209,84.6042326976099,81.9041506485082,84.1010590567477,76.6739626349228,81.0181799171321,84.0783380305809,83.6122615112376,76.8140408647027,80.5341039181353,10.9312532084213,10.0204465342332,10.0620932458872,7.87106815187379,8.54458489021317,10.9690453671874,10.6778865450108,9.46665443620308,9.26158388230529,9.6982080625986,9.7122739801974,10.0581145702229,10.9714112175534,9.90655445046602,10.4969073021065,11.2390530750736,9.95963113247386,9.93689365819367,13.2512161273214,8.71145276912644,8.58845386921471,10.148114597775,10.2320241407119,10.3772273757755,10.637477094211,12.3589425416451,11.564697582239,8.8742349978159,10.5027652404174,8.69408611341864,9.70234710824348,10.4819066715579,10.5445573396224,9.47566691936015,10.318160452292,8.53143696371426,8.9856656500172,10.0257997521703,10.6170199979329,8.03957184552426,10.2602673192147
2028,109.145455763407,107.00923183336,107.496395210108,103.733913912684,105.421653453475,109.92414733325,107.547766683146,105.953558642334,106.172453044133,106.491330955158,106.525166155794,107.408958164595,108.396726726003,107.964044892961,108.388231516556,109.870153058131,107.724709721331,106.545406800519,113.422225581898,104.46817214518,105.174631124426,107.43113420308,106.544189126662,107.543180474835,107.824534753075,111.371229648421,109.955034806071,106.05759839213,107.588441872338,106.093088173536,106.480249060742,107.943763781218,107.780086795404,106.875691142547,107.561000965471,106.875619139855,105.877118083058,106.884193238101,109.046109069044,105.139965697898,110.095288940938,0.105652664742259,0.111691409859864,0.107522001659959,0.101445332529605,0.101790209774267,0.0989674254622822,0.118196991742255,0.108590916150814,0.108676987767628,0.110066088096081,0.110201301397035,0.110058914443958,0.113714386106123,0.10382496341821,0.10755353203838,0.10393289689187,0.101966382654508,0.113444082841494,0.104381460956864,0.11501802430658,0.104816493832059,0.110949805606292,0.121221839367227,0.112687216588093,0.113849176290938,0.107285044590575,0.111266878465488,0.0998049489915939,0.117167659208252,0.0964222356420211,0.110379236426492,0.111279420233434,0.113571776833361,0.10439836625866,0.111490242248213,0.086198375532513,0.105096805775325,0.115657279865291,0.103436496701983,0.0914035632523051,0.0862479079138927,90.8612541776149,89.7149316690625,89.5298108146095,84.6965076561726,86.4425445434801,90.4109397067255,91.2053842072067,88.17718980644,88.398596718808,88.9422517978787,88.9971961803371,89.8544291931295,91.408561157351,89.3629655562254,90.4287943200583,91.2832014708247,88.7784840010506,89.5195994353928,94.9179471258029,87.6763014383656,86.7434814327205,90.0189417484912,90.6139353106902,90.4021710986591,90.8570866741249,93.3683236610646,92.5994375404787,86.7019127693686,91.1020824002931,86.0570222199956,88.9790855470566,90.5837844845947,90.773730549765,88.3724003308997,90.2357573390095,84.4702073594024,87.5017170316879,90.1821979543063,90.3741222403896,84.0060172478474,87.6981221502023,85.1673685285639,84.2827776931995,83.9314326580086,78.6599792772259,80.5912800994811,84.1995035929292,86.0401710260545,82.2622013311164,82.8285163918875,83.4096867314909,83.4807285859442,84.4228517527491,86.1024221225332,83.4814338436285,84.8041061393304,85.4899870681882,82.9086167490966,84.1137475638516,89.0916456110105,82.3286465021378,81.036110612476,84.6158738563065,85.4385386940981,84.9875472601833,85.5405352679121,87.6683910588801,87.0071713802175,80.7207195938695,85.9079659098254,79.8996269016482,83.5074754580464,85.1808558320779,85.3642960371995,82.607766105603,84.7821820635147,77.4801043963102,81.6393529003372,84.9470932449921,84.4643633287323,77.4614923164597,80.7717644793589,11.2313961701288,10.2785397591145,10.3374539134829,7.98823266169522,8.86791543653547,11.2620001308288,10.9946753245694,9.49029103131155,9.61872038829044,9.8783274231804,9.90555745816158,10.4302848418823,11.2733867063299,10.4009329514072,10.8826623931299,11.5689247269822,10.153001722154,10.0917345476225,13.9491369689768,8.93826446195275,8.87313500860026,10.4951284098089,10.515172179025,10.6664878758066,10.913345693942,12.7897431947488,12.1357702387895,9.11373795566821,10.9599662559432,8.97157140741273,9.88813724465138,10.8336509357969,10.8687058795059,9.79986445182099,10.6073110261112,8.88559025223933,9.27289244155771,10.4226547915287,11.0264560390735,8.2813355939677,10.5153564053545
2033,109.579831012682,107.344681166371,107.86216239377,103.956819264843,105.850776666976,110.444593303327,107.847716435375,105.859250827828,106.724032705324,106.709242683712,106.784130553944,107.86165986971,108.774685999724,108.648605301436,108.930833874574,110.324255165224,108.054224392238,106.686842959527,114.472974421395,104.686133036347,105.619843167199,107.85298592887,106.808815087227,107.935353108174,108.152701665357,111.914368075808,110.706470166352,106.380534347593,108.072766374212,106.57310687999,106.681008337884,108.388186957607,108.130255827775,107.413989748977,107.894833797065,107.583160238241,106.35295183767,107.352543874492,109.624864629233,105.614818851128,110.740824460646,0.106154023505032,0.112856118942399,0.10869871682454,0.101650452067373,0.104113089780885,0.0987005840398188,0.120359450434179,0.110582831806848,0.109418562367643,0.1111556802246,0.111244814260777,0.11200501110584,0.114873257976767,0.105289785778488,0.108360385613302,0.104633287242175,0.102221422176376,0.114606041857812,0.104386518567946,0.117132782512021,0.106354430266836,0.112714293708623,0.123629795351646,0.113710570753809,0.115105231849743,0.108221761289724,0.112417658492255,0.101213576116154,0.119725185637428,0.0969730242783507,0.111661135587802,0.112575749631818,0.11557253433245,0.10506811924526,0.113120658983474,0.086150006566626,0.105628385027508,0.117850655962663,0.104337598232334,0.0917896187042931,0.0849408131410752,91.3806615605063,90.2282256881966,90.0890748102417,84.9569360853468,87.2943888642746,90.8781452982101,91.7979795239133,88.4023258022864,89.0700135522295,89.3317864308093,89.4199171612673,90.6116377908671,91.956831812082,90.3053648576827,91.1040985583851,91.8607093758355,89.1543521984051,89.8327541528251,95.9692483158496,88.1971102620608,87.4546724946091,90.7129625837525,91.1881870718794,90.9476972076368,91.3694671571194,94.0668468644353,93.5282041128172,87.292930145131,91.937741964463,86.6491650820585,89.3800589302402,91.2271591480068,91.4171586325761,89.0274558736166,90.8182046238886,85.163267866314,88.0693246152511,90.9610094996654,91.1124519232874,84.567869399821,87.997660180538,85.7494085154236,84.8694923129728,84.5769212306277,78.963870608476,81.5885579206954,84.6655801462066,86.7506805206765,82.6050616352892,83.5534058647677,83.8628240094546,83.9726858776746,85.2796830547035,86.7347847133278,84.5221383534986,85.5457727376979,86.1321348262935,83.3245894254157,84.5042903411578,90.1524061226508,82.9492749728206,81.8451386706152,85.4050419732715,86.1254445935916,85.6084131677281,86.1361131673653,88.4279365567568,87.9962173716185,81.4247241902802,86.8716227847004,80.5676903608235,83.9889569512501,85.9099914971876,86.130228946057,83.3312853268822,85.4708336580231,78.2126084501276,82.2565405081771,85.8297925906541,85.2953631777435,78.0962477933671,81.0039199300894,11.5375734928038,10.5517915409306,10.6282340144846,8.10690050973704,9.20899317663886,11.5583641787517,11.3232488675936,9.53519188871338,9.98147788215859,10.0670080777596,10.1170032289046,10.8259467982295,11.5952641564342,10.9014288204953,11.2730777396325,11.9056579323416,10.3589065954213,10.2417369934556,14.6861543374189,9.16040312318395,9.18908561979023,10.862815872044,10.8225760844278,10.975886397207,11.2015804082353,13.2325384768025,12.727334605719,9.35704873667085,11.4352255585555,9.24890908031516,10.0771727779525,11.1960108919841,11.2161490014866,10.1484590746133,10.9141500444815,9.22537714928935,9.56684066693481,10.8468998806125,11.4429415192867,8.52470056192668,10.7742482195444
2038,110.012303306932,107.68933655403,108.229291443392,104.179218375489,106.27497374111,110.977705384656,108.158115035411,105.75753528611,107.291322055546,106.953587119572,107.028454387556,108.360989088454,109.115102653947,109.387373570072,109.519244781177,110.793888231056,108.394593053915,106.829143187877,115.528796656321,104.93616342736,106.055583545061,108.312380664188,107.093121875048,108.333593463858,108.480278951312,112.454114019633,111.522497530634,106.698656287544,108.610410738823,107.060096801095,106.88065971927,108.848769322344,108.488682853166,107.931263405606,108.250193003123,108.333089778104,106.819097641191,107.795272465028,110.234853906384,106.109313635392,111.367652358719,0.106656379383913,0.114016497681443,0.109906375718857,0.101907376508964,0.106488626119945,0.098404096672765,0.122561774793696,0.112583994674155,0.110150960596856,0.11219137913714,0.112325830451984,0.113907560939233,0.11608336825813,0.106688845488312,0.109099808195429,0.105334117920025,0.102480619230578,0.115785913546553,0.104431242687965,0.119280403440214,0.107828704676654,0.114480243406809,0.125978787815939,0.114705992977022,0.116416168077756,0.10916477244527,0.113492198742563,0.102626592950503,0.122299523537992,0.0975643012660629,0.11295090575307,0.113929945228374,0.117587167416828,0.105713912732621,0.11479284939984,0.0861769308255907,0.106226713731046,0.120014148444137,0.105263338265858,0.0921835325619019,0.0837250002258699,91.8977609784568,90.7465728973835,90.6506048426555,85.2264171618695,88.1319680041936,91.3518109965139,92.395932092168,88.6101943409522,89.7541124725861,89.7361778048794,89.8307515350403,91.3986470806288,92.471675698324,91.2838572984717,91.8124766596179,92.4522979511066,89.5417155584568,90.1460099071418,97.0326893297865,88.7437065709086,88.138299055995,91.4363798297834,91.7631179398973,91.4925798905333,91.8851905742614,94.7603831664744,94.5065582605263,87.8728212038015,92.8142824787842,87.255613602648,89.7766754686128,91.8909244837335,92.0609348518053,89.6560228623234,91.4213982788447,85.9186261584994,88.6378350914754,91.6988747650043,91.8838008336958,85.1507852830814,88.2930298581574,86.3229886607362,85.4558319285289,85.2225092609126,79.2756114984725,82.5645800183623,85.1360524022474,87.4616283092068,82.9265557569048,84.2885631482359,84.3267851901031,84.451831532461,86.1606916115216,87.3299188180627,85.5897556835963,86.3124302985879,86.7851251870107,83.7493549684129,84.8923704192195,91.2254578219938,83.5937598585537,82.6189040926529,86.2194288295931,86.8058929316824,86.2223462707746,86.7340885585119,89.1795986293028,89.0299179582439,82.1086964375623,87.8707679602227,81.2418461652674,84.4619124521803,86.6571987147329,86.8901331302262,84.0221144321174,86.175445485374,79.0046497614054,82.8750317441804,86.6660529727859,86.1540844368906,78.743204517193,81.2322673017366,11.8485065486765,10.8369841428218,10.9290485902417,8.22882482458088,9.56507600219653,11.8637045420891,11.6697009230594,9.57545641334756,10.3635941863366,10.2724109706821,10.3257858594082,11.2625280366303,11.9024523489753,11.4516712306564,11.6988393200027,12.2598264679552,10.5744818371898,10.3955046894482,15.4487782317603,9.40950934537907,9.50773152988494,11.2663778105143,11.1476487587122,11.2946643356324,11.4992643717042,13.6840127705847,13.3775337605436,9.60522291795778,11.9653085482383,9.53938834636405,10.2696387164235,11.582626816216,11.5796995568682,10.4925123760129,11.2455987800275,9.59864919979067,9.86587297029905,11.2669518894402,11.8931849800155,8.78421206399663,11.0272918178933
2043,110.436073001689,108.021234870168,108.602110437921,104.390564387896,106.752659881131,111.512487301171,108.494414319282,105.677240421279,107.863360075265,107.181169526243,107.303512073173,108.849152931195,109.504616477319,110.124796900129,110.063426658359,111.270422653008,108.72659553154,107.018511991764,116.595379910647,105.177844805356,106.498563913474,108.766305428175,107.389841740501,108.714726100271,108.811707595696,113.007931218572,112.286918679521,107.035533092584,109.168038567496,107.539344962734,107.096158535343,109.324620942211,NA,108.461777281375,108.603940662058,109.016753224759,107.295864090711,108.306207266765,110.815106252738,106.567229679681,112.038179523005,0.107161182763607,0.115221172693462,0.111079094339136,0.10216337589389,0.108884605300102,0.0981312341007717,0.124796971912964,0.114618359007782,0.110852436305129,0.113264882801548,0.113381234043911,0.115893331330658,0.117271430481382,0.108152756821426,0.109883105409653,0.106018458421909,0.10275770351484,0.116957628521694,0.104521251787931,0.121378228966931,0.109327407348445,0.116300509465707,0.12846970992758,0.115729774536952,0.117707670849026,0.110086754667238,0.114677181313856,0.10405118722928,0.12489064211783,0.0980963399041504,0.114219978609517,0.115222373514624,NA,0.106407245102465,0.116470817668409,0.0861749213977763,0.106857615382204,0.122207358439913,0.106231687843067,0.0925632957790915,0.0824763735956762,92.4059402044204,91.2551444770942,91.2082487848899,85.4846804526468,89.0083834723201,91.8315078413648,93.0138121375841,88.8335951795735,90.43665220909,90.1265967313324,90.2653333716644,92.1770958357136,93.0290679048229,92.2656951451703,92.4820755635673,93.0464533469948,89.9238406286637,90.5018105019066,98.1149384328903,89.2649683971063,88.8264555803635,92.1541430165485,92.3564090636106,92.0219988115604,92.398001931026,95.4620642060806,95.4465418058899,88.4665928167944,93.6989815283597,87.8412933654021,90.1816484973523,92.5562583355189,NA,90.3047564590992,92.0167570665638,86.6003307461131,89.2213899520055,92.4983735010721,92.6301129833692,85.6934450683059,88.6131182495456,86.8829319643325,86.0317127398228,85.8581691785698,79.5682170894209,83.5727444615347,85.6136727826105,88.1879292573464,83.2603528931391,85.0173912678814,84.7765197264012,84.9511747132111,87.031634429193,87.9608913678237,86.6570007216785,87.0409130757586,87.4366452200917,84.167190930113,85.3192192814925,92.317900052935,84.2067185954601,83.3944852151148,87.0253631441581,87.5110155630296,86.8188837930207,87.323205462861,89.9354127758144,90.0275214871869,82.8002103539407,88.8732460083048,81.8836441042255,84.940893627133,87.4003072250983,NA,84.7300977078087,86.8684370169072,79.7174870299201,83.5070561175601,87.5606856137997,86.9832060346036,79.342610495928,81.477526358008,12.1597472350691,11.123100216917,11.2386603941267,8.34665595778929,9.96899196100423,12.1752070202109,12.0448479806313,9.62928451849523,10.7575071932877,10.4734175378454,10.5563337633869,11.7117660958282,12.2482436192701,12.0270427838913,12.1095352518558,12.6249083630221,10.7893280169799,10.5810230821226,16.242081214494,9.65801259847427,9.84263334488743,11.6822655288354,11.4975922037292,11.6110289497953,11.8047126039724,14.1540179326252,14.0198102396724,9.87196594537606,12.5293609962381,9.82996160642498,10.4744527838466,11.9858353767208,NA,10.8564081870316,11.5849750845662,9.94584320209562,10.1802545110364,11.748985138354,12.340103021532,9.03104070414434,11.2996039257551
2048,110.868343268774,108.378915835609,108.97848193325,104.619773825036,107.245432635479,112.017404809266,108.829146828033,105.63644908651,108.462677022041,107.412260572081,107.578568583182,109.354221952183,109.887717415458,110.893698033683,110.632090455724,111.754036278924,109.063225548773,107.213782763831,117.684292533874,105.450108434816,106.964281795983,109.251189694144,107.689769865119,109.091861944058,109.155520677663,113.574155838774,113.068781123209,107.356602821755,109.751599089487,108.030582250318,107.295675790896,109.795872364111,NA,109.006714905948,108.952053042418,NA,107.78325546421,108.79799558323,111.415398663524,NA,112.678567256036,0.107625365973282,0.116381165690141,0.112295938860305,0.102416681658408,0.111285588783928,0.0979263929106237,0.127085046609703,0.116666106694274,0.111581764313686,0.11434509361515,0.114443793503134,0.117833165838784,0.11847153483356,0.109579090832942,0.110712208736191,0.106730685649665,0.103039732800577,0.118145583887748,0.104683875203775,0.123565181918626,0.11082967506357,0.11809617234978,0.130946561043511,0.116784673321219,0.119025730799717,0.11106288579004,0.115830013356315,0.105474584283623,0.127519625762736,0.0986365944572036,0.115550225282014,0.116542333020656,NA,0.107069934042138,0.118164982632565,NA,0.107437355952491,0.124480927418208,0.107196793285074,NA,0.0812595626292831,92.9152010622393,91.7795048697981,91.7724567272545,85.7600760198499,89.8835757845684,92.294778269926,93.6266217565991,89.0878307224357,91.1494040665989,90.5185045710403,90.6980553071695,92.9563441041282,93.5784542294207,93.2664632671823,93.1817379350441,93.6510044499344,90.3113010681259,90.8625376071772,99.2323212264114,89.8186044697104,89.5313541080522,92.891329261687,92.9401885772937,92.5493015222514,92.9229447445462,96.1822120340102,96.3957278936868,89.0375752455828,94.6008865061574,88.4396541013777,90.5753833352618,93.2168276318955,NA,90.9613293690559,92.6019628013786,NA,89.805778559619,93.2786231012803,93.3930791106597,NA,88.9017096048529,87.4375868515059,86.6192321162268,86.4980711565484,79.8757721407245,84.5723819804056,86.0778661076122,88.9057311081158,83.6212653150585,85.7768503065171,85.2258575769969,85.4475387589078,87.8963921479592,88.5800021837533,87.7387924016265,87.7973864060477,88.0971238761468,84.5883028143513,85.7486310801026,93.4481373493871,84.8522527756022,84.1823494985289,87.846622608754,88.1959802565288,87.411188065223,87.9224325155985,90.7095973818676,91.0328746702898,83.4623606178006,89.8884485823763,82.5326891880512,85.4084844056595,88.1348955887948,NA,85.4405203914294,87.5469916741906,NA,84.136124365736,88.4346129659788,87.8239591466381,NA,81.6890486090586,12.4792091263098,11.4297043369943,11.5608070114196,8.47506951320753,10.3996612043038,12.4766203796844,12.431338762225,9.70710304529271,11.1811901318328,10.6806549720972,10.791845795673,12.1838646760841,12.5977893855917,12.6423954309853,12.5501371982301,13.0045935988437,11.0103978847159,10.774335324027,17.0784681482216,9.93683535833024,10.2025328618751,12.1300139192179,11.857348698457,11.9334990432227,12.1268322949854,14.6482240000924,14.6910283387864,10.1370483269802,13.1339013891273,10.1349117946911,10.6764991483818,12.39827900332,NA,11.2367087262037,11.9300117704456,NA,10.5056800513448,12.2383609241141,12.8124569039027,NA,11.555737552037
1903,NA,NA,98.6365345356496,NA,NA,NA,97.2549702407893,NA,NA,NA,NA,99.8319868787361,NA,NA,98.2382529705661,98.1789759825258,NA,NA,NA,NA,NA,NA,103.116106294846,NA,98.3045294614708,NA,NA,NA,NA,NA,99.5275251682019,101.06339494659,101.755305407924,NA,NA,NA,NA,NA,NA,NA,NA,NA,NA,0.0810734123722091,NA,NA,NA,0.0771151746165028,NA,NA,NA,NA,0.0852250337106568,NA,NA,0.0864236792567175,0.080124696869103,NA,NA,NA,NA,NA,NA,0.0765693750818192,NA,0.0788604841807856,NA,NA,NA,NA,NA,0.0816346056558264,0.0889114785878611,0.076582921338838,NA,NA,NA,NA,NA,NA,NA,NA,NA,NA,75.547547434961,NA,NA,NA,72.9050274010428,NA,NA,NA,NA,77.8106321664661,NA,NA,77.1181861947817,74.99945154879,NA,NA,NA,NA,NA,NA,78.9300314957018,NA,75.0015098964669,NA,NA,NA,NA,NA,76.5642712223296,80.235345731864,76.9253541682327,NA,NA,NA,NA,NA,NA,NA,NA,NA,NA,54.95869747774,NA,NA,NA,54.9385972639302,NA,NA,NA,NA,59.722995474096,NA,NA,49.8506796944691,53.1418948366632,NA,NA,NA,NA,NA,NA,55.8912792283849,NA,47.0872809060352,NA,NA,NA,NA,NA,56.5636935515525,58.6665002076504,62.9544554700479,NA,NA,NA,NA,NA,NA,NA,NA,NA,NA,5.63749970027049,NA,NA,NA,5.16863552808737,NA,NA,NA,NA,6.06237913182908,NA,NA,5.66295252324679,5.51612973898439,NA,NA,NA,NA,NA,NA,7.19068924869534,NA,5.62907456334752,NA,NA,NA,NA,NA,5.93154269557359,6.64070883050503,6.5573822952914,NA,NA,NA,NA,NA,NA,NA,NA
1908,NA,NA,98.4623873794447,NA,NA,NA,97.5147952030894,NA,NA,NA,NA,100.212633699249,102.798235320961,NA,98.5109271619565,98.2073402653759,NA,NA,NA,NA,NA,NA,102.447584561205,NA,98.6283484356114,NA,NA,NA,NA,NA,99.4626142468373,101.175529828201,102.371237756495,NA,NA,NA,NA,NA,NA,NA,NA,NA,NA,0.0822247953157298,NA,NA,NA,0.0780449748918028,NA,NA,NA,NA,0.084348740557777,0.0626803535348925,NA,0.0869872546762386,0.0806345402751537,NA,NA,NA,NA,NA,NA,0.0807497365536624,NA,0.0799500438687831,NA,NA,NA,NA,NA,0.0825692384339009,0.0888362068150737,0.0767938001106416,NA,NA,NA,NA,NA,NA,NA,NA,NA,NA,75.6244937573276,NA,NA,NA,73.3692580972065,NA,NA,NA,NA,77.8440133591384,73.3032040575419,NA,77.461882726168,75.0836617308749,NA,NA,NA,NA,NA,NA,79.5124557021663,NA,75.5887992946957,NA,NA,NA,NA,NA,76.6418232177697,80.2614889567452,77.5788473433902,NA,NA,NA,NA,NA,NA,NA,NA,NA,NA,56.2160552857226,NA,NA,NA,56.6597864780736,NA,NA,NA,NA,61.4953828175234,46.3500433064641,NA,51.3652571831341,54.5358721845666,NA,NA,NA,NA,NA,NA,56.9759251610356,NA,48.7885523860938,NA,NA,NA,NA,NA,58.583605860522,59.885782527663,64.0662623478998,NA,NA,NA,NA,NA,NA,NA,NA,NA,NA,5.57107547160734,NA,NA,NA,5.2281859561991,NA,NA,NA,NA,6.16110564447,6.95133116056228,NA,5.74291094457734,5.50698803174473,NA,NA,NA,NA,NA,NA,7.01946634236854,NA,5.72152438485647,NA,NA,NA,NA,NA,5.89105344473603,6.66591039507045,6.77467806455963,NA,NA,NA,NA,NA,NA,NA,NA
1913,NA,NA,98.383462051036,NA,NA,NA,97.9404439254209,NA,NA,NA,NA,99.8762671674439,102.608246138827,NA,98.4157239660409,98.4018257638267,NA,NA,NA,NA,NA,NA,100.924878318431,NA,98.7069975647592,NA,NA,NA,NA,NA,99.7092884275376,101.266814738322,102.412756571714,NA,NA,NA,NA,NA,NA,NA,NA,NA,NA,0.0833424248251266,NA,NA,NA,0.078988549720017,NA,NA,NA,NA,0.0846769624185467,0.0643213324731591,NA,0.0873141420924118,0.0813113352895639,NA,NA,NA,NA,NA,NA,0.086966932272108,NA,0.0816329013393709,NA,NA,NA,NA,NA,0.0833591646604007,0.0885366762292511,0.0779343148084293,NA,NA,NA,NA,NA,NA,NA,NA,NA,NA,75.809794072439,NA,NA,NA,74.0029842309337,NA,NA,NA,NA,77.5258916932127,73.8811244438932,NA,77.3702581622512,75.4104868293237,NA,NA,NA,NA,NA,NA,79.5083444006309,NA,76.0389922748326,NA,NA,NA,NA,NA,77.0151263565694,80.1950743652527,77.9438063303297,NA,NA,NA,NA,NA,NA,NA,NA,NA,NA,57.308376077061,NA,NA,NA,58.4874742830595,NA,NA,NA,NA,62.3436940798472,46.9906612897189,NA,52.7220728667081,55.7941103069291,NA,NA,NA,NA,NA,NA,59.8683534555676,NA,50.8155698198162,NA,NA,NA,NA,NA,60.4894893929389,61.0791503214064,65.1266941581316,NA,NA,NA,NA,NA,NA,NA,NA,NA,NA,5.541614890008,NA,NA,NA,5.34301659751652,NA,NA,NA,NA,6.02922572549011,6.90083658770052,NA,5.69210201363209,5.55926224076535,NA,NA,NA,NA,NA,NA,6.52248130866677,NA,5.73175647683611,NA,NA,NA,NA,NA,5.96428348531438,6.67654146207482,6.80231757005269,NA,NA,NA,NA,NA,NA,NA,NA
1918,NA,NA,98.7828215896949,NA,NA,NA,97.9186436126321,NA,NA,NA,NA,99.6927540823788,102.032843510347,NA,98.1945276434788,98.3049801922949,NA,NA,NA,NA,NA,NA,101.185250782201,NA,97.8948928881056,NA,NA,NA,NA,NA,99.2827055632873,101.155391002657,101.323111849835,NA,NA,NA,NA,NA,NA,NA,NA,NA,NA,0.0835716167459375,NA,NA,NA,0.0800284959015552,NA,NA,NA,NA,0.0842432080002603,0.0659595064739206,NA,0.0866222008480033,0.0820954240093063,NA,NA,NA,NA,NA,NA,0.0853435557191948,NA,0.0833109454889692,NA,NA,NA,NA,NA,0.0841245920765294,0.0879484166529345,0.0796695085229218,NA,NA,NA,NA,NA,NA,NA,NA,NA,NA,76.3923944024961,NA,NA,NA,74.4096808558247,NA,NA,NA,NA,77.3253296618497,74.3416299575729,NA,77.170630579151,75.7168098925872,NA,NA,NA,NA,NA,NA,79.332157224561,NA,76.2231022724056,NA,NA,NA,NA,NA,77.0053975718337,80.0855655456111,77.4566115398491,NA,NA,NA,NA,NA,NA,NA,NA,NA,NA,56.9049126814294,NA,NA,NA,57.9495651146061,NA,NA,NA,NA,60.9513408571439,45.8221839632354,NA,51.1529255223722,54.553907277552,NA,NA,NA,NA,NA,NA,60.0829560192069,NA,46.8557718454296,NA,NA,NA,NA,NA,58.4866572991053,59.3921401207608,64.0775983952157,NA,NA,NA,NA,NA,NA,NA,NA,NA,NA,5.69805772498254,NA,NA,NA,5.36041510034022,NA,NA,NA,NA,5.97792852893604,6.77768528767398,NA,5.64549959497803,5.56597306695141,NA,NA,NA,NA,NA,NA,6.58560468259662,NA,5.57712343505001,NA,NA,NA,NA,NA,5.86295252412795,6.64879581312916,6.44834482640521,NA,NA,NA,NA,NA,NA,NA,NA
