parameter,year,mean,min,median,max,nmissing,eltype,std,pc975,pc025,pc85,pc15,pc75,pc25,mcse,ess,rhat,ess_per_sec
B,1903,0.04924394349614661,0.03104282484289632,0.04892723118355277,0.07317693666130078,0,Float64,0.005381401702295206,0.060905988179176127,0.03956609684826539,0.05463110994076421,0.04380297095437443,0.05246424513083136,0.04556517731541404,0.0008324557827553408,1961.484595965504,0.9995073292259097,0.01089840788298564
B,1908,0.044515133432834,0.03183193304145976,0.04419814747487872,0.06350160972372224,0,Float64,0.004237032867071858,0.05375190573573949,0.03692762465961452,0.04890847470555461,0.04029268400430566,0.04718347070864326,0.041579533179708056,0.000760692544092377,1783.0577072017925,1.0014792122672864,0.009907031751335798
B,1913,0.03897344823745331,0.02813027459770527,0.03878723479920787,0.05299630744732869,0,Float64,0.0034836671909066965,0.04623251436126307,0.03269275682804093,0.042610836490381124,0.03541225022240598,0.04110572011768437,0.03661320746659458,0.0006805040593483332,1774.581232095425,1.0015468805786327,0.009859934729361128
B,1918,0.03413351013501814,0.022841456361583214,0.03397094823954318,0.05026665002550295,0,Float64,0.003031487510716362,0.04042494883138234,0.02847006554437832,0.03735484770398088,0.031014724441034338,0.0360863047117723,0.032113442405989366,0.0006194310591608725,2010.2218503827166,1.0011216336684186,0.011169201994154367
B,1923,0.029500993458030176,0.019928763708038904,0.029432682439538244,0.04509836596343351,0,Float64,0.0026146291844864494,0.03481798394389331,0.024601098610864205,0.03215473893895102,0.026821411920083683,0.03121602834950972,0.02769404854786439,0.0006094367233531663,1814.8675006175397,1.0012219424701574,0.010083773441804021
B,1928,0.02557887610530813,0.016873592945550013,0.025569825216044232,0.036014708271226284,0,Float64,0.0022738021014171157,0.0300407179857777,0.02121783995933134,0.027924578139254065,0.023255121242848772,0.027054324603828343,0.02403282841717604,0.0005901690159550438,1866.1951324446495,1.0006981605021692,0.010368960217407635
B,1933,0.022158408805273474,0.014480293770849823,0.0221584588558848,0.0299048664259324,0,Float64,0.00199209843428669,0.026092691594838603,0.018297561911688076,0.0241627933287754,0.02012303232549141,0.02348096356854252,0.02084138537341931,0.0005945342431159433,1766.6366106285957,1.0015244743937228,0.009815792794522831
B,1938,0.019591249269132534,0.014141842629350131,0.019549009653831953,0.02717603072766244,0,Float64,0.001756537767169217,0.023183357253728384,0.016275311078031603,0.02138418636342278,0.01782634570368246,0.02072973799699465,0.018369274870963553,0.0005520785726598138,1638.2073164791082,1.002003982287879,0.009102213480851957
B,1943,0.017250276241530242,0.012394953958110005,0.017148623409882536,0.02386186270524423,0,Float64,0.0015445736628816307,0.020550704366789078,0.014479699295220212,0.018797215833127937,0.015675952531048126,0.018226766095382086,0.016194954353838595,0.0005497443935675673,1767.161933041042,1.0012526465481866,0.009818711592831361
B,1948,0.015163907649751006,0.010970874938876725,0.015045348360169257,0.022737289505904566,0,Float64,0.0014142305009497865,0.018330218173636545,0.012662488021720467,0.01657254048291576,0.01374626244048261,0.015990357197330805,0.014217867895875072,0.0005771244888516367,1653.0788199532328,1.0022101050422063,0.009184842582822789
B,1953,0.01242335418769018,0.008984288078608592,0.012371582956834146,0.018109758606956083,0,Float64,0.0010994281073455914,0.014731516152196358,0.010475002792063101,0.013533144987133832,0.011275188909920858,0.01313564084697737,0.011653733300114492,0.00040360283075872475,2121.6960387563263,1.0015586759987887,0.011788575287128083
B,1958,0.010169114835586043,0.0069820244110885225,0.010135907623258729,0.014330631116101215,0,Float64,0.000927711332714404,0.012091538292046384,0.008438332964713186,0.011117066276449473,0.009220460649945092,0.010764497663071835,0.009534746209370813,0.00044074697238690304,1861.8411984992435,1.0023071190752344,0.010344768873702866
B,1963,0.008398390322325746,0.0058491704831167435,0.008360438220353091,0.012678241780172588,0,Float64,0.0008262634786415274,0.010168997504481673,0.006868957875669882,0.009218455606610654,0.007563692806714809,0.00891712138711878,0.007833148495259606,0.0005105866256197633,1543.8311948309024,1.0025213778670417,0.008577840528725797
B,1968,0.006930854755741347,0.004454965724580121,0.006899326065663048,0.010258285741868794,0,Float64,0.0006895131160232067,0.008372718654781017,0.005644336055417576,0.007620078296123696,0.006243601824152518,0.00736834348514774,0.006458852184010931,0.0005464116013250013,1687.1345784299954,1.003355514708084,0.009374063312573924
B,1973,0.0058342870710489745,0.004162562454807575,0.005803074347857734,0.009187593350145554,0,Float64,0.0006014271046117744,0.007092933265281794,0.0047279435084054905,0.006442704188318272,0.0052255994662025644,0.006210664376382961,0.005432768025546227,0.0005451225884494171,1760.9559066562126,1.0027902470497903,0.009784229646343708
B,1978,0.004832668643620265,0.0031091268827150155,0.00482044655307967,0.007261120218124949,0,Float64,0.0005402505642004531,0.005913973712341093,0.0037958293436045403,0.005386851055979329,0.004279624290021145,0.005185005199798182,0.004471205688735233,0.0006569221789452801,1164.2181185318746,1.0044702179262042,0.006468632966386872
B,1983,0.004139691543048253,0.0023563078784829897,0.004128499153420986,0.006569333537345105,0,Float64,0.0004970990076801243,0.005139539078183252,0.0032205508623142504,0.004633489422188855,0.0036457826904505958,0.004447399926038095,0.0038069803323513515,0.0005992475555994212,1398.437425162348,1.0034809605908788,0.007770003134156405
B,1988,0.0035987581437392307,0.0023255644528173028,0.0035843023305710143,0.005355410965816426,0,Float64,0.0003926252677028436,0.004427134796179477,0.0028937921494536466,0.004004439571043214,0.0031953484209755515,0.003850625553599089,0.0033227608661057268,0.00042810185655468125,1868.9565059788074,1.0010255615841495,0.010384302971133274
B,1993,0.0031281424887338897,0.0020606709720118596,0.0031151994358031886,0.004680483499219282,0,Float64,0.0003284438622609948,0.003828161063607196,0.0025168006310206446,0.0034596644203175103,0.0027973421255203658,0.003337001961434608,0.0028990732489148022,0.0003021133868770719,2702.2680471701374,0.9997087764691004,0.015014351602757717
B,1998,0.002678049729968564,0.001721796169193614,0.00266390165619273,0.0041460896624646885,0,Float64,0.00029513039291781493,0.003307949280196531,0.002145512023861599,0.002971204502573914,0.0023817303714666316,0.002855350426019938,0.0024751048888952483,0.0003397437681053935,2627.1930978063765,1.000577343704188,0.01459721989464047
B,2003,0.002276205104244157,0.001422154649440861,0.0022674194648078564,0.0034301124475303838,0,Float64,0.0002688676843308026,0.002838060849580001,0.0017780123690574858,0.0025510165380953458,0.00200641927756588,0.002440968703697666,0.0020932482193304885,0.0003859889028836643,2613.873320894152,1.000627722634326,0.01452321250146574
B,2008,0.001948842991370495,0.0011461011767000177,0.0019345669205529025,0.003233667844673056,0,Float64,0.0002449778043469316,0.0024669384907988826,0.0015046006266771243,0.002199229841447507,0.0017013259902539752,0.002099886316265635,0.0017791900666179958,0.00041329774305318395,2673.9235008481996,1.0021786196375186,0.014856863530860522
B,2013,0.0016509300910141891,0.0009806465410562805,0.0016301921180004496,0.0026197058784835996,0,Float64,0.00022541373979045504,0.002135633330049989,0.001259474860426406,0.001886717999134949,0.00142389946405022,0.0017927623619657333,0.0014944229645969189,0.00048717622036791594,2421.503637987042,1.0019649412218883,0.013454367366023663
B,2018,0.0013477602386096738,0.000670145535278548,0.001324853918802792,0.0024762671482935384,0,Float64,0.00023799579978996666,0.0018790776949270803,0.000937602413883008,0.0015918363552190143,0.0011094210187420689,0.0014947335865183782,0.0011805848737889437,0.0006415886263357756,2115.8294964331935,1.0012022439463097,0.011755979583225128
b,1903,1.2780902968880152,0.8815260626023325,1.2711234276171142,1.824503515966591,0,Float64,0.118763092933979,1.530198654792174,1.0655738751191737,1.3976236734987715,1.158535528786395,1.3532000814277965,1.196384143873617,0.0019397774616423653,2953.64413680655,0.9998855364231789,0.016411048350987376
b,1908,1.3081766898812452,0.987136187125062,1.303636851423418,1.770235591898269,0,Float64,0.10124699623957191,1.524831012915861,1.1296685725178528,1.4109490690255806,1.2036710777368116,1.3719064789566444,1.236449374146273,0.0016491643603034091,2649.3818088031744,1.00026956245704,0.014720504891799348
b,1913,1.3253189397140832,1.0028344030028165,1.319796751844093,1.8425085594580928,0,Float64,0.11421372051591033,1.578875192851809,1.120850887430489,1.4422847956601237,1.2060993356289973,1.3980500385284478,1.2470929077207256,0.0019512828098048626,2485.446556617216,1.0016844619091112,0.013809647244281985
b,1918,1.2467300654981441,0.830246227784601,1.2389017037209498,1.833811138917711,0,Float64,0.12151842528164687,1.5020021153567233,1.0250217355495888,1.3711353668551947,1.1237646166592725,1.3221460700973249,1.1652679060546065,0.0019864765790039243,2733.8290564007843,1.0015311658601123,0.01518971099762717
b,1923,1.2301727990926943,0.8761267391721294,1.2252256559019932,1.7279755781299604,0,Float64,0.11284483134913129,1.4709999241937277,1.0201396353389525,1.3447767930477086,1.1154639999434381,1.3008932381959095,1.1540677101273027,0.002092441866816181,2443.9020556351416,1.002113580801362,0.013578817536045158
b,1928,1.2455607619282651,0.8436661094864932,1.2421999884857193,1.7298783199746535,0,Float64,0.11112078788702201,1.4784523363284914,1.0424429017036705,1.3600865592018576,1.1326677064845843,1.316854253249147,1.169276886712874,0.0018657422677779412,2382.0699656533966,1.001712329542146,0.013235265851640098
b,1933,1.3558257502923723,0.9833653073267102,1.3462855256285462,2.040713638682652,0,Float64,0.13028087335223093,1.6366202112099462,1.1329870230821957,1.486796566571924,1.2241960400843213,1.4362165824948987,1.2661459935862385,0.002150166773051142,1759.5891791289816,1.0027551635868206,0.009776635829860363
b,1938,1.3482372659515303,0.9472692023587194,1.3391252533183482,1.938014621552917,0,Float64,0.13134745085458385,1.6356793861458665,1.11999569190586,1.4829686244844267,1.2154712719441234,1.427819732581983,1.2570037563199583,0.0022915962126216723,1666.636602074556,1.0016547503895685,0.009260172381410425
b,1943,1.2427234192946082,0.9321479661813721,1.2337846374643755,1.8052735808414342,0,Float64,0.10850993861546585,1.4809885253501556,1.0509048390997437,1.3540784386145424,1.1324322643238138,1.3083726930456203,1.1687745638611888,0.0019351905628803517,2010.0249022525002,1.0015957563456124,0.011168107710233247
b,1948,1.089966161920703,0.8071580260476183,1.0858628143668367,1.4605501745426042,0,Float64,0.08351941206737731,1.261954941962623,0.9325021391061046,1.1742529406181266,1.0044576706986275,1.1441953038263726,1.0350735249926972,0.0013565618894611615,2995.2683895188743,1.0006512550213282,0.016642321176079375
b,1953,1.0700028932384427,0.8170960456427089,1.0677379458257144,1.395227644893102,0,Float64,0.07469057947921726,1.220954341642392,0.9332931386971962,1.1470888897662312,0.9927550306997439,1.1187132023393995,1.0176264947288076,0.0013452306044654065,2520.284765641794,1.0012415872471414,0.014003215428627409
b,1958,0.9977497435024452,0.7609520834509721,0.9942962668356661,1.2850603682232125,0,Float64,0.07441571787990613,1.1568905739674573,0.864881091382067,1.074007677699343,0.9196257650893629,1.0464353678748863,0.9454683397163756,0.0016582463046064153,1946.6505351578535,1.0018865590146089,0.010815986820095158
b,1963,0.9635630187742983,0.6806515571282703,0.9583177403816556,1.300209801889355,0,Float64,0.08769745110087449,1.1442872594625557,0.8082055719766413,1.0565784123400292,0.8710065602257001,1.0217431054831887,0.9014595928607559,0.0025574274159681455,1309.9074451435163,1.0029853811850145,0.0072781125355239566
b,1968,1.0896676277652222,0.7751944075837174,1.0846112618951784,1.587113976207923,0,Float64,0.09958712476452612,1.3000512485397562,0.9096095129422923,1.1889429455620868,0.9866445750547606,1.154394052052464,1.0217837895651358,0.0021456067611129743,1969.1299126930012,1.001440245606559,0.010940886819737048
b,1973,1.263471587677692,0.8679108600939321,1.2578988707253325,1.9206301950126272,0,Float64,0.11760111303450822,1.511202875363549,1.0463696537547702,1.383600584139601,1.1441890983734766,1.337032841731715,1.1818511598664045,0.002270856406249935,2224.210226217195,1.0023968008424928,0.012358164990274062
b,1978,1.583251976299651,1.1121272027670759,1.5695789433880107,2.698146795408533,0,Float64,0.18091599959692442,1.973641593292084,1.273435415051371,1.7658272802074224,1.4033578803098343,1.6905814156073045,1.459208707263068,0.003817036636419763,754.9308004544325,1.0077513490628347,0.0041945492733943155
b,1983,1.613245113210589,1.0875747362254344,1.5940874719026017,2.4938508470173306,0,Float64,0.18943921204650027,2.0415763348031613,1.291752824848526,1.8060636998578232,1.4265495273448512,1.725453104131547,1.479815217778849,0.003173101390434546,1190.9199570796306,1.006388563593148,0.006616993819343676
b,1988,1.4492835435921385,1.0346918407353811,1.4432528170682821,2.024612778024834,0,Float64,0.13609390516224107,1.7378743796547773,1.2042084908976298,1.5888706324769972,1.3115842449211508,1.5350230820593185,1.3559925299658144,0.001729054834907799,2791.5544257198594,1.0007101281702717,0.015510444905672773
b,1993,1.3943474397999445,0.9723428942102349,1.3880708083911002,1.9611520263234266,0,Float64,0.12803424055978638,1.6597882081205957,1.156478585087783,1.527631862057821,1.2645135383456239,1.4802598801645093,1.3066374924362074,0.001727895267572773,2576.838533049669,0.9997907660327157,0.014317439677850808
b,1998,1.4576222763200417,1.0593156121538552,1.4523544154136996,2.123225996828377,0,Float64,0.13806657491202762,1.7484441003072897,1.2017128112102637,1.5989124244783466,1.3169915094280022,1.5448043734875876,1.364672139106132,0.0018843473979296911,2593.952112311273,1.0001433976891425,0.014412526209508713
b,2003,1.5854422481054629,1.0025597847175638,1.577914178106224,2.333589478650254,0,Float64,0.16394845147134537,1.9373473218793773,1.285698789004793,1.7503093440419992,1.4157416892986274,1.6893634490779443,1.4745202660718284,0.002109549439891773,2368.114536873596,1.0017692763531902,0.013157726647234897
b,2008,1.7087329445634902,1.0841232741093227,1.6982512263066891,2.603318896936648,0,Float64,0.19154876754400826,2.112367358812392,1.3621239330585089,1.8992167818250236,1.5159775393406076,1.8289580857184053,1.5786226250811177,0.0022139628636572667,2522.056598652518,1.0017556390615014,0.01401306009367914
b,2013,1.862284149887846,1.1997906412153816,1.850668233571887,2.7615638004107663,0,Float64,0.23555489615778705,2.3741688822579117,1.4418698311445335,2.1069069232967883,1.6161813305826132,2.017624961634358,1.6967369753598813,0.0031052967566035246,2081.598707426212,1.0034124917493215,0.011565786348202106
b,2018,2.2792257871028507,1.3046317975770003,2.2449802498484246,3.9347528134818304,0,Float64,0.36760220566815016,3.0948007503119723,1.6629251548862258,2.6555560675186243,1.9003435075577857,2.4981978609387556,2.022487158118047,0.004771944798523232,1279.7953652415354,1.002692251194653,0.007110803687087498
C,1903,76.90080454033921,75.25931116278176,76.90837295332973,78.30342637162546,0,Float64,0.3612718457799683,77.5974824813495,76.17291939729918,77.27339888341967,76.52462858661214,77.14271183946579,76.65933106091481,0.00021977020913679034,2289.417297389697,0.9998286734323469,0.012720468757509611
C,1908,77.67304736809528,76.66439060097711,77.66474664917342,78.88429649324728,0,Float64,0.3162304512540208,78.30411775951443,77.06403880938441,78.00377990577394,77.34636357361227,77.8861098135874,77.45458612187332,0.00018140112769206098,2276.2092199076264,1.0000281220875429,0.012647081989117057
C,1913,78.10359105181344,76.94823426247346,78.10123800304024,79.42463852530307,0,Float64,0.33552961070734505,78.76558775053105,77.45128661875941,78.45635186337663,77.75036648017243,78.33328747614101,77.88048258750045,0.00018477167945294865,2262.4921784207663,1.00027297765781,0.012570867313060397
C,1918,77.15396318536357,75.41090932222511,77.1567800669672,78.39104935221286,0,Float64,0.4000597635517747,77.92844592943214,76.35763710718865,77.56854135720947,76.74707559030942,77.42822967155554,76.88718343848146,0.0001996325526154371,2320.001193522233,1.0015957970101772,0.012890399113011165
C,1923,78.55440841924846,77.34160208262972,78.55163528328157,79.88309803358008,0,Float64,0.3150026207761754,79.16971259060564,77.94960061803928,78.88249453803164,78.22842309963958,78.76573694460419,78.33602822900244,0.00018808866210738752,2043.9889391897232,1.001618322298592,0.011356818816431073
C,1928,78.59892587876071,77.44882823560333,78.59920381116898,79.77048296706796,0,Float64,0.3098695618170022,79.1954996388327,77.98992964027047,78.91710596640932,78.27654145958033,78.80926265341942,78.38791555185006,0.00012590247197006484,3038.603049818013,1.0008527403565493,0.016883097374058218
C,1933,79.29973212240984,78.26269226346636,79.29926884237531,80.37601897522025,0,Float64,0.3027644983682688,79.88553366125265,78.7174312447593,79.61760529674572,78.97871985224133,79.5054150771203,79.09300134536721,0.00013762667247342844,2782.8375399031474,0.9996984083722937,0.015462012112830381
C,1938,79.63848427231646,78.65639834037931,79.64299229990384,80.7548269114301,0,Float64,0.2861781045313927,80.19682038416346,79.07851167678093,79.93105873674173,79.33880070298589,79.83593011262508,79.44676425594238,0.00012972902320149417,2364.5428349028816,1.0001172604760475,0.013137881543687628
C,1943,79.79699738857111,78.73741481376838,79.79217068034504,80.73013050491384,0,Float64,0.2637058142747993,80.33357692725903,79.28667791185497,80.07072198297631,79.52926933429336,79.97310101412904,79.62171350648336,0.00014507620120159443,1988.5549503108894,1.0014841446230904,0.011048816284764468
C,1948,82.04209905749511,81.0412626722694,82.04697644513715,82.94778645974047,0,Float64,0.26381141383826023,82.54395819491204,81.527590651669,82.31544935953778,81.76773167610102,82.21940503750038,81.86489928568554,0.00012115867732305288,3480.893103262821,1.0006112980061026,0.01934055098595179
C,1953,83.27749018428342,82.62895067932077,83.27771819906236,84.06449951880751,0,Float64,0.202774634107754,83.69023477077141,82.88309476069259,83.48561340256805,83.06887796451754,83.40986989725985,83.14078096597389,0.00011218996890383757,2788.0844687857048,1.0005669206225314,0.0154911651182696
C,1958,83.6355453138465,82.89817369653662,83.63253781469047,84.42207087312771,0,Float64,0.2165206378913204,84.0649822257434,83.20546490842415,83.8573255565759,83.41379559457269,83.77871766385232,83.49226633712273,0.00010020867146943301,3274.2052343205705,1.001137220237454,0.01819215109291621
C,1963,83.84709336347156,82.86167734724735,83.84365250168392,85.03637583840577,0,Float64,0.2825090500482287,84.39688539876181,83.29358888974022,84.14209621532389,83.55276058219808,84.03936566357508,83.6606655853513,0.00015418347896916702,2699.70266248082,1.0014988851053157,0.015000097802968284
C,1968,84.40299150092314,83.50254561739823,84.40302527126349,85.21195271476688,0,Float64,0.24052214292441715,84.87086444306915,83.92570188165578,84.65319950851736,84.15472514979092,84.56818710379164,84.24193310160939,0.0001109176769769213,3355.568973015176,1.0008249174970696,0.01864422459530433
C,1973,84.8336233197237,84.04205230832093,84.82931461466345,85.66825816674125,0,Float64,0.22459945973966414,85.27734029893479,84.39751794970313,85.0664542472246,84.60534493753612,84.98091327337247,84.68279365063313,0.0001007815402807078,3698.4167515311838,0.9996702155721501,0.02054915667569304
C,1978,86.35315564551698,85.58004160237685,86.34992662877245,87.17955133005708,0,Float64,0.23067473693087914,86.81421796876779,85.90145331869424,86.58958733357592,86.11941295138251,86.5104300812348,86.19611624475016,0.0001563877985265831,2009.1842659786298,1.0022189492859412,0.011163436963895133
C,1983,86.73435750644754,84.89259750456843,86.73303691464318,88.35709078126997,0,Float64,0.4209395537580903,87.55100278297553,85.9237136994689,87.16828687871879,86.29353409722627,87.01350151709525,86.45248439256217,0.00011540140395874677,3734.1596308224107,0.9998610326994263,0.02074775139228135
C,1988,87.23796001450627,86.38371327589188,87.23865149073859,88.10700383480453,0,Float64,0.2384374906615588,87.70656182490755,86.75935454863891,87.48769972706398,86.99206431353127,87.39546321533882,87.08101090624467,0.00011242554917086324,2749.337007414251,0.9999018400750428,0.015275876331742846
C,1993,88.13001924709513,87.32536854129039,88.13026215710471,88.95018863842895,0,Float64,0.21809286526966462,88.56441655297229,87.70943050000105,88.35707474037547,87.90960581677523,88.27358080223951,87.97887359217972,9.627370606956912e-5,3323.4011836893715,1.0010930249246794,0.018465493806651866
C,1998,89.27605186969205,88.3099106946718,89.28340109342767,90.31223295921095,0,Float64,0.24222778276353596,89.74871217833704,88.79636519057038,89.51760513583054,89.02379429992169,89.44150085532232,89.11290363171308,0.000102291261086703,3730.3439726791485,0.9996858369323782,0.020726550818556306
C,2003,90.34403666718526,89.25667673003069,90.34304289565796,91.43747363226761,0,Float64,0.28069331134423076,90.89719123060026,89.81019253686762,90.6312937258342,90.04790540318947,90.53365970372587,90.15034626789522,0.00011405857101184813,3107.3835139969306,1.0006202909486699,0.01726525564057978
C,2008,90.88402433176927,89.84277755407219,90.88215408281522,92.05257571730213,0,Float64,0.3115987418535761,91.50272956633378,90.28081228068102,91.20590435044694,90.55753354953747,91.09507839962394,90.66809069974661,0.00010945696354035241,3433.289697265208,1.000234921639737,0.019076056767517217
C,2013,91.74198826289799,90.79172744999127,91.73981753622601,92.73631576931615,0,Float64,0.25079959757856085,92.23987361224508,91.24275647098888,92.00020564552622,91.48645743900518,91.91372844435622,91.57675534518806,0.0001229665395367651,2593.092490875116,1.000615925198332,0.014407749977742492
C,2018,92.86907869848757,91.89031749615269,92.86427946139239,93.88874459441533,0,Float64,0.2694393225166809,93.40654692953798,92.36215933806874,93.14815079178007,92.59093123187911,93.05048886474873,92.68409992159489,0.00011968524156555436,3266.529785727701,0.9995694288452508,0.01814950473738426
c,1903,0.07673695151043805,0.07254746890547736,0.07674100827682502,0.08025717170597853,0,Float64,0.0010587130423459783,0.07881939341598275,0.07464278812061116,0.07780583554775024,0.07563589935758153,0.07744961308565884,0.07601236729366666,0.00030239075242507974,2317.766028454112,1.0000666906989562,0.012877980080688257
c,1908,0.07686136389658116,0.07356399101309088,0.07686470889750674,0.08007791110164532,0,Float64,0.000851974537076048,0.07854788052796288,0.07517948943798468,0.07774033104957245,0.0759796106348194,0.07742039779224218,0.07630274381381309,0.0002488911021049831,2291.1639086671685,1.0002691088062494,0.012730173285474836
c,1913,0.07782688341542883,0.07438645463925549,0.07782543255713983,0.08106087774553021,0,Float64,0.0008667168636554817,0.07954370655408002,0.0760725139783422,0.07869989939577965,0.07696107239345618,0.07838067714310352,0.07726353214800857,0.000249169468672026,2346.216678798041,1.0002871113327112,0.01303605768814034
c,1918,0.07976865020044786,0.07583654661671707,0.07977761024027756,0.08345089671090446,0,Float64,0.0009410064644412992,0.08161564071004619,0.07792205489934743,0.08073919992307986,0.07881210156348843,0.08037800832967767,0.07914619970056096,0.0002501593719732944,2507.2140538238123,1.0006293863296265,0.013930591891839853
c,1923,0.08149949061016586,0.07844059329682747,0.08147937854151638,0.08514529854714192,0,Float64,0.0008913231207157899,0.08325559048417067,0.07977492581180992,0.0824278060698006,0.08058267457566232,0.08210000465245126,0.08089638656965228,0.00024482882583951694,2093.024356848374,1.0011296323343695,0.011629269583291916
c,1928,0.08318576449693352,0.08033357260321763,0.08316634231166961,0.08664049658368045,0,Float64,0.000863845922545522,0.08489443442718617,0.0815161132663641,0.08409368438203582,0.08228620882340812,0.0837694294995175,0.08258690266478078,0.00016847738407309824,3076.498273058838,1.0009239413993103,0.017093650951967923
c,1933,0.08452688925315242,0.08154118559275145,0.0845277817270007,0.0877180705518948,0,Float64,0.0008457800498668107,0.08618343596561787,0.08288032309598409,0.08540363227768805,0.08366671178565133,0.08509039009873606,0.08395196414725545,0.00017572207647337365,3088.7699201636015,0.9996313780069324,0.017161834722474636
c,1938,0.08608947981297133,0.08316057079266066,0.0861008290599036,0.08930475706464056,0,Float64,0.0008766791732804445,0.08777632371291592,0.08434975508228529,0.08699029808653602,0.08517689614407283,0.08668998686526234,0.08549388183456082,0.00017977220379009225,2394.401141491284,1.0003377687521362,0.013303780375911426
c,1943,0.08912026865016154,0.08580798558085913,0.08913186044867615,0.09206946559705585,0,Float64,0.0008927009729997253,0.09080033287547301,0.08734834954985367,0.09004263418998167,0.08818333878403053,0.08971660038867556,0.08851850113398296,0.000195749488104209,2059.996772245008,1.0007687027407262,0.011445761596974989
c,1948,0.09335084245998264,0.08957589853678968,0.09335659923477495,0.0971055128688953,0,Float64,0.0008696268364371936,0.09504265300972178,0.09163541774247543,0.09424780767080577,0.09246241548863557,0.09393892572706314,0.09277238135875504,0.00014630909207430032,3791.0535945179818,1.0006075988250898,0.02106386584136215
c,1953,0.09789895961371012,0.09494192859779328,0.09788778612002433,0.10104789341623946,0,Float64,0.0008063633353637455,0.09947514613929309,0.09635318069960806,0.09873443702920107,0.097074277048924,0.09845131834795255,0.097345850785242,0.0001526936372703139,2857.0747871766926,1.0003173513893369,0.015874489377531463
c,1958,0.1006114308979392,0.09694735986608859,0.10060580304960237,0.10380013587922525,0,Float64,0.0008616266612143081,0.10228931611172663,0.09895701657572695,0.10149619296800398,0.09972359454157613,0.10117831847702445,0.1000374964900972,0.00013428035228774964,3387.1749678226906,1.0008694578352222,0.018819833939200434
c,1963,0.10056297196405758,0.0971427198867049,0.10057661119991412,0.1043480285727705,0,Float64,0.0009790654803109812,0.10243214422008295,0.09858972269849879,0.10154782978578587,0.09955045289297622,0.10123093802806887,0.09991509606624861,0.00020201089170696697,2701.849063872736,1.0009690038870718,0.015012023646228959
c,1968,0.10264861426235557,0.09972675883084701,0.10263840777856204,0.10598054539713193,0,Float64,0.0008873173694296834,0.10441165642678463,0.10093649593870035,0.10356837937838856,0.10174355447929037,0.10324654630806913,0.10204690712571497,0.00014847438010850156,3563.4664187278536,1.00032566986371,0.01979934514321378
c,1973,0.10303053913926342,0.10024772632523272,0.10301842177730039,0.10625560991472738,0,Float64,0.0008664264254002789,0.10478622754951934,0.10136847375284957,0.10389980778363658,0.10215987680706565,0.10360846675463117,0.10243534585050093,0.00012818716146330208,3925.587580402483,0.9997079974646216,0.02181136406556891
c,1978,0.10008859003002916,0.0968348128198866,0.10008838589335517,0.1037930798141716,0,Float64,0.0010120471685065358,0.10212322335981253,0.09813873625225855,0.10113949656983415,0.09901497573652172,0.10075049437143306,0.09939789416314798,0.00022142405223070117,1980.7253061613992,1.0021417056455515,0.011005313187317112
c,1983,0.1027032517715319,0.09837923941616955,0.10268820350237595,0.10692305339680151,0,Float64,0.0010885369863153187,0.10485179646810606,0.10059065856504348,0.1038183559644553,0.1015974824476996,0.10341442005879352,0.10198613069028814,0.00015874208647804932,3825.128087500406,0.9999263181100637,0.021253190663842136
c,1988,0.10463225207017907,0.1014476746247505,0.10464001516410215,0.10828865849984808,0,Float64,0.0009049617805238009,0.10641837183587874,0.10289935967080062,0.10555366393201947,0.1036772188957858,0.10522509025562424,0.10399546826965754,0.00015845670378638962,2721.842665977878,1.0000537439586874,0.015123112171339041
c,1993,0.10522473772231017,0.10206192567454354,0.10522078050110664,0.10831869352953276,0,Float64,0.0008639030819823759,0.10692699335456038,0.1035355075995724,0.10611069749544834,0.10432383217035249,0.10580604960531431,0.10465528612289796,0.00013563853047679898,3386.707325846598,1.0005244004890423,0.018817235625143244
c,1998,0.1040913671173259,0.10085953674983981,0.10408890755897385,0.10730584508348673,0,Float64,0.0008778202938103701,0.10580538380278533,0.10240190068743563,0.10500061685802908,0.10317463998450105,0.10468752633581155,0.10348563878091735,0.00015101309403146358,3794.397025664968,0.9996277508006953,0.0210824426257241
c,2003,0.10338171837859904,0.10017448084848038,0.10339046351671666,0.10694771350762577,0,Float64,0.0009491130614276017,0.10522925280416291,0.10151076306837593,0.10436713400511412,0.10239860115848916,0.10401983206253113,0.10274295163115306,0.0001525987406227423,3198.173761398726,1.0003841511510685,0.01776970474510864
c,2008,0.10390029810014861,0.09930471266996896,0.1039157211210133,0.10766396037992171,0,Float64,0.0010132168463536867,0.10584574812383768,0.10190887452123147,0.10492378723931393,0.10285451849678501,0.10459557398409391,0.10324361627426171,0.0001574819897918815,3594.1371326559815,1.000269937027908,0.019969757876068597
c,2013,0.10546311095359497,0.10219213682569629,0.10546273501483194,0.10926220934382926,0,Float64,0.0009527830293906193,0.10734686895181474,0.10356207015532916,0.1064134963182302,0.10446453365007895,0.10609136905202458,0.1048195247284754,0.00019963272743869838,2375.784504091323,1.000872624410475,0.013200342547130237
c,2018,0.10439454658044446,0.10070082806085064,0.10438063695152613,0.1078888565769162,0,Float64,0.0010937943697857883,0.10659505253019672,0.10222483116480093,0.10550629056622884,0.10325242707431778,0.10511746757685417,0.1036828426907118,0.00017415492852024622,3569.3422687989437,0.999597528019688,0.019831992562859967
d,1903,0.001760191396699119,0.0013882486635529258,0.001758005180778486,0.0021909934546396354,0,Float64,0.00011383279323295822,0.0019913342932412243,0.0015415558914601596,0.0018780975624199552,0.0016410657914061185,0.0018363431997202564,0.001682512183213014,0.0012439440249636903,2921.419963075847,1.0003833084322087,0.016232004279098284
d,1908,0.0016201940566135996,0.001301299786418711,0.0016204308087139547,0.0019783787300512072,0,Float64,9.10482248189628e-5,0.0017990425118475767,0.0014418723537627301,0.0017138742192993371,0.001525444471452988,0.0016814063172569172,0.0015575874886751605,0.0010810766997723688,3437.3871290256443,0.9995031593382476,0.019098822932844126
d,1913,0.0014334719396145654,0.0011490585784335412,0.0014312564173883256,0.0017452237684670354,0,Float64,8.774549822668772e-5,0.0016052754023734327,0.0012651340529352803,0.001525883856994382,0.0013426474016961648,0.001494405443944012,0.0013741703814454432,0.0011286111238742388,2804.1830722861805,1.0003444421932086,0.01558061223789293
d,1918,0.0018389712365654751,0.0013335325017185687,0.0018389075503765003,0.002327223113005568,0,Float64,0.0001268912364460959,0.002095290549089105,0.001594438497694629,0.0019698616254672013,0.0017081210308456973,0.0019251021438627467,0.0017530053957118365,0.0012999475197464914,2594.461136678662,1.001182473927156,0.014415354452559712
d,1923,0.0012873658689952444,0.0010365679682962882,0.001286592431924605,0.0015938226251667423,0,Float64,7.590200501388279e-5,0.0014381980623753509,0.0011452969011198847,0.0013641203450952112,0.0012089318154385987,0.001337953411236783,0.0012353095352268606,0.0011084829597078098,3413.8312953963887,1.0007257713849442,0.018967941923916796
d,1928,0.0011011031758467928,0.0008700446891071332,0.0011009154152050178,0.0013728182883640384,0,Float64,6.8177172468345e-5,0.0012345007791716633,0.0009684963164185193,0.0011704594491374716,0.0010296578984439462,0.0011480010205123948,0.0010534866160007723,0.000840911336340005,4411.359871082449,1.0005310781144603,0.024510413842952754
d,1933,0.0008640164710424164,0.0006639189457001157,0.0008634817960143196,0.0010667821458553255,0,Float64,5.437952627474763e-5,0.0009718340668940162,0.0007592852286865143,0.00092036487510953,0.000809016560364199,0.0009005604415448377,0.0008269773121264089,0.0010019366877165637,3704.999577364264,0.9998822826122072,0.020585732196652586
d,1938,0.0007984906689941364,0.000639328259164208,0.0007982707352466251,0.0009784180019006125,0,Float64,4.989593537922368e-5,0.0008974999114311146,0.0007016405147109396,0.0008505018004434908,0.0007470927299829317,0.0008317464634365971,0.0007638042505111862,0.0008931467622971061,3659.016505564593,0.9998910290298006,0.020330240885012306
d,1943,0.0006607770818427025,0.0005176618723810954,0.0006601011019977083,0.0008396084116084794,0,Float64,4.195544432834782e-5,0.000745514796566469,0.0005800557524533014,0.0007027452863260667,0.0006181635545157165,0.0006882648471209686,0.0006323196646632605,0.000997577353367033,3065.0392643892696,0.9999178769054743,0.017029982366105714
d,1948,0.0005669502330961397,0.00042848734856558353,0.0005670247451108675,0.0006746492471095314,0,Float64,3.545741032294637e-5,0.0006376045035456343,0.0004981403096393796,0.0006032992469007027,0.0005300646056988597,0.000590302669397804,0.0005430114988899659,0.001107837512981133,4076.3470383987396,1.0003376555428598,0.022649014317240805
d,1953,0.00031072853175314724,0.0002332853971992066,0.0003104835020585121,0.0003795758514082491,0,Float64,1.7078818880852848e-5,0.00034505713352359747,0.00027788651011186174,0.0003284218476202659,0.00029318090436600774,0.00032227621265652583,0.0002990600323886696,0.0007912768980497861,4345.879508668294,0.9999443098153261,0.024146591613921225
d,1958,0.00022749397021705863,0.0001812890017746194,0.00022740512834147348,0.00028431961827964347,0,Float64,1.4712539120863325e-5,0.0002566598353151385,0.00019885267289662857,0.00024250442067698746,0.00021214061866057512,0.000237248096173407,0.00021763520484742885,0.0008808783082642879,4191.644930003899,1.0003820590360641,0.023289632884088522
d,1963,0.0001957564920785185,0.0001348781754355654,0.00019535268599276258,0.0002692025197120029,0,Float64,1.6980520764195462e-5,0.0002298874912807563,0.0001638224059961686,0.00021321513767292585,0.00017807810358724593,0.00020710729932610892,0.00018429176645054369,0.0015749174893659368,3575.820658411411,1.00097940809812,0.019867987814908738
d,1968,0.00020125648111023206,0.00015524462913700743,0.00020099429239733063,0.00024732638239945924,0,Float64,1.3109263141611624e-5,0.00022747116564097406,0.00017632232721012677,0.00021447588255339419,0.00018783320236545704,0.00020993874192997683,0.00019244804452297085,0.0011426687094138863,3926.0411773878104,1.0006547088233013,0.021813884342797067
d,1973,0.00020299698943376484,0.00016257625916301697,0.00020290861005823582,0.0002465626186593975,0,Float64,1.2551073197195281e-5,0.0002280372777573164,0.00017890456372748369,0.0002162418471510326,0.00019024097985028877,0.00021132518820653616,0.00019453233764952263,0.0011839495104858408,3577.4583231347847,1.0004996402358717,0.019877087013631795
d,1978,0.00014676651494884908,0.00010938731245128475,0.00014652419219433337,0.00018905071236673387,0,Float64,9.91535223899703e-6,0.00016684535852478667,0.00012816754527873522,0.0001571632441055193,0.00013642335088217379,0.0001533059038487091,0.00014000222791470785,0.0013081910423314832,3114.204550920652,1.000688016995683,0.017303154710872008
d,1983,0.00012579902443665808,8.74291337420698e-5,0.00012530664925715387,0.00016844470307658736,0,Float64,1.1714795036928105e-5,0.0001499545327693727,0.00010408220108957012,0.00013788949192455622,0.00011391524580835317,0.00013333974666856975,0.00011763237669271284,0.0014844242762226656,5322.154374627542,1.000119432561279,0.029570973593272817
d,1988,0.00013330026877876638,0.00010589378652110928,0.00013305280383910881,0.00016399413109495744,0,Float64,8.301256351916439e-6,0.00015056826745601506,0.0001176536404392275,0.00014181946167626916,0.00012481666815887445,0.00013871020669031222,0.00012762557887847296,0.0009822043106451793,4128.043712272441,1.0006426438398435,0.022936251565612846
d,1993,0.00013012023338132951,0.00010404120058988463,0.000129976755869372,0.00016122976306991716,0,Float64,7.418828779772389e-6,0.00014453254574884892,0.00011540531395839332,0.00013791325101794374,0.0001226824379767863,0.0001351296498730877,0.00012512984551629568,0.0008969877631787048,4139.885512308856,1.0009006396180857,0.023002047018266955
d,1998,0.00011418501099785598,9.06917279172794e-5,0.00011406071667819279,0.00014210895520030346,0,Float64,7.217470683738665e-6,0.00012856029716149577,0.00010024433604715993,0.00012164988555563726,0.00010679017211026,0.00011896374656657105,0.00010922397428095621,0.0010230802706845939,4355.51518288309,0.9995324390518349,0.02420012938222
d,2003,0.00010087283783835321,7.761692115331749e-5,0.0001007906872578294,0.00012834421796039934,0,Float64,7.112854329882672e-6,0.00011504221349115015,8.704361881853439e-5,0.00010825617532901533,9.345773959972995e-5,0.00010560570138568795,9.60971363973868e-5,0.0009210279707402698,4347.20136655028,1.0000471681233363,0.02415393612551762
d,2008,9.22423192723965e-5,6.722308790441888e-5,9.215469671740974e-5,0.00012438082873941973,0,Float64,7.158977951815806e-6,0.00010708376327836861,7.87936520125119e-5,9.968090726277476e-5,8.487379453711015e-5,9.691545772362459e-5,8.719109996158512e-5,0.0011462769137311015,4598.770281897966,1.0003751302235786,0.025551704252669196
d,2013,7.658723454586338e-5,5.9948760491847016e-5,7.658418004223306e-5,9.673167422122664e-5,0,Float64,4.798440501087225e-6,8.628568793876321e-5,6.736424936141921e-5,8.152118692075467e-5,7.157776288223787e-5,7.978691161107161e-5,7.331996866118702e-5,0.0010186658887971717,3919.346005896863,1.0002315345268498,0.021776684606482563
d,2018,7.094483072287053e-5,5.356825788172686e-5,7.092266607614066e-5,9.080418612733045e-5,0,Float64,4.845079755874553e-6,8.053571244186296e-5,6.164449822140275e-5,7.585852162922513e-5,6.590875907046057e-5,7.424034270327997e-5,6.764529557332608e-5,0.001044662062032863,4059.0613367806704,0.9995730151501053,0.022552971438716655
σ,1903,0.03501816488025439,0.02219655717720842,0.034681309194501644,0.05614143142777472,0,Float64,0.004626907739653093,0.04502018461145622,0.027098150931483985,0.039785289593079746,0.030287532571834065,0.037887116844979064,0.03175373714029064,0.0014513403410390563,8509.851453984242,0.9999975059735703,0.04728246775931843
σ,1908,0.03182519041710822,0.020505174757195106,0.03151090254986619,0.04766076396423735,0,Float64,0.0041708874619606,0.04085201046722856,0.024513804041268926,0.03616201765557162,0.027552817624085714,0.03435513865691683,0.028865342782877584,0.0015493011787724438,7461.957930274981,1.0000095652118923,0.04146015793194956
σ,1913,0.04005808926685973,0.024915197329479718,0.03968078465150858,0.06533507706888805,0,Float64,0.005252386689635745,0.05133589629036073,0.03079448206717711,0.04546816507442249,0.03471985107370749,0.04331704645046301,0.03641891591355082,0.0015103753729680258,7889.560805669787,0.999518233376508,0.04383600659146768
σ,1918,0.055597848102168404,0.034097438371424746,0.05494049770086992,0.09450586622262944,0,Float64,0.007026833380202089,0.07075232086641077,0.043355344169779104,0.06268020641832137,0.048492508686788414,0.05980308842306648,0.0507689421659543,0.0017350609086794503,6287.059842691549,1.0002884696894745,0.03493218488247413
σ,1923,0.03956951157762107,0.02421206812299423,0.03914289642203123,0.06368675664224908,0,Float64,0.005191851412834472,0.050372228164678436,0.030798982120601132,0.045010106455101145,0.03436498123227684,0.04280983199431935,0.03587582110303088,0.0014894361412360955,8131.320275515109,0.9998117808811361,0.04517927144165721
σ,1928,0.04186928340289561,0.026963467054564743,0.041503447995106954,0.06863875661100395,0,Float64,0.005333930428233828,0.053482938630309194,0.03244307681504166,0.04728342898348849,0.03643201421222582,0.04511948303616041,0.03817206147444923,0.0015360532387966455,8329.196841787645,1.0008869532236915,0.04627871394258658
σ,1933,0.042554015379477235,0.02699536510269588,0.04207373930616735,0.06657005630412305,0,Float64,0.0054410772630376,0.0543657882404132,0.033255481642769584,0.04812713501360233,0.03701267593323985,0.04593345034320134,0.03868423147352327,0.0011471628435666434,9708.966863797545,0.9993849644008391,0.05394499718310223
σ,1938,0.040070775517447636,0.025745156415175167,0.039584722852673386,0.06460234402866168,0,Float64,0.0051682010083216766,0.05150366328320216,0.031125050045097396,0.045150565465784546,0.03490327259004554,0.043196691716439174,0.03645631581103837,0.0014447793544575549,9310.062257028085,1.0001209561444888,0.05172860194863666
σ,1943,0.035974664901656385,0.023661589649297307,0.035588283621334156,0.06282090811699144,0,Float64,0.004751256263165997,0.04624963801358679,0.027803409386700745,0.04076530161638443,0.03113375022366948,0.038905587729912816,0.03262689125946336,0.001216641751252206,9031.399864790104,0.9995672914338127,0.0501802969461377
σ,1948,0.04086308392370302,0.026598982698349566,0.04050495327916516,0.07476591732474237,0,Float64,0.005205869670573291,0.05194806100153696,0.03161484769588704,0.04627577095644609,0.035619842171580735,0.04415270339252984,0.03724932222573013,0.0013840228214242515,8723.762444757273,0.9994181832980181,0.0484710007882768
σ,1953,0.029524444577330045,0.019378071023578827,0.029132606352667803,0.04580985862601023,0,Float64,0.003897233549846902,0.03797149593119986,0.022688018002416512,0.033642598132399094,0.02563095443699157,0.0319889295543172,0.026795630526736655,0.0012006236901888783,8658.375490711342,1.0000874773756265,0.04810769755516228
σ,1958,0.03501733034979977,0.022739927310443924,0.034602446720631286,0.055501143391163264,0,Float64,0.004641141682819354,0.04511437825779464,0.02706782958198965,0.03973463980603872,0.03027610061041597,0.037893217010185706,0.03167606550511508,0.0015513392514161933,6605.43046139288,0.9997260901257519,0.03670111687801584
σ,1963,0.06380017451146834,0.039764570066069906,0.06304349408115081,0.10115108562138857,0,Float64,0.00842287403181793,0.08277826026570606,0.04937072775706385,0.07240956694770483,0.05538028304696076,0.06898178425033692,0.05786697458473559,0.0015503109438542884,6187.320702545704,0.9997733878076531,0.03437801390736502
σ,1968,0.04518231096292176,0.02854310038152741,0.04470803120468829,0.07401636780690765,0,Float64,0.005908106355340995,0.058113946275022615,0.034946287849015045,0.051343810912357284,0.03921383636465761,0.04877768843248124,0.04098598479714587,0.0014705971796446628,7947.140363496512,0.999585267897082,0.04415593034116642
σ,1973,0.038914365270248934,0.025624716956589983,0.038549137505701686,0.07025918921821907,0,Float64,0.005096949109605982,0.04953620537514424,0.03040419896722199,0.04421168967376898,0.03363162174982551,0.04222840116350103,0.035147870060108,0.0012752106800162665,7138.27168441816,0.9996069573952812,0.0396616912293734
σ,1978,0.03905080093008105,0.02332373927911035,0.038435999027705364,0.06897681969521013,0,Float64,0.006050821931121129,0.05214089446673372,0.028969349826618175,0.0454594407839395,0.032904334970774565,0.042847017276751005,0.034686166558435136,0.0021976455599539754,5105.611752266844,0.9998986215581561,0.02836781868326621
σ,1983,0.14493892504668068,0.09113940586992082,0.14319710921353285,0.2525773772404707,0,Float64,0.018972393155087773,0.1862412826267813,0.11194343316726557,0.16472615352074077,0.12586601037121228,0.15619272166164694,0.13164061807962574,0.0016928951102450878,6546.255656174896,0.9999157143149924,0.03637232960892981
σ,1988,0.04375137659915304,0.025621307536049145,0.04320452977045539,0.07630849243495658,0,Float64,0.005944988661014867,0.05668357873420375,0.033727621387707116,0.0499248040492388,0.03760673849247183,0.04746522225455719,0.039449578471790425,0.0012587147028872844,7407.649153285886,0.9995113407897114,0.04115840730669832
σ,1993,0.03696943275459941,0.02420657823410717,0.03662598333614885,0.058102650350560295,0,Float64,0.004714902915552633,0.047166994346609946,0.02854921065643068,0.04177279154074693,0.03217709283023638,0.03998202918237273,0.033751331491572986,0.001419249042795892,9349.313562142444,0.9998700748788153,0.05194669019360972
σ,1998,0.043231651696920455,0.02660691897337662,0.042825435427627984,0.07146855653330425,0,Float64,0.005484914164935467,0.05494008293107384,0.03365364611170356,0.0489507684103251,0.037780738714676985,0.046653444631848846,0.03942442902063043,0.0012809601799391936,8718.626862708947,0.9993546945279879,0.048442466448525005
σ,2003,0.05535441865773306,0.03794389472106625,0.054721950489600164,0.08363241755176923,0,Float64,0.006840700204156079,0.07012829059373633,0.04353221423545648,0.062426622828498604,0.04846988834328757,0.059589692881889866,0.05039621947609835,0.0014646020967202624,7994.50837225602,1.0002390139643713,0.044419116644606065
σ,2008,0.07126526822032159,0.047665339059007855,0.07062186173877727,0.11353847371490194,0,Float64,0.008800332703451557,0.09019538912634993,0.056003968978754565,0.08038854899720134,0.06226181035773774,0.0766306330033085,0.06502964142999121,0.0013238349180893353,8394.409382737245,0.9995718478074962,0.046641048101017636
σ,2013,0.04635090991699153,0.02981068606362694,0.04592567799172517,0.0845953724233711,0,Float64,0.0062011089260330925,0.05994099412214372,0.03557057769025382,0.05259035440607647,0.040072941924402534,0.05005172707122575,0.04206102036358112,0.0014125038343792255,7787.998086417292,0.9995060016784469,0.043271703439459484
σ,2018,0.04735576010772432,0.029517239526485363,0.04676398753829468,0.08063828430737018,0,Float64,0.00658958877372135,0.061943261586967904,0.036207380334642256,0.0540626483587571,0.040652883405721804,0.051373889470913925,0.04273090184612144,0.0017489737369991844,6650.085807176167,1.0005521927648806,0.036949231073509926
σ_B,0,0.01664962599773783,0.00408373065688161,0.01540415245713183,0.056258839336677934,0,Float64,0.00681332449309554,0.033048833565120235,0.007116210826682276,0.023410994500508143,0.010130005048282896,0.020137502277796697,0.011770240806899045,0.00031043571320077965,526.8945277119151,1.0098384055955762,0.002927533301117252
σ_b,0,0.11665852846106808,0.007804011909547462,0.11670489798145806,0.2977655450135981,0,Float64,0.046854680577060756,0.2113761076495644,0.018431480588751777,0.16345033647153887,0.07134043772558991,0.1465793947771623,0.08827372501994282,0.003138769734186773,163.4026141177843,1.028749819836867,0.0009078982019357343
σ_C,0,0.013409112209284382,0.003490258469833033,0.012902930464700053,0.037348602135237545,0,Float64,0.00401520833470721,0.022435583986556578,0.006828620493036775,0.017487189530092814,0.009374896690359982,0.01579265994584877,0.010582812634812935,9.950965365440275e-5,1386.8546728253202,1.0018954298231992,0.007705647003276673
σ_c,0,0.01770334486760977,0.00434137216563294,0.017218619403000103,0.04913784578357909,0,Float64,0.005419818415016653,0.029542920964079258,0.00844482303902642,0.02334725954363586,0.012129595256821366,0.021053846608141222,0.013862871030661236,0.00015045064963970656,1180.2087295526387,1.002032626254385,0.0065574800577996245
σ_d,0,0.18621600979904238,0.02282393611429109,0.1823695965240136,0.4021781353041473,0,Float64,0.04291620526216549,0.27798543422947913,0.11177824847203656,0.2287575443756796,0.14476966753413917,0.21201677193984922,0.15756152941404553,0.001463772036397684,877.1400825365054,1.0009416295362141,0.004873568933276825
σ_σ,0,0.47221304666224334,0.2366175884472752,0.4632760326528949,1.004615810468593,0,Float64,0.08618375629624303,0.6668918611689864,0.32887422599016625,0.5573214927949499,0.385982509953607,0.5211454157503395,0.4128030576152224,0.001056544375687808,5240.57465725396,0.9996616611374145,0.029117700069358984
σ_αB,0,0.0074837850723914615,0.0013925945919765169,0.006556282637635769,0.03374539882198992,0,Float64,0.003908155889433708,0.01770742278025801,0.0028984665252821157,0.0108312235961317,0.004141719183412596,0.00898886121677763,0.00483002892311204,0.0002341352884908899,167.6747980662773,1.0309011228419298,0.0009316353260087899
σ_αb,0,0.01989347636337485,0.0019594057459634126,0.01220505668206814,0.2960277655677751,0,Float64,0.024390968677048066,0.10666670094094388,0.004023966050661005,0.028231406972696275,0.0064751111791840205,0.020644300551587225,0.007992080420335858,0.0022340397760248266,81.75217869962609,1.0405124524371494,0.0004542317541640918
σ_αC,0,0.007550480565387013,0.0017972981369752442,0.0069456301897614404,0.02487323444640489,0,Float64,0.0031775831753842383,0.015457333438313956,0.003093227526788727,0.010643537694864997,0.0044844579929688225,0.009196371361362898,0.00528095675704696,0.00012114594686933192,604.5632465395788,1.0038562918030263,0.0033590765206122537
σ_αc,0,0.009307736708653392,0.0018782765993997825,0.008440165251132205,0.03718060226718637,0,Float64,0.0042044165798024585,0.019443719897980695,0.0036020427516552183,0.013236789215884302,0.005451592315830706,0.011323402578297526,0.006344725027428675,0.00019131929068687736,565.6592284100005,1.004932331662684,0.003142917872853661
σ_αd,0,0.03155745626983471,0.002959859362670882,0.025349736305787313,0.3869037748235246,0,Float64,0.02575536316710565,0.09823401917267024,0.0060868925304230995,0.05001524458678587,0.011791079730114317,0.0397963598440297,0.01531478052829046,0.0020379989537092527,147.56340229341146,1.0154384312756852,0.000819892315291463
σ_ασ,0,0.012834212683702561,0.002228204487894182,0.010433150316701764,0.1037203625294799,0,Float64,0.00873195454849622,0.03568128383893155,0.004062586438731129,0.01979657406674433,0.005866443829408848,0.01581090033544625,0.007111207393254968,0.0004859042817855704,215.4034999687917,1.0339540878795581,0.0011968257140082391
α_B,1908,0.029965359945585617,-0.02354846163985096,0.030746574767919012,0.0678121198124448,0,Float64,0.011844932514161213,0.05164155804194314,0.004499177165268466,0.04167614906158065,0.018143363508782897,0.03782509305589636,0.022732084915917588,0.0003148069736028381,1816.3514148033535,1.0047119753617073,0.010092018371228199
α_B,1913,0.03393467859271594,-0.012828802592402776,0.0341278175624063,0.08361603362009057,0,Float64,0.01094634651286435,0.05555828169093144,0.011564579283756583,0.04461264880888571,0.023074265944197505,0.04078387814728819,0.027067548046141185,0.00022917069650794637,2226.236981256917,0.9997924380874864,0.012369426054035263
α_B,1918,0.035956344479752655,-0.013893164858114478,0.03578362272921466,0.08303383403560906,0,Float64,0.010294445173970478,0.05726847756312921,0.015753860518773106,0.04571351648527875,0.02606730574795123,0.04230705323044927,0.02962073219292144,0.00020874101948360334,2083.5061486505015,0.9995212672915067,0.011576384480105811
α_B,1923,0.037028003262958915,-0.003266017795670059,0.03684995589610652,0.0930655251337297,0,Float64,0.009862022545305636,0.05656936397146306,0.017588067902191803,0.0465294171782561,0.027680990082967427,0.042942999356220646,0.030945993638817337,0.00022393487401357648,1765.3639256357196,1.0006531170904762,0.009808721497512675
α_B,1928,0.03689744258207863,-0.030074965418636676,0.036831252453268334,0.0793562288463696,0,Float64,0.009516332169615808,0.05642564394871096,0.01787993121110423,0.046036722470796425,0.02775140609518328,0.0427943268113766,0.031069087027144254,0.00021366753107596748,2142.55369733913,1.0002312719106217,0.011904464685998208
α_B,1933,0.03635355287025054,-0.015157466500812958,0.036295281232381654,0.07977010175417536,0,Float64,0.009117370647921723,0.05392699260502385,0.017961649809003038,0.04520320625361732,0.027812022124638586,0.042076496797721595,0.03083253653665412,0.00019898867659107664,2151.269345446941,1.000832705953664,0.011952890601877878
α_B,1938,0.03547867990855637,-0.014775442147696868,0.0357159462829036,0.07869713513764602,0,Float64,0.009193363574945315,0.05283752763023498,0.016620394109497377,0.044344843996112736,0.02665815727321408,0.04127587833821256,0.030145465649900362,0.0002288454106738383,1857.8241508219553,1.001020557178831,0.010322449338712616
α_B,1943,0.03528151886849676,-0.03532560068014233,0.03549268334509257,0.07387305388767709,0,Float64,0.00922015984607749,0.05305128048981715,0.015615107050160263,0.044040575972359414,0.026694286813370962,0.04092113291515298,0.030084653772183112,0.00023562537110154318,1783.073615510666,1.0023170863822901,0.00990712014113972
α_B,1948,0.03618887352448416,-0.02287840392102111,0.03639448409668644,0.07694358595284886,0,Float64,0.008948147281891162,0.054101450643977825,0.01864080606204754,0.044555578324635955,0.027835191224120433,0.04148772629898977,0.030756102760548597,0.00020249147838078592,2103.9742694731394,1.0016809916789426,0.011690109527848812
α_B,1953,0.03837831630753572,0.0033416030907484724,0.038001503615072096,0.08284004721986156,0,Float64,0.009201616646622019,0.05838555185624268,0.021176989663314487,0.04722399792155391,0.029528485925670634,0.04377829408072474,0.032569317158530925,0.00024554586934021056,1891.018708641491,1.0009078932225557,0.010506885062223654
α_B,1958,0.038750385586810765,-0.005314431466126968,0.03815086981916547,0.0854214004315816,0,Float64,0.009165825838471347,0.05837000856839833,0.022120210974389536,0.04761762161074781,0.03018769028334528,0.04412650917068942,0.03284710535497333,0.00024259492239985303,2046.3809335336596,1.0014283130614627,0.01137010922414961
α_B,1963,0.03778160169657698,-0.00121545232654751,0.037146294756788115,0.08816346662295604,0,Float64,0.009053721260922283,0.05705929615480071,0.021010461165432186,0.046685530197486544,0.029090447079805425,0.04333628556945151,0.03211922639676613,0.0002447507424434126,1810.8622640060323,1.0013005975361995,0.010061519531500644
α_B,1968,0.03648634243020635,-0.0018189310724789176,0.036103696071575,0.1045556872535526,0,Float64,0.0090014930929317,0.05588934544548403,0.0195909956598812,0.045082449371631854,0.027999203514285784,0.0414823324364209,0.030981028274202373,0.00025447220231266467,1423.9764176144224,1.0005607136897712,0.007911902977385199
α_B,1973,0.03466699476974044,-0.011773282270799426,0.03454344751609327,0.09484462861630796,0,Float64,0.00905030778726741,0.05393685580825812,0.01697442179879807,0.0429373073257324,0.026217924343749602,0.03981310888910724,0.02924342164843738,0.0002412538147070927,1447.811944299109,0.9994787961866942,0.008044338017889625
α_B,1978,0.03310427076623471,-0.002537461838010207,0.03306402511356532,0.09765208745232154,0,Float64,0.00894359452903801,0.05093999026393778,0.01585024139952064,0.041533478271815215,0.02463761395254711,0.0382254413952498,0.027471912907448243,0.00020515931580874908,2049.130864835327,0.9999297670992786,0.011385388402501256
α_B,1983,0.030858429973044547,-0.010487061880354384,0.031034027118684242,0.07876641772770478,0,Float64,0.008852505317211457,0.04794148956209923,0.012930877281334628,0.03940674173335708,0.022296072559856564,0.03625359016393738,0.025462218389047123,0.00017572629939394355,2305.862688226893,0.9993440514426469,0.012811842698201027
α_B,1988,0.029152805986413524,-0.01688904489834339,0.029467649535032912,0.10283804428210333,0,Float64,0.009090746960616073,0.04628347779612024,0.010184987746863352,0.037812995276042205,0.020404394036877136,0.03487929595945499,0.023683738324293147,0.0002282980900322963,1639.4109259174627,1.0005213711480097,0.00910890098001355
α_B,1993,0.028202621064637758,-0.022911528988934466,0.02833696368025887,0.10198751196235192,0,Float64,0.009250300930144421,0.04567404962568943,0.009390138714141072,0.03713262413473805,0.019231715144488522,0.03408345447111194,0.02251193373886157,0.00024409646938199127,1409.8827152010583,1.002227370167932,0.007833595496511685
α_B,1998,0.027905324554572758,-0.018291072726780662,0.027802834184053892,0.0795800159378845,0,Float64,0.009175046272573047,0.04569107191021857,0.009697860052674595,0.03702440157207235,0.018945700990187598,0.03370558438572985,0.02214315195379995,0.00021531613532967532,2058.7875686687707,1.0018993818207016,0.011439043015644041
α_B,2003,0.027991038810378382,-0.018901318012240136,0.027956325970863664,0.08475565126673006,0,Float64,0.009456691006076986,0.047290458687271886,0.009634637748128196,0.037115601013351915,0.01880781860042303,0.03388914778622015,0.022017467736122447,0.00022486080701886058,2211.019589331187,1.0004794991873014,0.01228487512538511
α_B,2008,0.027979482892750207,-0.012715704640517614,0.027916178399929728,0.07568052085499646,0,Float64,0.010039341885606243,0.04803393789362361,0.008211631930456294,0.03770537209402382,0.018198183059124698,0.03440704050893324,0.02166123506506539,0.0002450541693028348,2131.664354697498,1.0006598304418062,0.01184396128060303
α_B,2013,0.02847044217149271,-0.01515574455871796,0.02842543089545253,0.08795973772358,0,Float64,0.011044617896744156,0.05123974545103344,0.007463430196013584,0.039027497928835815,0.017769508424505216,0.035254729138061755,0.021413932625673576,0.0002685133266777593,2197.5513239318416,0.9999924790132507,0.012210042699935387
α_B,2018,0.029151948308451314,-0.019120906995058723,0.02869168981567139,0.0932981854992308,0,Float64,0.012829295754697484,0.055865459366854026,0.004419097435665264,0.04124943736957732,0.01710336671427864,0.03699524295568576,0.021150443029854322,0.0003220021316204798,2401.4226709306495,0.9997622193964687,0.013342793423452046
α_b,1908,0.002733556035324882,-0.06531797471242011,0.002706226071526925,0.06793012333821599,0,Float64,0.018119592515875818,0.03766642136944238,-0.03374226576830592,0.021703105241342113,-0.016398996791972625,0.0156701561202203,-0.009674263394190932,0.000413343026445243,2730.8201291960854,1.0009609647172073,0.015172992785292253
α_b,1913,0.002531806615519942,-0.17110120884610908,0.0024807818856958023,0.20883080919609445,0,Float64,0.0266607226482875,0.05080743535245839,-0.05066593423289256,0.025649615313946394,-0.020701460201327807,0.01771418389862758,-0.01154927673755525,0.0006864236032605548,1784.4924509494954,1.0015908406673029,0.009915003479791984
α_b,1918,-0.00016178944293881992,-0.18374786728875112,0.0016063744141485146,0.12891945348422468,0,Float64,0.02951756802585762,0.05113291317717408,-0.07006209982591234,0.026183012471191175,-0.024528314113058763,0.017381399879992456,-0.014383570212282364,0.0011118886858277448,728.6292586242355,1.0065387043337213,0.0040484125505230355
α_b,1923,0.0022655149483535894,-0.17817980865691105,0.0032471431558546426,0.16881824547391133,0,Float64,0.029810137441609555,0.05837113176341933,-0.061311757894056844,0.028830106999652674,-0.02351584247448062,0.019735483639860118,-0.013001371368481052,0.0007992358368471087,1598.4148552637569,1.004257261198199,0.008881118462372183
α_b,1928,0.005082990038709002,-0.22103745992979656,0.005119053986712616,0.19130169799793997,0,Float64,0.03059216422172704,0.06386871934062428,-0.05572122962906465,0.03199483457008948,-0.02182505886181004,0.022362116675878778,-0.011621325178349505,0.00078584167598205,1438.6809549611942,1.003637157955224,0.007993604381548829
α_b,1933,0.008209935922469507,-0.1326700560791779,0.007144587689090677,0.31902626271372897,0,Float64,0.03280872067088232,0.07941974081576168,-0.052610558118733136,0.03590556318537902,-0.020520113517390186,0.025123203496032122,-0.010137507861224053,0.0010916550068122827,857.0694163628863,1.0017737828699285,0.004762052224507734
α_b,1938,0.004737290931288752,-0.16902901670143483,0.0055897524075975095,0.21630113359363273,0,Float64,0.032194584166545956,0.06647641153640213,-0.06422639915304812,0.03301573423470581,-0.023332506837221375,0.023121491676061538,-0.012504430173545869,0.0009031843534000025,1319.2750996895331,1.0021539194204887,0.007330161131959221
α_b,1943,-0.001569921854324499,-0.27603536882628155,0.002940246407532144,0.15322350916556463,0,Float64,0.03909298679081273,0.060153570489864104,-0.10209168688153787,0.031130061442197727,-0.03140102169134032,0.02134164454276741,-0.016676724728450738,0.002447036310415503,193.37948494532188,1.0195435767999508,0.0010744558012184683
α_b,1948,-0.003143142493030953,-0.39654301237314327,0.003563213326688774,0.15322215712986595,0,Float64,0.04530609699032064,0.061084498169277655,-0.13204422451155481,0.03318282739495063,-0.0338481852146964,0.022516426686777582,-0.01725089767829778,0.0032422725326459317,152.42209693309422,1.0230120527349515,0.000846888212211099
α_b,1953,0.0036816186076391957,-0.24959383848480463,0.00707412077387831,0.16139303970688681,0,Float64,0.03724414212018724,0.06666445291438047,-0.09004661793398504,0.03688454849281578,-0.027741210318757526,0.026293998878227386,-0.01332532100191227,0.0019228269214885453,302.1375502415338,1.0102296410051765,0.0016787377612198244
α_b,1958,0.008002904384781774,-0.4086081415451637,0.010744341850826039,0.16899558899201395,0,Float64,0.036765335421966146,0.07065620944797171,-0.07862644585998008,0.040502954913917075,-0.021307616435050084,0.030208603499238627,-0.00829536779811562,0.001993205727355155,267.24259426165264,1.0099329824040377,0.0014848542792338859
α_b,1963,0.017755091201586,-0.19830714201676958,0.017729047905729746,0.20005483930719198,0,Float64,0.03355654509783925,0.08310853074733184,-0.0513818732925755,0.04845445218515215,-0.011635767073014917,0.03703934598017187,-0.0013059538275137304,0.001048686069315208,933.9804483727308,1.002274103713674,0.005189385581735584
α_b,1968,0.031806325167622856,-0.13247150265617927,0.0267499699889119,0.29822963834824284,0,Float64,0.039895517240024714,0.13497945058669733,-0.02799072598631581,0.0650249944639702,-0.003194543349586287,0.04997479839054702,0.006667647933568453,0.002427766371706394,177.38348086991485,1.0240573206532233,0.0009855787448957928
α_b,1973,0.03995692267046906,-0.0970895861485907,0.031321689022990894,0.3720534498491999,0,Float64,0.04899628108986192,0.17946260456386548,-0.02619568535918532,0.07576662912291839,7.312887849825921e-5,0.05733620298369636,0.010374239187161571,0.0035982680553430504,112.5291527072296,1.0323799985297009,0.0006252348896609607
α_b,1978,0.041830678512654526,-0.092889245721574,0.03316428095166086,0.43427740174436835,0,Float64,0.05058041458242474,0.17906408197739732,-0.024687617403749817,0.07649675841100037,0.0008515672557520016,0.05877792961724483,0.012058709280386248,0.003603410074668005,126.45158515183049,1.0293746126227237,0.0007025907597078962
α_b,1983,0.031678756586510454,-0.16212548530135662,0.029487271658162437,0.2853180759216868,0,Float64,0.035915792484325915,0.10606430088258836,-0.0335804180444828,0.06658257792964856,-0.0029701095110363585,0.05253366412557409,0.008797521512532519,0.0012514781956847484,813.2265129596414,1.0073112863649505,0.0045184521243357995
α_b,1988,0.02343907481701146,-0.40671514855111884,0.02591798016832822,0.17696755795554547,0,Float64,0.045644421487086397,0.09950747115891698,-0.08725023767191052,0.06123371914895825,-0.009047833246129613,0.0483261957374546,0.004148911903818888,0.0028786204787427786,208.04765461528038,1.0163861229453737,0.0011559551391632347
α_b,1993,0.02687217972089897,-0.29887996239692677,0.028176182929110442,0.18221091699404832,0,Float64,0.04263933354908479,0.10586224166569388,-0.0726595575882805,0.06495624055616428,-0.00761313201047231,0.05187778051412315,0.005219891336696006,0.0022831466001549307,309.8167963421406,1.0126481627170059,0.0017214052164781434
α_b,1998,0.03487020071115295,-0.15270412693103286,0.032913391773818364,0.1938906254636368,0,Float64,0.03826636386244858,0.11498727888518986,-0.03547810306685747,0.07233912044588167,-0.0011257297725059425,0.057335792701361396,0.010629914848351907,0.001366548257173808,772.9436438485718,1.008839707405505,0.0042946322997129815
α_b,2003,0.041819883203403206,-0.2700366157880651,0.03817403736263311,0.3412266718068833,0,Float64,0.04218991802292873,0.13559127237439336,-0.029106885616212937,0.08215254708256077,0.0020055543340093294,0.06553094494738504,0.014522127753283594,0.0016740788045270295,530.6468757314822,1.0085637515842076,0.0029483821109015707
α_b,2008,0.04705377023104555,-0.09371122827736779,0.041494755527123575,0.2935410326210453,0,Float64,0.04669594238566795,0.15586982668372326,-0.028290852976652726,0.0920228014106182,0.002872856356150907,0.07208812081571672,0.0161543712555376,0.002264980709395399,297.1126620902795,1.0141692122060328,0.0016508184593036171
α_b,2013,0.05307501291228482,-0.10660043287006915,0.044451610262482115,0.35525133747068377,0,Float64,0.05459203825879471,0.19049232315707923,-0.028483624383579428,0.10365407738762576,0.0038279342486179724,0.07879068863059967,0.017619924876250567,0.003204097825882006,202.35781306223478,1.0179842782681832,0.0011243412207250286
α_b,2018,0.06053718022195611,-0.11143433632214672,0.04712225952816721,0.6506346533650413,0,Float64,0.07111727518684174,0.25304014050006435,-0.030928066315721342,0.11308185118870845,0.0033476579876562194,0.08409868905629345,0.017968260808918363,0.004914912893003215,141.62998921653158,1.023012390556586,0.0007869250638620691
α_C,1908,0.009537929215990932,-0.03899296816301914,0.009724386929924996,0.040205429006797265,0,Float64,0.008778738976352693,0.025704293301139,-0.008263993365076284,0.018581341840308907,0.00046721145047749784,0.015601681694556486,0.0038778542234906323,0.00014910990095667295,3191.50132160898,1.000037616444416,0.01773263131075545
α_C,1913,0.01113673771467182,-0.025348633883955415,0.011406037560893994,0.04003081332616709,0,Float64,0.008101045970158285,0.02648405307677523,-0.005349582636570175,0.019322126971654415,0.002876591797724317,0.016551525894802063,0.0058628126115199105,0.00015394639553333034,2892.163967197878,1.0009736808429792,0.01606945200784575
α_C,1918,0.012482314089274077,-0.022207401434858602,0.012666105645575326,0.046045111779289306,0,Float64,0.007741053676903898,0.027438189531368135,-0.00380995648576082,0.02025012748524299,0.004661253652613716,0.01742408848902132,0.00761764589766066,0.00014017786740523367,3469.27788392179,1.0010297446350411,0.019276014461785722
α_C,1923,0.01631496125821578,-0.012393138513908565,0.016183834653202032,0.043768378193563356,0,Float64,0.007330490790629691,0.031148301210666557,0.002027511890540813,0.02365171498082666,0.009071559749988793,0.020946468369170985,0.01162206990925796,0.0001227449703901539,3696.0426608951675,1.0006131308027604,0.0205359657446219
α_C,1928,0.01650883495141784,-0.01060402310944013,0.016457132125161436,0.04508677972379666,0,Float64,0.00722319575342779,0.03130362202352896,0.002089338716842165,0.02375736736018699,0.009553438852305854,0.021023791535255992,0.0119035630340718,9.51596828038165e-5,4101.6100926832,0.9995126868076543,0.02278938099181391
α_C,1933,0.018003990595238505,-0.014646909595998483,0.018125120323249446,0.04475981889909326,0,Float64,0.007238154374883082,0.032261006806325015,0.0033779886450159844,0.02523257089688458,0.010838292159106403,0.02270338335947491,0.013432019312708718,0.00012151293150838391,3890.4960376479307,1.0007864515048164,0.021616388307426855
α_C,1938,0.02005317296526298,-0.023666399930976773,0.0202022897046142,0.04895949256387606,0,Float64,0.007234082030097995,0.03426965228074737,0.005551973069385964,0.02713705559949336,0.012824376083504799,0.024637631379493916,0.015396149153622831,0.00010201062777849841,4037.142389357014,0.9996391542641319,0.02243118530290908
α_C,1943,0.02443756723002827,-0.005413234700296615,0.024346884256260762,0.06321196968916662,0,Float64,0.0076803971658992425,0.039975803946141204,0.009500196216842458,0.03209974143692305,0.016903559183543734,0.029306323147595834,0.019474030582429042,0.00014131981227167716,2781.862451851778,1.0006965906399201,0.015456594325034594
α_C,1948,0.030008480750787252,-0.006012696885243553,0.029590182296865275,0.06581613850140877,0,Float64,0.00949533991747774,0.049785207072865795,0.012434443062467777,0.03973934327057684,0.02032833608625433,0.03610116873763076,0.023510020666672037,0.000256718434440993,1391.1617303961048,1.000872016219932,0.007729577892297397
α_C,1953,0.02843336901880009,-0.002477988934919601,0.02806136322625145,0.06810358264330174,0,Float64,0.008867542010851086,0.046592832570800255,0.012293040481273644,0.03738580047774313,0.019390984232275137,0.03412426921264023,0.02246805839047893,0.00023277613945244923,1433.787932933934,1.0015302220763131,0.00796641775467284
α_C,1958,0.02164458658153854,-0.008836245475576397,0.021524546993859618,0.055380071332154696,0,Float64,0.007104092181989096,0.03588385449661171,0.007513710934239137,0.028575557334959617,0.014663038161320849,0.026163214365997396,0.01714905900669087,0.00011411737573339,3778.063169107343,1.0011704789071194,0.02099168839220459
α_C,1963,0.015295461787852495,-0.015794113713504584,0.015605509707161343,0.04069798737818324,0,Float64,0.007166909434311125,0.028762888644303243,0.0005065659134691079,0.022497735960576748,0.008065018541231681,0.020015699960528696,0.010663076396273341,0.00010629630290613976,3745.29943434943,1.0001927243945254,0.020809646409363565
α_C,1968,0.014347362045562114,-0.013163566212689893,0.01433569677673751,0.04585571356692393,0,Float64,0.007176882857264636,0.028542691728295103,0.00014873093763135184,0.021325615818327613,0.007126794544827326,0.018928836591763275,0.009660820320610632,9.748998243116806e-5,4608.053199086062,1.0006665025046555,0.025603282031086593
α_C,1973,0.011018300609296832,-0.02685704238337427,0.011164053340581837,0.03924465303337062,0,Float64,0.007575018674865454,0.025540229385900618,-0.0043039300823889785,0.01835775052530366,0.0034457888917377414,0.015923835089244,0.006367710419685562,0.00012698694409906931,3582.73855292816,1.0007383657746218,0.019906425045713445
α_C,1978,0.009078081775985552,-0.032508319180290915,0.00945411051866662,0.041404107016303975,0,Float64,0.007799625566569081,0.023690174583483152,-0.007544806649968613,0.016602402425312336,0.0012973817700460862,0.014112178640914456,0.004447841580752527,0.00015876017109316191,2145.120568493822,1.0005965473639622,0.011918726744891988
α_C,1983,0.012662618058241752,-0.027890237955585557,0.012653736505452803,0.046784847907250064,0,Float64,0.007123011907038448,0.02666974374277898,-0.001397642941564814,0.01979134414195355,0.005424456409751423,0.017301834566238315,0.008005554921969324,0.00010646561127231952,4182.545789866592,0.9996484192374301,0.023239076208392575
α_C,1988,0.012809850644844516,-0.02111007204244125,0.012760822343992517,0.050308479853886125,0,Float64,0.007123849032159383,0.027330012289785766,-0.0010538960660300837,0.019812937583453684,0.005857580298723887,0.016998563892971955,0.008299418222803688,0.00011592893535753548,4200.39095781448,1.0003059609023037,0.023338227595783786
α_C,1993,0.011109063390442027,-0.019781227534272503,0.01110395376185056,0.043109644203416106,0,Float64,0.007032680028895589,0.02530975280560867,-0.003067939312213402,0.017957845886894176,0.004108585223010726,0.015496028705142963,0.006593754725231052,9.922864323731195e-5,4447.146752037315,0.9998126575653025,0.024709253041745444
α_C,1998,0.008669446956711593,-0.021564259001233963,0.008644934614246645,0.03420994269194813,0,Float64,0.007077522065853244,0.022790737935552703,-0.005856358378754954,0.015675823012080058,0.0017584481839529424,0.013234562383104309,0.004450338016063418,0.00010786986996596916,3746.3700041343336,0.9995165600635437,0.02081559471311628
α_C,2003,0.00853299136485971,-0.031946321757147116,0.008714106665625446,0.0344087896589605,0,Float64,0.007209915242334338,0.0224642439436747,-0.005779058733740951,0.01573730425260081,0.0013184004169344865,0.013257076442078006,0.003908819906988069,0.0001205522182724319,3626.8359781045783,0.9996324582232106,0.020151439320691977
α_C,2008,0.00935530723711735,-0.021143918932322148,0.009342899133448199,0.04676443204120894,0,Float64,0.00734898412023204,0.024086957096657546,-0.0051550289991724625,0.016613182829742588,0.0019994152380189956,0.014094932269852305,0.004627056764269581,0.00013687390621715275,3766.575920201198,0.9996499402586504,0.020927862897836675
α_C,2013,0.010434280963146716,-0.02801871171985533,0.010391381692631733,0.05000270784328447,0,Float64,0.00796421382532576,0.026796789224673476,-0.004887758463201514,0.018252464484984302,0.002482813318019721,0.015491686789327691,0.005226023620608036,0.00014475889494716844,4038.2234357456728,0.9994937663214666,0.022437191816805882
α_C,2018,0.008565474491500604,-0.030847449730944027,0.008580342126168133,0.0544452276347878,0,Float64,0.009186833634754931,0.026468850308088043,-0.010280646883770506,0.017895792773472027,-0.00048295636233781377,0.014341654538609729,0.002800661353284615,0.00017180678669017206,3913.886957595096,0.999716269127774,0.021746353022350853
α_c,1908,0.009317138512927396,-0.034545977285612414,0.009836832516816437,0.047195307586064744,0,Float64,0.010912245622387783,0.02983865079657925,-0.013426265131137502,0.020415264531548426,-0.0019062599325529235,0.016749977367085497,0.002309574261930409,0.0002489025093772041,2399.9863382708886,1.0000437303008045,0.013334812866676876
α_c,1913,0.013205570434676935,-0.029007435039628326,0.013498630290763348,0.056676390000647094,0,Float64,0.009902969564146833,0.03209382390483982,-0.00783529268781149,0.02284319494087418,0.003209613063819455,0.019710639779550995,0.00699758484855062,0.00020092061663671377,2996.761381739768,1.0001184455335599,0.016650616544915252
α_c,1918,0.017398714241657724,-0.02981744346995574,0.017219022762678234,0.0562331949732678,0,Float64,0.009483142553378794,0.03677888576989684,-0.001349124291163599,0.02676624586482041,0.008211843461780948,0.023308379635996364,0.011524419843578774,0.0001689689032294131,3425.5343855171664,1.0001956994253207,0.019032966676030535
α_c,1923,0.018948288740412794,-0.024135651997978777,0.01903932371375517,0.07369413768964808,0,Float64,0.009331660140773697,0.03759041927520866,0.0006693112000147808,0.02809628642061706,0.009770238708686664,0.02482450188378868,0.013208147520346457,0.00016881900111872565,3129.093078432377,1.0004169659974504,0.017385878401862793
α_c,1928,0.01989865062449793,-0.029642148787374034,0.01993003817139389,0.054242784939188625,0,Float64,0.00910723632953207,0.03780662355833958,0.00118754707257101,0.029053461769233107,0.010838223059739586,0.025777010356037883,0.014151206448350374,0.00014717849225127802,3618.1359676044844,1.0001497813702316,0.020103100290545472
α_c,1933,0.020518323059242068,-0.020767757365331752,0.020689335487397667,0.05914494186237039,0,Float64,0.009215416495633568,0.038691522038212696,0.001976511791399518,0.029506166697670668,0.011360032208864135,0.026648827989735484,0.014501819355499095,0.00016523160883391224,3004.0589430990917,0.9999373086869332,0.016691163282018674
α_c,1938,0.023110467142020388,-0.014288446722865852,0.023263504437059282,0.05558756495446699,0,Float64,0.009200416540112262,0.040982283497829876,0.004973338815834779,0.032315976475483836,0.013688420728120324,0.029117827326713697,0.01719718039564799,0.0001535850652650162,2939.1022427122352,1.000355283679815,0.016330250625857645
α_c,1943,0.02764257700495981,-0.013257330225031411,0.027690794331855447,0.065597509821567,0,Float64,0.009930955223581115,0.047787098725199935,0.008406074471163929,0.03769332787002655,0.017417693239817764,0.03396291190915333,0.021049798667159163,0.0002258960868499507,2040.543876382768,1.0009649826854563,0.011337677345868456
α_c,1948,0.030548774546534135,-0.004631218256239633,0.030167673240978236,0.08272382716046245,0,Float64,0.01080466757220373,0.05262949465680306,0.010129238171194611,0.04180467578303429,0.019524021777445937,0.03754201847187475,0.023164315200558564,0.0003120859115768071,1244.404860561076,1.0019355266071548,0.006914166835599758
α_c,1953,0.029306104193826805,-0.011255112610182364,0.02882090682419431,0.08356484962254769,0,Float64,0.010933265904496694,0.05201536665492274,0.008876494676443188,0.04062491932242063,0.018145156198315995,0.03643275635985205,0.02179053096711138,0.000333789116931089,1302.534938786038,1.0019884249431068,0.007237149388747802
α_c,1958,0.02263743262932693,-0.021271867471629867,0.02253249085503604,0.06095261551033562,0,Float64,0.0093498445892506,0.04160516318765361,0.004101526917946745,0.032002378034797885,0.013309929722433929,0.028595916543613924,0.01668330404358655,0.00019608474908438427,2854.9844648182825,1.0005758400407625,0.015862875120801773
α_c,1963,0.015110242669429856,-0.025164023597319486,0.015292995686049497,0.048238330430514446,0,Float64,0.008981098794576923,0.03281118871066663,-0.0033620120336573227,0.02375152189530996,0.006162712812809587,0.02081316291847412,0.009629886831443432,0.00015949087582025747,3905.570563451805,1.0008837479218988,0.021700145442808457
α_c,1968,0.012747130687668072,-0.030604168297561452,0.012827112830614908,0.04953275747957629,0,Float64,0.008895741667778652,0.03011740935345717,-0.005061025970084337,0.021429616527995424,0.0039901580846448395,0.018324991291312327,0.007132951280382389,0.00014074661618637864,4232.912155895707,0.99981356198331,0.02351892199545513
α_c,1973,0.00741341354035564,-0.04697545835090887,0.007509427523237164,0.04600323023912217,0,Float64,0.009476120962535278,0.025584762759851436,-0.012250980183002573,0.016943725024099993,-0.0019025617620457554,0.013562476017519056,0.0016270557840604172,0.000189452916741347,2525.313500118549,1.000572136783416,0.014031156101511425
α_c,1978,0.0028337612734812972,-0.07875276097634737,0.0035020145162385596,0.04010316600984579,0,Float64,0.010740959136188208,0.022050865851657137,-0.02057956925570891,0.013256981962450067,-0.007265814189349796,0.009912052552159208,-0.003190286196327398,0.00031352424037872515,1457.682942298915,1.0020364602664973,0.008099183293062978
α_c,1983,0.008804453549021476,-0.02964415402171582,0.008634900610864287,0.048940991216422494,0,Float64,0.009085012450331218,0.027240095527649187,-0.009049690617384924,0.017671763283136122,-3.441354220166481e-5,0.014554964212012848,0.0029147374120970055,0.0001449604673280434,3552.5352359394333,0.9999211242151349,0.01973860926544206
α_c,1988,0.00874597963665199,-0.030748407123903924,0.008383270276282826,0.04631076607198689,0,Float64,0.009328512074652046,0.02855064853548145,-0.009326941784811135,0.017865749531700545,-0.0002678771517644348,0.014389672462516948,0.002755342594474514,0.00015179753810030616,3018.5221793216315,1.0002210077331726,0.01677152396799369
α_c,1993,0.005101571157346566,-0.041976102111399266,0.0050626918352324815,0.04504720253066403,0,Float64,0.009315655234869961,0.02367954541074844,-0.012936181231259317,0.014481495830551023,-0.003912081623391269,0.011031962746030865,-0.0009371829313756851,0.0001482686177882966,3648.909048584101,1.0002040550358886,0.02027408179558601
α_c,1998,0.001036576104918827,-0.04523864397281791,0.001129104551068919,0.040913676991943496,0,Float64,0.009634493158547799,0.020420609705215188,-0.018863840607085902,0.010661577199586528,-0.008509627920787141,0.007184649845443244,-0.00493739519657865,0.00018588087444170319,2243.8299914122085,1.000718506372053,0.0124671764013774
α_c,2003,0.0008174375889301736,-0.06021357481045422,0.0008692244240294015,0.03822946787094772,0,Float64,0.009593492977982473,0.01909406133084143,-0.01864740347848269,0.010562275809840517,-0.008743346984191594,0.007135436373158961,-0.005236134888404684,0.00017130185902188507,2707.589620467392,1.0008623670864885,0.015043919347766764
α_c,2008,0.002743139011071185,-0.038294065187956285,0.0026462584552826266,0.04211219250813328,0,Float64,0.009639122179118437,0.02197403104780602,-0.017437209760144047,0.012710184336873705,-0.006755701357202662,0.008845225341025902,-0.003455874342420522,0.00012615228530377725,3469.787609170049,1.0002881440358609,0.019278846599073574
α_c,2013,0.003512742671600098,-0.04066777608528769,0.0035258379491725595,0.056516832429534036,0,Float64,0.010213753201993208,0.024044110409571887,-0.016005133806546914,0.013890332378437991,-0.00685298559705923,0.010096632239519024,-0.0033150636095249522,0.00014314012047583297,3154.3054722579686,0.9997165695639298,0.01752596359660913
α_c,2018,0.00022708814015675712,-0.044624789705031184,0.0003825695524763157,0.05253771797622417,0,Float64,0.012098106334314466,0.02388045033402545,-0.02451551735658545,0.012359862805336484,-0.012170073367662982,0.007998706598150182,-0.007601942031026247,0.00016781660553926168,3351.3436938178966,0.9999214114160623,0.018620748083581443
α_d,1908,-0.01150650480094606,-0.08101702425288772,-0.011913872494272334,0.06616677159638705,0,Float64,0.020130264331145266,0.028786606595573607,-0.05036562249688661,0.00895713384487538,-0.03253122127774283,0.0019007456160913655,-0.02526518752350934,0.0004933624257616597,1900.2863587060674,1.001802018844143,0.010558378013393538
α_d,1913,-0.027419273143005164,-0.2573450246228366,-0.026943308346624187,0.22544880441344167,0,Float64,0.03542436427153017,0.04036515642798825,-0.09849690065366784,0.005033677471922545,-0.05956263538396127,-0.006815100292404233,-0.047339444378117684,0.0006119231364224722,2623.195215926675,0.9997579180263658,0.014575006848724838
α_d,1918,-0.03743005530392727,-0.31972589958729297,-0.03686465665647173,0.3214588761998381,0,Float64,0.044719230213426296,0.049313316030973255,-0.12548284090135273,-0.0005712465931039228,-0.07772051753291541,-0.013672499282314014,-0.06186400362273058,0.0014208826459524199,1426.998238188695,1.004052508006929,0.007928692827907277
α_d,1923,-0.06633602458876774,-0.3568465029553919,-0.057952473802654614,0.15242869043091667,0,Float64,0.054638522558124146,0.01994198888337536,-0.198125041194529,-0.015736855572249794,-0.11841277140769953,-0.029768288546346208,-0.09391195923509867,0.002482713979149433,441.91148963975695,1.0018267134713479,0.002455350234295979
α_d,1928,-0.07959938481051224,-0.3699404685770804,-0.07096445528865365,0.15817659021295008,0,Float64,0.05962131450171514,0.013264547632117782,-0.22299147709655154,-0.023376116437557125,-0.13873994747001572,-0.03839874940271535,-0.11197440682812623,0.0028542352051585985,398.80429519356426,1.0034935572393702,0.0022158378829208562
α_d,1933,-0.09221775022457171,-0.4847930947173895,-0.08269711037671185,0.09273390865776499,0,Float64,0.06486529452549268,0.009101767575301643,-0.24044413708060552,-0.029634409168580355,-0.1580704138444671,-0.0463258840755779,-0.1297098426538742,0.0032563974514586416,345.17037047697784,1.0037023606912223,0.0019178368743332853
α_d,1938,-0.09877964440573199,-0.3782361987771863,-0.09127096712054332,0.10234923578515619,0,Float64,0.06512638640518606,0.00521999188394365,-0.24359133215298576,-0.03362602932415855,-0.16608173576438798,-0.0516628548958607,-0.13879610931130176,0.0030566627333831627,392.45792774747,1.0037080864932955,0.0021805761729155365
α_d,1943,-0.11011803689872714,-0.4726224594447307,-0.10100511892115008,0.12729503906526937,0,Float64,0.07012581416982626,0.002837292555255439,-0.26712742195495065,-0.04034206227569928,-0.18388656733642,-0.059074326646145786,-0.15365896216701358,0.00349543888021184,341.4513538445304,1.0041882228726935,0.0018971732605239354
α_d,1948,-0.12140177412711019,-0.5032285295583343,-0.11165062548724528,0.08409027101477685,0,Float64,0.07550564453162889,-0.0015036531875316419,-0.293349328604683,-0.045506012514109045,-0.19904876279001307,-0.06627715712063184,-0.16861321991150605,0.004142993436288419,284.5077109621121,1.0070112186990108,0.0015807827837635558
α_d,1953,-0.1358521936274639,-0.6098513614928522,-0.12112908562345281,0.0767874484555017,0,Float64,0.09020112074258062,-0.004315939340898121,-0.35644605359440384,-0.04946978988722228,-0.2237563602965101,-0.07245891350310583,-0.18305403911156196,0.005760770642097562,219.2482836200543,1.0098453593729175,0.0012181881149873144
α_d,1958,-0.12775604037270205,-0.5790009409852267,-0.1188924306604677,0.06626639780557274,0,Float64,0.07747508916307169,-0.0037383287711900684,-0.3043439485185186,-0.04972685254387129,-0.20694456714607196,-0.0720690874002026,-0.17363817015163063,0.004495027356664738,261.7586608886888,1.0085136327697413,0.0014543844285786179
α_d,1963,-0.11535862345767312,-0.4412785665231627,-0.11137861235209073,0.06924877813158051,0,Float64,0.06593144216218184,-0.0011407528347952742,-0.25281356720017834,-0.04760569455772127,-0.18371651116167906,-0.06784148428228631,-0.15841428493087192,0.0032261255405220653,369.95205647777766,1.0090939782871284,0.0020555289686889125
α_d,1968,-0.10330122831687516,-0.3629810129851257,-0.10041693253031472,0.13430326367299603,0,Float64,0.06052180425182151,0.005004459659913835,-0.2277427277800314,-0.04067001620145479,-0.16670521892229445,-0.062337595096947404,-0.14236620403580666,0.0026585593576271987,504.77908043183095,1.0106351375018838,0.0028046553720890185
α_d,1973,-0.10068711252308961,-0.38000093735318435,-0.09840922721465671,0.3125808696892994,0,Float64,0.05983673274059893,0.007121584583640709,-0.21977118893874154,-0.04120619066197429,-0.1622769935504781,-0.060449053787339356,-0.1388027882285585,0.0024471526147457835,587.4814307108351,1.0100158803549841,0.00326416647305613
α_d,1978,-0.1053658249823343,-0.4170520034482589,-0.10262659866005067,0.16643141243473775,0,Float64,0.06206173579323512,0.0054638749834829145,-0.23587103326888337,-0.04283313228579919,-0.16860370071023026,-0.062317952189593045,-0.14430389538809446,0.002574532136555524,509.09424928316736,1.0092210780073165,0.002828631329036399
α_d,1983,-0.09899922918316303,-0.406628026414512,-0.09714865524057986,0.2466326443224348,0,Float64,0.05924213453772224,0.009460496047147856,-0.22000884394061784,-0.039268045775394236,-0.15945482249041465,-0.059900467408702085,-0.13634822071338348,0.002238115295570416,626.7049598478675,1.0096150353181725,0.0034821003890424217
α_d,1988,-0.09011403906937797,-0.3332672728303072,-0.08873671721697736,0.275748022941319,0,Float64,0.05972135039491983,0.023827192749078744,-0.2109788835429057,-0.031007390786617656,-0.15044959145016062,-0.05178611666515656,-0.1276348530629719,0.0021877461717461767,820.4260598303408,1.0087666753883884,0.004558454272979202
α_d,1993,-0.08995255626015801,-0.3042316557076813,-0.08904284477213353,0.1546198199040245,0,Float64,0.0602215051272396,0.027755282940837126,-0.21044836014948787,-0.030290466835957375,-0.1520939187097925,-0.050437572692684673,-0.1291102359708009,0.0021368198229250045,797.3392650571315,1.0082825168390543,0.004430179339458571
α_d,1998,-0.09404105375693345,-0.3410694014407423,-0.09242831122837952,0.23332116834480363,0,Float64,0.061294879904394486,0.021843463024095452,-0.21893886942345359,-0.032910475443324025,-0.15566206677025837,-0.05343836599444284,-0.13214781431309888,0.002036915352676348,838.2893753780942,1.0060420630367297,0.004657706492131128
α_d,2003,-0.09504189697108285,-0.4103576717179857,-0.09352846381323651,0.15892259115129104,0,Float64,0.06274016393462029,0.01947188969133474,-0.22649272485669342,-0.03143359252670307,-0.15848452414150827,-0.05198816662797691,-0.13426969156843857,0.00201569499632975,815.5458371799516,1.0049230853727147,0.004531338762047776
α_d,2008,-0.09657880153595472,-0.4046849637654809,-0.09529100352658135,0.18108699436877707,0,Float64,0.0650540729992521,0.02573457571639884,-0.22818475716064335,-0.030765637551859574,-0.1629010808946903,-0.05159607908199242,-0.138170746066544,0.0020667374000316353,883.3089659149516,1.0043500637843772,0.004907844505656625
α_d,2013,-0.09855932089967334,-0.4192285139304876,-0.09669530971340817,0.16177467779717936,0,Float64,0.06775740000394896,0.029021489804073868,-0.23761264514416386,-0.03114504185298981,-0.16771095559705995,-0.05258539428933619,-0.14046579041306806,0.002250636189204045,851.673187512254,1.0047516537129928,0.004732069678040079
α_d,2018,-0.09622566078268795,-0.4632645336828237,-0.09469408626557732,0.305996900235191,0,Float64,0.07209579377329846,0.03809009171597651,-0.24461409913933874,-0.024983995750814992,-0.16984597600345408,-0.04865974268397262,-0.14112131076414283,0.002128384084123867,1061.1379751382622,1.003527978792788,0.005895898696818337
α_σ,1908,0.0010557488970129106,-0.06446757580251887,0.0011299459380815593,0.07791168618837578,0,Float64,0.019101811064741615,0.039076044454060356,-0.03673744868305534,0.020569633003944345,-0.018523446244306515,0.01358790033874274,-0.011336972415714106,0.00039263038890042086,2785.3028198857705,1.0014418384460815,0.015475709710482512
α_σ,1913,0.0018185456623475186,-0.10174150279831763,0.0014140566502673885,0.12612504351239837,0,Float64,0.024190342022134968,0.05121675785539085,-0.04659874456635335,0.02544986451638089,-0.022109467163244283,0.017035851974275727,-0.013367948947286346,0.0005737170863009044,1766.5163113615129,1.0022881774744383,0.00981512438729527
α_σ,1918,0.0022830824519565096,-0.12554283633396943,0.0019719051564006133,0.12839482771629385,0,Float64,0.027504258547150814,0.05950387899716359,-0.05161585479370266,0.02883213257938303,-0.02423175616777378,0.01891248072299355,-0.014720304282209992,0.0007591339252901548,1400.1294823895134,1.0040174808092877,0.007779404548707879
α_σ,1923,0.0020568212134389205,-0.1604129030918539,0.001368050769167753,0.19492343035993137,0,Float64,0.030434062221445242,0.0655355216002233,-0.056542476744856116,0.030207259029060428,-0.026941841612445186,0.019794157617688792,-0.016467997782404306,0.0008903557851789657,1228.2164142092731,1.0042880348504915,0.006824220530797433
α_σ,1928,0.0024791631975141686,-0.20604315872959378,0.002099572895172117,0.21925604450508085,0,Float64,0.03316963325557373,0.07174811520319967,-0.06192193169871436,0.032402291039903275,-0.028230796694249567,0.02120460103878323,-0.01685110603167007,0.0010516495649641844,1092.7623784706614,1.005696471964428,0.006071610322227705
α_σ,1933,0.0023510530748573856,-0.25084251050383666,0.0019486621348148245,0.24641395961470133,0,Float64,0.0349926202808005,0.07476148800794448,-0.06475962389335554,0.03337569308642093,-0.029774098301335362,0.021930208338037313,-0.017816169579774978,0.0011525027090690456,932.6637440826074,1.0048399185313595,0.005182069704545134
α_σ,1938,0.002529864573219546,-0.19995207636523493,0.0017347814350240362,0.26938775614637034,0,Float64,0.03723297333670867,0.07975370909438072,-0.06832669465844247,0.03505664015936983,-0.031050274055794583,0.02330037294113182,-0.018693625090008312,0.0012324107528720839,952.3039563731468,1.005077579908345,0.005291194723875385
α_σ,1943,0.002760696507091032,-0.19728066263006447,0.0014848265679743683,0.24224907209788557,0,Float64,0.038799964012009594,0.08339194232264523,-0.0713478599627991,0.03782797403056924,-0.03235471494666171,0.024299807959486185,-0.019908270087609693,0.0012931817919925586,911.5743774568141,1.0053323730377257,0.005064892888599462
α_σ,1948,0.002951080766423264,-0.2033307588544262,0.002253003466309633,0.22255219951597788,0,Float64,0.03996521549490238,0.08340185639512607,-0.07551338077132035,0.03954916640087729,-0.0342037873904415,0.02527380234908149,-0.020427213603220334,0.0013125256519931695,930.5867612390429,1.0058154578382354,0.005170529564876595
α_σ,1953,0.0031204706187770944,-0.22816973974573634,0.0029166523557179387,0.20719656416627452,0,Float64,0.0412180118001059,0.08693957578221874,-0.07790700553935269,0.04112114720673959,-0.034740979695926905,0.027107656270087953,-0.020820278223627406,0.0013125420828567992,934.1236578846928,1.0055920979164998,0.005190181282949498
α_σ,1958,0.003373888105522518,-0.2566955425363006,0.003028504414936522,0.2389825853893803,0,Float64,0.042932696221648435,0.09273733066628213,-0.08087415585224468,0.04269854038598505,-0.03583128319208022,0.027330302001305144,-0.02175224905316627,0.0013355056265708625,927.2137836353818,1.0052925000609265,0.005151788614384052
α_σ,1963,0.0033825954514015537,-0.2524452795455797,0.0030905893918790226,0.1938321809039401,0,Float64,0.0441131084729418,0.09276944116086709,-0.08544607093348706,0.04383150015177062,-0.036717830597929435,0.027803999068895704,-0.022607049612867008,0.001415329262292991,866.4133924708317,1.0064399427349224,0.004813969258718821
α_σ,1968,0.0026052836619992062,-0.2345464890774672,0.002208306385000968,0.20364551697649647,0,Float64,0.045188127876606934,0.09574397551728327,-0.09036316787837852,0.044396723483174486,-0.038402973477377284,0.02883812446462432,-0.023240961822575845,0.0014553748508949274,852.1379184332308,1.0079917388045663,0.004734651817682194
α_σ,1973,0.0025361661076054526,-0.2598880739734355,0.0023594859232154565,0.22883069309980805,0,Float64,0.046445913298043214,0.09856894623358377,-0.09153130915147889,0.04555651604955234,-0.03930639535858126,0.02905234773918983,-0.024554567882753998,0.0014882668476565526,828.3263759550788,1.0072688362675932,0.004602350038313796
α_σ,1978,0.0026707098352345055,-0.2515086658956173,0.0028317912467175736,0.24898847789890774,0,Float64,0.047503304894816356,0.10275447783915782,-0.09535331552241784,0.046387787105957146,-0.040173224223232495,0.029444920679375076,-0.024334331981321837,0.0015254889818995252,844.655369601175,1.0087907095287778,0.004693077252506493
α_σ,1983,0.0028854037788251623,-0.2699378929165609,0.001693564699212979,0.3043004703634172,0,Float64,0.04888703152778431,0.10189482401487811,-0.0950372585052229,0.04738922177311828,-0.04170232601922595,0.030127756974401638,-0.025027199134833096,0.001549530453226272,868.5501991565694,1.0083396742038186,0.004825841791837949
α_σ,1988,0.0016910899749314969,-0.29189859357605724,0.0015511365526315248,0.26967184834368224,0,Float64,0.0499562605538776,0.1013404070389211,-0.10184059610249167,0.046834168118643174,-0.04388522427277454,0.02985331901733227,-0.026309649299454257,0.001556439486977024,891.8607919886546,1.0084937114301824,0.004955360192951477
α_σ,1993,0.002393863888044887,-0.2942523096787858,0.0018665506118754234,0.24984413456934224,0,Float64,0.05139243534313692,0.10781810813452249,-0.10136529854170627,0.04936236071000733,-0.04334882186624126,0.03082266284785021,-0.026214307689602784,0.0016008689165104345,904.7640948000962,1.0086532415936993,0.005027053571204874
α_σ,1998,0.0024675156652356174,-0.2672194912402857,0.002399403309570415,0.2603947473317392,0,Float64,0.05299286648814221,0.11275720482748508,-0.10439907299894598,0.04977800612266029,-0.04486989278834794,0.03133795974467536,-0.02717340782585244,0.0016697363918899114,881.988181795171,1.009547054040435,0.004900505960101719
α_σ,2003,0.0032136328427790984,-0.27693899322833593,0.0026106145533361094,0.2585064325273098,0,Float64,0.05406382853371539,0.11973310432273973,-0.10544623640454037,0.05113694130222552,-0.04522205178042868,0.03221557043170504,-0.02800562756935053,0.0017254354664722337,893.4292453590522,1.0105436434887154,0.0049640748393021015
α_σ,2008,0.0030650642872481447,-0.2816971635223514,0.0024262105716350664,0.28545567601387734,0,Float64,0.05537531367842169,0.12245879651992334,-0.10959313057770168,0.05360646526895501,-0.04607090328513521,0.032582287210769126,-0.02899849741678473,0.0017526390704207977,910.751553448867,1.0103170465908005,0.00506032111083839
α_σ,2013,0.0024594336952257828,-0.28117550252030676,0.0014352807084820082,0.28386566545998015,0,Float64,0.05766136160518863,0.12690028537554374,-0.11246024388070197,0.053026756472674394,-0.04871217672134196,0.03315167380002215,-0.030249384479824767,0.0017504341013915494,1018.9025855358576,1.0091375140782253,0.0056612302707034524
α_σ,2018,0.0026701757348870014,-0.2960160401481772,0.0017057591535268616,0.3320979270673201,0,Float64,0.05934996596513552,0.13108576282764972,-0.11227818854203489,0.055531315674834936,-0.049543046984078916,0.03463116422341205,-0.030924431915679444,0.0017986293329173297,1029.4338444221164,1.0087178289389822,0.005719744089827925
