country;variable;percentile;year;value;age;pop
TV;mptfor999i;p0p100;2001;7529489.0;999;i
TV;mptfor999i;p0p100;2002;4925996.0;999;i
TV;mptfor999i;p0p100;2003;4151707.0;999;i
TV;mptfor999i;p0p100;2004;3598463.0;999;i
TV;mptfor999i;p0p100;2005;3397006.0;999;i
TV;mptfor999i;p0p100;2006;11799658.0;999;i
TV;mptfor999i;p0p100;2007;9268354.0;999;i
TV;mptfor999i;p0p100;2008;10621207.0;999;i
TV;mptfor999i;p0p100;2009;7274448.0;999;i
TV;mptfor999i;p0p100;2010;4568549.0;999;i
TV;mptfor999i;p0p100;2011;6348669.0;999;i
TV;mptfor999i;p0p100;2012;3251183.0;999;i
TV;mptfor999i;p0p100;2013;3947482.0;999;i
TV;aptfrp999i;p0p100;1970;0.0;999;i
TV;aptfrp999i;p0p100;1971;0.0;999;i
TV;aptfrp999i;p0p100;1972;0.0;999;i
TV;aptfrp999i;p0p100;1973;0.0;999;i
TV;aptfrp999i;p0p100;1974;0.0;999;i
TV;aptfrp999i;p0p100;1975;0.0;999;i
TV;aptfrp999i;p0p100;1976;0.0;999;i
TV;aptfrp999i;p0p100;1977;0.0;999;i
TV;aptfrp999i;p0p100;1978;0.0;999;i
TV;aptfrp999i;p0p100;1979;0.1;999;i
TV;aptfrp999i;p0p100;1980;0.1;999;i
TV;aptfrp999i;p0p100;1981;0.1;999;i
TV;aptfrp999i;p0p100;1982;0.1;999;i
TV;aptfrp999i;p0p100;1983;0.1;999;i
TV;aptfrp999i;p0p100;1984;0.1;999;i
TV;aptfrp999i;p0p100;1985;0.1;999;i
TV;aptfrp999i;p0p100;1986;0.1;999;i
TV;aptfrp999i;p0p100;1987;0.1;999;i
TV;aptfrp999i;p0p100;1988;0.3;999;i
TV;aptfrp999i;p0p100;1989;0.3;999;i
TV;aptfrp999i;p0p100;1990;0.3;999;i
TV;aptfrp999i;p0p100;1991;0.0;999;i
TV;aptfrp999i;p0p100;1992;0.3;999;i
TV;aptfrp999i;p0p100;1993;0.5;999;i
TV;aptfrp999i;p0p100;1994;0.5;999;i
TV;aptfrp999i;p0p100;1995;0.7;999;i
TV;aptfrp999i;p0p100;1996;0.5;999;i
TV;aptfrp999i;p0p100;1997;0.6;999;i
TV;aptfrp999i;p0p100;1998;0.8;999;i
TV;aptfrp999i;p0p100;1999;0.5;999;i
TV;aptfrp999i;p0p100;2000;1.1;999;i
TV;aptfrp999i;p0p100;2001;1.3;999;i
TV;aptfrp999i;p0p100;2002;1.6;999;i
TV;aptfrp999i;p0p100;2003;1.3;999;i
TV;aptfrp999i;p0p100;2004;1.0;999;i
TV;aptfrp999i;p0p100;2005;0.5;999;i
TV;aptfrp999i;p0p100;2006;0.0;999;i
TV;aptfrp999i;p0p100;2007;0.2;999;i
TV;aptfrp999i;p0p100;2008;0.8;999;i
TV;aptfrp999i;p0p100;2009;1.1;999;i
TV;aptfrp999i;p0p100;2010;1.9;999;i
TV;aptfrp999i;p0p100;2011;3.6;999;i
TV;aptfrp999i;p0p100;2012;3.4;999;i
TV;aptfrp999i;p0p100;2013;5.0;999;i
TV;aptfrp999i;p0p100;2014;4.1;999;i
TV;aptfrp999i;p0p100;2015;4.8;999;i
TV;aptfrp999i;p0p100;2016;5.1;999;i
TV;aptfrp999i;p0p100;2017;5.2;999;i
TV;aptfrp999i;p0p100;2018;5.4;999;i
TV;aptfrp999i;p0p100;2019;8.3;999;i
TV;aptfrp999i;p0p100;2020;8.3;999;i
TV;afinrx999i;p0p100;2001;4641.0;999;i
TV;afinrx999i;p0p100;2002;4046.4;999;i
TV;afinrx999i;p0p100;2003;1792.1;999;i
TV;afinrx999i;p0p100;2004;1937.9;999;i
TV;afinrx999i;p0p100;2005;1637.0;999;i
TV;afinrx999i;p0p100;2006;2561.1;999;i
TV;afinrx999i;p0p100;2007;2435.0;999;i
TV;afinrx999i;p0p100;2008;3151.0;999;i
TV;afinrx999i;p0p100;2009;2771.6;999;i
TV;afinrx999i;p0p100;2010;1988.5;999;i
TV;afinrx999i;p0p100;2011;1909.2;999;i
TV;afinrx999i;p0p100;2012;1815.6;999;i
TV;afinrx999i;p0p100;2013;3183.0;999;i
TV;mfdirx999i;p0p100;2001;0.0;999;i
TV;mfdirx999i;p0p100;2002;0.0;999;i
TV;mfdirx999i;p0p100;2003;0.0;999;i
TV;mfdirx999i;p0p100;2004;33689.0;999;i
TV;mfdirx999i;p0p100;2005;44774.0;999;i
TV;mfdirx999i;p0p100;2006;0.0;999;i
TV;mfdirx999i;p0p100;2007;41238.0;999;i
TV;mfdirx999i;p0p100;2008;0.0;999;i
TV;mfdirx999i;p0p100;2009;0.0;999;i
TV;mfdirx999i;p0p100;2010;0.0;999;i
TV;mfdirx999i;p0p100;2011;0.0;999;i
TV;mfdirx999i;p0p100;2012;0.0;999;i
TV;mfdirx999i;p0p100;2013;0.0;999;i
TV;mcompx999i;p0p100;2001;300083.0;999;i
TV;mcompx999i;p0p100;2002;216301.0;999;i
TV;mcompx999i;p0p100;2003;356502.0;999;i
TV;mcompx999i;p0p100;2004;357749.0;999;i
TV;mcompx999i;p0p100;2005;388578.0;999;i
TV;mcompx999i;p0p100;2006;416365.0;999;i
TV;mcompx999i;p0p100;2007;323796.0;999;i
TV;mcompx999i;p0p100;2008;250075.0;999;i
TV;mcompx999i;p0p100;2009;458329.0;999;i
TV;mcompx999i;p0p100;2010;898249.0;999;i
TV;mcompx999i;p0p100;2011;1029295.0;999;i
TV;mcompx999i;p0p100;2012;1514304.0;999;i
TV;mcompx999i;p0p100;2013;1308019.0;999;i
TV;mconfc999i;p0p100;1970;1801980.0;999;i
TV;mconfc999i;p0p100;1971;1760820.0;999;i
TV;mconfc999i;p0p100;1972;1720893.0;999;i
TV;mconfc999i;p0p100;1973;1681358.0;999;i
TV;mconfc999i;p0p100;1974;1639345.0;999;i
TV;mconfc999i;p0p100;1975;1593025.0;999;i
TV;mconfc999i;p0p100;1976;1539557.0;999;i
TV;mconfc999i;p0p100;1977;1481774.0;999;i
TV;mconfc999i;p0p100;1978;1424433.0;999;i
TV;mconfc999i;p0p100;1979;1371316.0;999;i
TV;mconfc999i;p0p100;1980;1323879.0;999;i
TV;mconfc999i;p0p100;1981;1285783.0;999;i
TV;mconfc999i;p0p100;1982;1265173.0;999;i
TV;mconfc999i;p0p100;1983;1289094.0;999;i
TV;mconfc999i;p0p100;1984;1363224.0;999;i
TV;mconfc999i;p0p100;1985;1491595.0;999;i
TV;mconfc999i;p0p100;1986;1686625.0;999;i
TV;mconfc999i;p0p100;1987;1930427.0;999;i
TV;mconfc999i;p0p100;1988;2198928.0;999;i
TV;mconfc999i;p0p100;1989;2457522.0;999;i
TV;mconfc999i;p0p100;1990;2700016.0;999;i
TV;mconfc999i;p0p100;1991;2906273.0;999;i
TV;mconfc999i;p0p100;1992;3075015.0;999;i
TV;mconfc999i;p0p100;1993;3211701.0;999;i
TV;mconfc999i;p0p100;1994;3321372.0;999;i
TV;mconfc999i;p0p100;1995;3402964.0;999;i
TV;mconfc999i;p0p100;1996;3499970.0;999;i
TV;mconfc999i;p0p100;1997;3653069.0;999;i
TV;mconfc999i;p0p100;1998;3835224.0;999;i
TV;mconfc999i;p0p100;1999;3990755.0;999;i
TV;mconfc999i;p0p100;2000;4107626.0;999;i
TV;mconfc999i;p0p100;2001;4192760.0;999;i
TV;mconfc999i;p0p100;2002;4246085.0;999;i
TV;mconfc999i;p0p100;2003;4253319.0;999;i
TV;mconfc999i;p0p100;2004;4240377.0;999;i
TV;mconfc999i;p0p100;2005;4243400.0;999;i
TV;mconfc999i;p0p100;2006;4292829.0;999;i
TV;mconfc999i;p0p100;2007;4383067.0;999;i
TV;mconfc999i;p0p100;2008;4475519.0;999;i
TV;mconfc999i;p0p100;2009;4533223.0;999;i
TV;mconfc999i;p0p100;2010;4579839.0;999;i
TV;mconfc999i;p0p100;2011;4644426.0;999;i
TV;mconfc999i;p0p100;2012;4728648.0;999;i
TV;mconfc999i;p0p100;2013;4860911.0;999;i
TV;mconfc999i;p0p100;2014;5049055.0;999;i
TV;mconfc999i;p0p100;2015;5292659.0;999;i
TV;mconfc999i;p0p100;2016;5565964.0;999;i
TV;mconfc999i;p0p100;2017;5856722.0;999;i
TV;mconfc999i;p0p100;2018;6163020.0;999;i
TV;mconfc999i;p0p100;2019;6481259.0;999;i
TV;mconfc999i;p0p100;2020;6784528.0;999;i
TV;mconfc999i;p0p100;2021;7088499.0;999;i
TV;mcomnx999i;p0p100;2001;14038109.0;999;i
TV;mcomnx999i;p0p100;2002;18530218.0;999;i
TV;mcomnx999i;p0p100;2003;10391119.0;999;i
TV;mcomnx999i;p0p100;2004;8033223.0;999;i
TV;mcomnx999i;p0p100;2005;7439500.0;999;i
TV;mcomnx999i;p0p100;2006;5662852.0;999;i
TV;mcomnx999i;p0p100;2007;8486060.0;999;i
TV;mcomnx999i;p0p100;2008;9074926.0;999;i
TV;mcomnx999i;p0p100;2009;7668132.0;999;i
TV;mcomnx999i;p0p100;2010;4499762.0;999;i
TV;mcomnx999i;p0p100;2011;4725535.0;999;i
TV;mcomnx999i;p0p100;2012;3269719.0;999;i
TV;mcomnx999i;p0p100;2013;4157615.0;999;i
TV;mptfrn999i;p0p100;1970;0.0;999;i
TV;mptfrn999i;p0p100;1971;-84.0;999;i
TV;mptfrn999i;p0p100;1972;-149.0;999;i
TV;mptfrn999i;p0p100;1973;-179.0;999;i
TV;mptfrn999i;p0p100;1974;-164.0;999;i
TV;mptfrn999i;p0p100;1975;-136.0;999;i
TV;mptfrn999i;p0p100;1976;-235.0;999;i
TV;mptfrn999i;p0p100;1977;-253.0;999;i
TV;mptfrn999i;p0p100;1978;-282.0;999;i
TV;mptfrn999i;p0p100;1979;-412.0;999;i
TV;mptfrn999i;p0p100;1980;-563.0;999;i
TV;mptfrn999i;p0p100;1981;-616.0;999;i
TV;mptfrn999i;p0p100;1982;-505.0;999;i
TV;mptfrn999i;p0p100;1983;-682.0;999;i
TV;mptfrn999i;p0p100;1984;-952.0;999;i
TV;mptfrn999i;p0p100;1985;-902.0;999;i
TV;mptfrn999i;p0p100;1986;-914.0;999;i
TV;mptfrn999i;p0p100;1987;-887.0;999;i
TV;mptfrn999i;p0p100;1988;-2651.0;999;i
TV;mptfrn999i;p0p100;1989;-2562.0;999;i
TV;mptfrn999i;p0p100;1990;-2499.0;999;i
TV;mptfrn999i;p0p100;1991;-294.0;999;i
TV;mptfrn999i;p0p100;1992;-2548.0;999;i
TV;mptfrn999i;p0p100;1993;-4696.0;999;i
TV;mptfrn999i;p0p100;1994;-4724.0;999;i
TV;mptfrn999i;p0p100;1995;-6625.0;999;i
TV;mptfrn999i;p0p100;1996;-4283.0;999;i
TV;mptfrn999i;p0p100;1997;-5373.0;999;i
TV;mptfrn999i;p0p100;1998;-7127.0;999;i
TV;mptfrn999i;p0p100;1999;-4405.0;999;i
TV;mptfrn999i;p0p100;2000;-9981.0;999;i
TV;mptfrn999i;p0p100;2001;-12339.0;999;i
TV;mptfrn999i;p0p100;2002;-15289.0;999;i
TV;mptfrn999i;p0p100;2003;-12737.0;999;i
TV;mptfrn999i;p0p100;2004;-9566.0;999;i
TV;mptfrn999i;p0p100;2005;-4713.0;999;i
TV;mptfrn999i;p0p100;2006;255.0;999;i
TV;mptfrn999i;p0p100;2007;-2129.0;999;i
TV;mptfrn999i;p0p100;2008;-8469.0;999;i
TV;mptfrn999i;p0p100;2009;-11927.0;999;i
TV;mptfrn999i;p0p100;2010;-19757.0;999;i
TV;mptfrn999i;p0p100;2011;-38555.0;999;i
TV;mptfrn999i;p0p100;2012;-36247.0;999;i
TV;mptfrn999i;p0p100;2013;-54644.0;999;i
TV;mptfrn999i;p0p100;2014;-44672.0;999;i
TV;mptfrn999i;p0p100;2015;-53302.0;999;i
TV;mptfrn999i;p0p100;2016;-56763.0;999;i
TV;mptfrn999i;p0p100;2017;-59690.0;999;i
TV;mptfrn999i;p0p100;2018;-62557.0;999;i
TV;mptfrn999i;p0p100;2019;-96809.0;999;i
TV;mptfrn999i;p0p100;2020;-97330.0;999;i
TV;mflcip999i;p0p100;2001;1387721.0;999;i
TV;mflcip999i;p0p100;2002;1043152.0;999;i
TV;mflcip999i;p0p100;2003;1168548.0;999;i
TV;mflcip999i;p0p100;2004;1315581.0;999;i
TV;mflcip999i;p0p100;2005;1407189.0;999;i
TV;mflcip999i;p0p100;2006;1452537.0;999;i
TV;mflcip999i;p0p100;2007;1456861.0;999;i
TV;mflcip999i;p0p100;2008;1385754.0;999;i
TV;mflcip999i;p0p100;2009;2332111.0;999;i
TV;mflcip999i;p0p100;2010;3836401.0;999;i
TV;mflcip999i;p0p100;2011;3304067.0;999;i
TV;mflcip999i;p0p100;2012;6437442.0;999;i
TV;mflcip999i;p0p100;2013;5469322.0;999;i
TV;afinpx999i;p0p100;2001;146.3;999;i
TV;afinpx999i;p0p100;2002;108.7;999;i
TV;afinpx999i;p0p100;2003;120.1;999;i
TV;afinpx999i;p0p100;2004;133.3;999;i
TV;afinpx999i;p0p100;2005;140.7;999;i
TV;afinpx999i;p0p100;2006;143.5;999;i
TV;afinpx999i;p0p100;2007;142.5;999;i
TV;afinpx999i;p0p100;2008;134.4;999;i
TV;afinpx999i;p0p100;2009;223.7;999;i
TV;afinpx999i;p0p100;2010;364.3;999;i
TV;afinpx999i;p0p100;2011;310.7;999;i
TV;afinpx999i;p0p100;2012;599.4;999;i
TV;afinpx999i;p0p100;2013;503.8;999;i
TV;apinnx999i;p0p100;2001;679.2;999;i
TV;apinnx999i;p0p100;2002;427.2;999;i
TV;apinnx999i;p0p100;2003;343.4;999;i
TV;apinnx999i;p0p100;2004;271.0;999;i
TV;apinnx999i;p0p100;2005;242.3;999;i
TV;apinnx999i;p0p100;2006;1063.6;999;i
TV;apinnx999i;p0p100;2007;800.0;999;i
TV;apinnx999i;p0p100;2008;919.7;999;i
TV;apinnx999i;p0p100;2009;518.1;999;i
TV;apinnx999i;p0p100;2010;154.8;999;i
TV;apinnx999i;p0p100;2011;383.1;999;i
TV;apinnx999i;p0p100;2012;-155.7;999;i
TV;apinnx999i;p0p100;2013;-19.7;999;i
TV;aflcip999i;p0p100;2001;146.3;999;i
TV;aflcip999i;p0p100;2002;108.7;999;i
TV;aflcip999i;p0p100;2003;120.1;999;i
TV;aflcip999i;p0p100;2004;133.3;999;i
TV;aflcip999i;p0p100;2005;140.7;999;i
TV;aflcip999i;p0p100;2006;143.5;999;i
TV;aflcip999i;p0p100;2007;142.5;999;i
TV;aflcip999i;p0p100;2008;134.4;999;i
TV;aflcip999i;p0p100;2009;223.7;999;i
TV;aflcip999i;p0p100;2010;364.3;999;i
TV;aflcip999i;p0p100;2011;310.7;999;i
TV;aflcip999i;p0p100;2012;599.4;999;i
TV;aflcip999i;p0p100;2013;503.8;999;i
TV;agninc999i;p0p100;1970;3719.3;999;i
TV;agninc999i;p0p100;1971;3640.7;999;i
TV;agninc999i;p0p100;1972;3554.9;999;i
TV;agninc999i;p0p100;1973;3467.1;999;i
TV;agninc999i;p0p100;1974;3361.0;999;i
TV;agninc999i;p0p100;1975;3225.7;999;i
TV;agninc999i;p0p100;1976;3065.4;999;i
TV;agninc999i;p0p100;1977;2805.6;999;i
TV;agninc999i;p0p100;1978;2611.3;999;i
TV;agninc999i;p0p100;1979;2479.3;999;i
TV;agninc999i;p0p100;1980;2373.5;999;i
TV;agninc999i;p0p100;1981;2376.1;999;i
TV;agninc999i;p0p100;1982;1963.3;999;i
TV;agninc999i;p0p100;1983;2116.9;999;i
TV;agninc999i;p0p100;1984;2254.1;999;i
TV;agninc999i;p0p100;1985;2184.7;999;i
TV;agninc999i;p0p100;1986;2640.6;999;i
TV;agninc999i;p0p100;1987;2912.2;999;i
TV;agninc999i;p0p100;1988;3413.3;999;i
TV;agninc999i;p0p100;1989;3292.7;999;i
TV;agninc999i;p0p100;1990;3741.8;999;i
TV;agninc999i;p0p100;1991;3828.3;999;i
TV;agninc999i;p0p100;1992;3898.0;999;i
TV;agninc999i;p0p100;1993;4022.0;999;i
TV;agninc999i;p0p100;1994;4407.8;999;i
TV;agninc999i;p0p100;1995;4166.5;999;i
TV;agninc999i;p0p100;1996;3907.6;999;i
TV;agninc999i;p0p100;1997;4298.5;999;i
TV;agninc999i;p0p100;1998;4960.0;999;i
TV;agninc999i;p0p100;1999;4875.2;999;i
TV;agninc999i;p0p100;2000;4803.2;999;i
TV;agninc999i;p0p100;2001;9330.0;999;i
TV;agninc999i;p0p100;2002;9093.5;999;i
TV;agninc999i;p0p100;2003;6589.3;999;i
TV;agninc999i;p0p100;2004;6585.1;999;i
TV;agninc999i;p0p100;2005;6035.9;999;i
TV;agninc999i;p0p100;2006;6999.2;999;i
TV;agninc999i;p0p100;2007;7117.0;999;i
TV;agninc999i;p0p100;2008;8179.3;999;i
TV;agninc999i;p0p100;2009;7429.6;999;i
TV;agninc999i;p0p100;2010;6324.9;999;i
TV;agninc999i;p0p100;2011;6603.5;999;i
TV;agninc999i;p0p100;2012;5981.8;999;i
TV;agninc999i;p0p100;2013;7608.7;999;i
TV;agninc999i;p0p100;2014;7631.4;999;i
TV;agninc999i;p0p100;2015;8233.4;999;i
TV;agninc999i;p0p100;2016;8387.9;999;i
TV;agninc999i;p0p100;2017;8619.9;999;i
TV;agninc999i;p0p100;2018;8729.3;999;i
TV;agninc999i;p0p100;2019;9465.0;999;i
TV;agninc999i;p0p100;2020;9398.2;999;i
TV;agninc999i;p0p100;2021;9579.6;999;i
TV;mcomrx999i;p0p100;2001;14338192.0;999;i
TV;mcomrx999i;p0p100;2002;18746518.0;999;i
TV;mcomrx999i;p0p100;2003;10747621.0;999;i
TV;mcomrx999i;p0p100;2004;8390971.0;999;i
TV;mcomrx999i;p0p100;2005;7828077.0;999;i
TV;mcomrx999i;p0p100;2006;6079216.0;999;i
TV;mcomrx999i;p0p100;2007;8809856.0;999;i
TV;mcomrx999i;p0p100;2008;9325001.0;999;i
TV;mcomrx999i;p0p100;2009;8126461.0;999;i
TV;mcomrx999i;p0p100;2010;5398011.0;999;i
TV;mcomrx999i;p0p100;2011;5754830.0;999;i
TV;mcomrx999i;p0p100;2012;4784023.0;999;i
TV;mcomrx999i;p0p100;2013;5465634.0;999;i
TV;mpweal999i;p0p100;1995;137120950.0;999;i
TV;mpweal999i;p0p100;1996;129764600.0;999;i
TV;mpweal999i;p0p100;1997;145243546.0;999;i
TV;mpweal999i;p0p100;1998;169705238.0;999;i
TV;mpweal999i;p0p100;1999;167580298.0;999;i
TV;mpweal999i;p0p100;2000;167256021.0;999;i
TV;mpweal999i;p0p100;2001;339833022.0;999;i
TV;mpweal999i;p0p100;2002;339344084.0;999;i
TV;mpweal999i;p0p100;2003;250083319.0;999;i
TV;mpweal999i;p0p100;2004;257690396.0;999;i
TV;mpweal999i;p0p100;2005;242479449.0;999;i
TV;mpweal999i;p0p100;2006;291359420.0;999;i
TV;mpweal999i;p0p100;2007;304512017.0;999;i
TV;mpweal999i;p0p100;2008;359763302.0;999;i
TV;mpweal999i;p0p100;2009;334328914.0;999;i
TV;mpweal999i;p0p100;2010;290384517.0;999;i
TV;mpweal999i;p0p100;2011;310508437.0;999;i
TV;mpweal999i;p0p100;2012;285778423.0;999;i
TV;mpweal999i;p0p100;2013;372758338.0;999;i
TV;mpweal999i;p0p100;2014;380080413.0;999;i
TV;mpweal999i;p0p100;2015;418798272.0;999;i
TV;mpweal999i;p0p100;2016;435383538.0;999;i
TV;mpweal999i;p0p100;2017;456438620.0;999;i
TV;mpweal999i;p0p100;2018;472402893.0;999;i
TV;mpweal999i;p0p100;2019;523023845.0;999;i
TV;mpweal999i;p0p100;2020;510716767.0;999;i
TV;afdirx999i;p0p100;2001;0.0;999;i
TV;afdirx999i;p0p100;2002;0.0;999;i
TV;afdirx999i;p0p100;2003;0.0;999;i
TV;afdirx999i;p0p100;2004;3.4;999;i
TV;afdirx999i;p0p100;2005;4.5;999;i
TV;afdirx999i;p0p100;2006;0.0;999;i
TV;afdirx999i;p0p100;2007;4.0;999;i
TV;afdirx999i;p0p100;2008;0.0;999;i
TV;afdirx999i;p0p100;2009;0.0;999;i
TV;afdirx999i;p0p100;2010;0.0;999;i
TV;afdirx999i;p0p100;2011;0.0;999;i
TV;afdirx999i;p0p100;2012;0.0;999;i
TV;afdirx999i;p0p100;2013;0.0;999;i
TV;wwealg999i;p0p100;1995;0.874751925468445;999;i
TV;wwealg999i;p0p100;1996;0.895584940910339;999;i
TV;wwealg999i;p0p100;1997;0.918243646621704;999;i
TV;wwealg999i;p0p100;1998;0.94805234670639;999;i
TV;wwealg999i;p0p100;1999;0.97691798210144;999;i
TV;wwealg999i;p0p100;2000;1.00599539279938;999;i
TV;wwealg999i;p0p100;2001;1.04504191875458;999;i
TV;wwealg999i;p0p100;2002;1.0765415430069;999;i
TV;wwealg999i;p0p100;2003;1.10658288002014;999;i
TV;wwealg999i;p0p100;2004;1.14062631130219;999;i
TV;wwealg999i;p0p100;2005;1.17362868785858;999;i
TV;wwealg999i;p0p100;2006;1.20700311660767;999;i
TV;wwealg999i;p0p100;2007;1.23454582691193;999;i
TV;wwealg999i;p0p100;2008;1.25821995735169;999;i
TV;wwealg999i;p0p100;2009;1.27151751518249;999;i
TV;wwealg999i;p0p100;2010;1.27576506137848;999;i
TV;wwealg999i;p0p100;2011;1.27731490135193;999;i
TV;wwealg999i;p0p100;2012;1.2722475528717;999;i
TV;wwealg999i;p0p100;2013;1.27385532855988;999;i
TV;wwealg999i;p0p100;2014;1.26852023601532;999;i
TV;wwealg999i;p0p100;2015;1.2612966299057;999;i
TV;wwealg999i;p0p100;2016;1.25143909454346;999;i
TV;wwealg999i;p0p100;2017;1.24172961711884;999;i
TV;wwealg999i;p0p100;2018;1.2298321723938;999;i
TV;wwealg999i;p0p100;2019;1.21973943710327;999;i
TV;wwealg999i;p0p100;2020;1.21088230609894;999;i
TV;aconfc999i;p0p100;1970;314.2;999;i
TV;aconfc999i;p0p100;1971;305.4;999;i
TV;aconfc999i;p0p100;1972;297.2;999;i
TV;aconfc999i;p0p100;1973;288.8;999;i
TV;aconfc999i;p0p100;1974;277.6;999;i
TV;aconfc999i;p0p100;1975;262.9;999;i
TV;aconfc999i;p0p100;1976;243.5;999;i
TV;aconfc999i;p0p100;1977;222.8;999;i
TV;aconfc999i;p0p100;1978;203.1;999;i
TV;aconfc999i;p0p100;1979;186.4;999;i
TV;aconfc999i;p0p100;1980;173.4;999;i
TV;aconfc999i;p0p100;1981;164.3;999;i
TV;aconfc999i;p0p100;1982;159.0;999;i
TV;aconfc999i;p0p100;1983;160.3;999;i
TV;aconfc999i;p0p100;1984;168.0;999;i
TV;aconfc999i;p0p100;1985;181.5;999;i
TV;aconfc999i;p0p100;1986;202.3;999;i
TV;aconfc999i;p0p100;1987;227.5;999;i
TV;aconfc999i;p0p100;1988;254.6;999;i
TV;aconfc999i;p0p100;1989;279.9;999;i
TV;aconfc999i;p0p100;1990;302.9;999;i
TV;aconfc999i;p0p100;1991;322.0;999;i
TV;aconfc999i;p0p100;1992;337.5;999;i
TV;aconfc999i;p0p100;1993;349.3;999;i
TV;aconfc999i;p0p100;1994;359.0;999;i
TV;aconfc999i;p0p100;1995;366.0;999;i
TV;aconfc999i;p0p100;1996;375.4;999;i
TV;aconfc999i;p0p100;1997;391.8;999;i
TV;aconfc999i;p0p100;1998;411.0;999;i
TV;aconfc999i;p0p100;1999;427.0;999;i
TV;aconfc999i;p0p100;2000;437.3;999;i
TV;aconfc999i;p0p100;2001;442.1;999;i
TV;aconfc999i;p0p100;2002;442.5;999;i
TV;aconfc999i;p0p100;2003;437.3;999;i
TV;aconfc999i;p0p100;2004;429.7;999;i
TV;aconfc999i;p0p100;2005;424.3;999;i
TV;aconfc999i;p0p100;2006;424.2;999;i
TV;aconfc999i;p0p100;2007;428.8;999;i
TV;aconfc999i;p0p100;2008;433.9;999;i
TV;aconfc999i;p0p100;2009;434.9;999;i
TV;aconfc999i;p0p100;2010;434.9;999;i
TV;aconfc999i;p0p100;2011;436.8;999;i
TV;aconfc999i;p0p100;2012;440.3;999;i
TV;aconfc999i;p0p100;2013;447.7;999;i
TV;aconfc999i;p0p100;2014;460.2;999;i
TV;aconfc999i;p0p100;2015;476.9;999;i
TV;aconfc999i;p0p100;2016;495.9;999;i
TV;aconfc999i;p0p100;2017;515.1;999;i
TV;aconfc999i;p0p100;2018;535.5;999;i
TV;aconfc999i;p0p100;2019;556.5;999;i
TV;aconfc999i;p0p100;2020;575.4;999;i
TV;aconfc999i;p0p100;2021;594.1;999;i
TV;mnweal999i;p0p100;1995;168032278.0;999;i
TV;mnweal999i;p0p100;1996;159256965.0;999;i
TV;mnweal999i;p0p100;1997;178687775.0;999;i
TV;mnweal999i;p0p100;1998;209951860.0;999;i
TV;mnweal999i;p0p100;1999;208193319.0;999;i
TV;mnweal999i;p0p100;2000;208515344.0;999;i
TV;mnweal999i;p0p100;2001;427922603.0;999;i
TV;mnweal999i;p0p100;2002;428712995.0;999;i
TV;mnweal999i;p0p100;2003;316294744.0;999;i
TV;mnweal999i;p0p100;2004;326981564.0;999;i
TV;mnweal999i;p0p100;2005;308338188.0;999;i
TV;mnweal999i;p0p100;2006;371672567.0;999;i
TV;mnweal999i;p0p100;2007;388904998.0;999;i
TV;mnweal999i;p0p100;2008;460277130.0;999;i
TV;mnweal999i;p0p100;2009;427038850.0;999;i
TV;mnweal999i;p0p100;2010;369509328.0;999;i
TV;mnweal999i;p0p100;2011;394262404.0;999;i
TV;mnweal999i;p0p100;2012;361489359.0;999;i
TV;mnweal999i;p0p100;2013;471796538.0;999;i
TV;mnweal999i;p0p100;2014;479891463.0;999;i
TV;mnweal999i;p0p100;2015;527383737.0;999;i
TV;mnweal999i;p0p100;2016;546246533.0;999;i
TV;mnweal999i;p0p100;2017;570866188.0;999;i
TV;mnweal999i;p0p100;2018;588369101.0;999;i
TV;mnweal999i;p0p100;2019;649570207.0;999;i
TV;mnweal999i;p0p100;2020;636695743.0;999;i
TV;xlcusx999i;p0p100;1960;0.892857015132904;999;i
TV;xlcusx999i;p0p100;1961;0.892857015132904;999;i
TV;xlcusx999i;p0p100;1962;0.892857015132904;999;i
TV;xlcusx999i;p0p100;1963;0.892857015132904;999;i
TV;xlcusx999i;p0p100;1964;0.892857015132904;999;i
TV;xlcusx999i;p0p100;1965;0.892857015132904;999;i
TV;xlcusx999i;p0p100;1966;0.892857015132904;999;i
TV;xlcusx999i;p0p100;1967;0.892857015132904;999;i
TV;xlcusx999i;p0p100;1968;0.892857015132904;999;i
TV;xlcusx999i;p0p100;1969;0.892857015132904;999;i
TV;xlcusx999i;p0p100;1970;0.892857015132904;999;i
TV;xlcusx999i;p0p100;1971;0.882670283317566;999;i
TV;xlcusx999i;p0p100;1972;0.838697791099548;999;i
TV;xlcusx999i;p0p100;1973;0.703908324241638;999;i
TV;xlcusx999i;p0p100;1974;0.69666588306427;999;i
TV;xlcusx999i;p0p100;1975;0.763871252536774;999;i
TV;xlcusx999i;p0p100;1976;0.818284094333649;999;i
TV;xlcusx999i;p0p100;1977;0.90182501077652;999;i
TV;xlcusx999i;p0p100;1978;0.873659253120422;999;i
TV;xlcusx999i;p0p100;1979;0.894640922546387;999;i
TV;xlcusx999i;p0p100;1980;0.878244340419769;999;i
TV;xlcusx999i;p0p100;1981;0.870214581489563;999;i
TV;xlcusx999i;p0p100;1982;0.985862851142883;999;i
TV;xlcusx999i;p0p100;1983;1.1100150346756;999;i
TV;xlcusx999i;p0p100;1984;1.13951921463013;999;i
TV;xlcusx999i;p0p100;1985;1.4318950176239;999;i
TV;xlcusx999i;p0p100;1986;1.49597418308258;999;i
TV;xlcusx999i;p0p100;1987;1.42817997932434;999;i
TV;xlcusx999i;p0p100;1988;1.27990829944611;999;i
TV;xlcusx999i;p0p100;1989;1.26459670066833;999;i
TV;xlcusx999i;p0p100;1990;1.28105664253235;999;i
TV;xlcusx999i;p0p100;1991;1.28375577926636;999;i
TV;xlcusx999i;p0p100;1992;1.36164832115173;999;i
TV;xlcusx999i;p0p100;1993;1.47055995464325;999;i
TV;xlcusx999i;p0p100;1994;1.36775088310242;999;i
TV;xlcusx999i;p0p100;1995;1.34903252124786;999;i
TV;xlcusx999i;p0p100;1996;1.27786338329315;999;i
TV;xlcusx999i;p0p100;1997;1.34738004207611;999;i
TV;xlcusx999i;p0p100;1998;1.59182834625244;999;i
TV;xlcusx999i;p0p100;1999;1.54995000362396;999;i
TV;xlcusx999i;p0p100;2000;1.72482669353485;999;i
TV;xlcusx999i;p0p100;2001;1.93344247341156;999;i
TV;xlcusx999i;p0p100;2002;1.8405624628067;999;i
TV;xlcusx999i;p0p100;2003;1.54191422462463;999;i
TV;xlcusx999i;p0p100;2004;1.35975253582001;999;i
TV;xlcusx999i;p0p100;2005;1.30947327613831;999;i
TV;xlcusx999i;p0p100;2006;1.32797348499298;999;i
TV;xlcusx999i;p0p100;2007;1.19507253170013;999;i
TV;xlcusx999i;p0p100;2008;1.19217836856842;999;i
TV;xlcusx999i;p0p100;2009;1.28218877315521;999;i
TV;xlcusx999i;p0p100;2010;1.09015953540802;999;i
TV;xlcusx999i;p0p100;2011;0.969463229179382;999;i
TV;xlcusx999i;p0p100;2012;0.965801060199738;999;i
TV;xlcusx999i;p0p100;2013;1.03584313392639;999;i
TV;xlcusx999i;p0p100;2014;1.10936331748962;999;i
TV;xlcusx999i;p0p100;2015;1.33109021186829;999;i
TV;xlcusx999i;p0p100;2016;1.34521400928497;999;i
TV;xlcusx999i;p0p100;2017;1.30475807189941;999;i
TV;xlcusx999i;p0p100;2018;1.33841216564178;999;i
TV;xlcusx999i;p0p100;2019;1.43850660324097;999;i
TV;xlcusx999i;p0p100;2020;1.453085064888;999;i
TV;xlcusx999i;p0p100;2021;1.33380496501923;999;i
TV;agdpro999i;p0p100;1970;3719.3;999;i
TV;agdpro999i;p0p100;1971;3640.7;999;i
TV;agdpro999i;p0p100;1972;3554.9;999;i
TV;agdpro999i;p0p100;1973;3467.1;999;i
TV;agdpro999i;p0p100;1974;3361.0;999;i
TV;agdpro999i;p0p100;1975;3225.7;999;i
TV;agdpro999i;p0p100;1976;3065.4;999;i
TV;agdpro999i;p0p100;1977;2805.6;999;i
TV;agdpro999i;p0p100;1978;2611.3;999;i
TV;agdpro999i;p0p100;1979;2479.3;999;i
TV;agdpro999i;p0p100;1980;2373.5;999;i
TV;agdpro999i;p0p100;1981;2376.1;999;i
TV;agdpro999i;p0p100;1982;1963.3;999;i
TV;agdpro999i;p0p100;1983;2116.9;999;i
TV;agdpro999i;p0p100;1984;2254.1;999;i
TV;agdpro999i;p0p100;1985;2184.7;999;i
TV;agdpro999i;p0p100;1986;2640.6;999;i
TV;agdpro999i;p0p100;1987;2912.2;999;i
TV;agdpro999i;p0p100;1988;3413.3;999;i
TV;agdpro999i;p0p100;1989;3292.7;999;i
TV;agdpro999i;p0p100;1990;3741.8;999;i
TV;agdpro999i;p0p100;1991;3828.3;999;i
TV;agdpro999i;p0p100;1992;3898.0;999;i
TV;agdpro999i;p0p100;1993;4022.0;999;i
TV;agdpro999i;p0p100;1994;4407.8;999;i
TV;agdpro999i;p0p100;1995;4166.5;999;i
TV;agdpro999i;p0p100;1996;3907.6;999;i
TV;agdpro999i;p0p100;1997;4298.5;999;i
TV;agdpro999i;p0p100;1998;4960.0;999;i
TV;agdpro999i;p0p100;1999;4875.2;999;i
TV;agdpro999i;p0p100;2000;4803.2;999;i
TV;agdpro999i;p0p100;2001;4835.3;999;i
TV;agdpro999i;p0p100;2002;5155.8;999;i
TV;agdpro999i;p0p100;2003;4917.3;999;i
TV;agdpro999i;p0p100;2004;4780.5;999;i
TV;agdpro999i;p0p100;2005;4539.6;999;i
TV;agdpro999i;p0p100;2006;4581.7;999;i
TV;agdpro999i;p0p100;2007;4824.5;999;i
TV;agdpro999i;p0p100;2008;5162.7;999;i
TV;agdpro999i;p0p100;2009;4881.8;999;i
TV;agdpro999i;p0p100;2010;4700.7;999;i
TV;agdpro999i;p0p100;2011;5005.1;999;i
TV;agdpro999i;p0p100;2012;4765.6;999;i
TV;agdpro999i;p0p100;2013;4929.5;999;i
TV;agdpro999i;p0p100;2014;4943.6;999;i
TV;agdpro999i;p0p100;2015;5333.9;999;i
TV;agdpro999i;p0p100;2016;5434.0;999;i
TV;agdpro999i;p0p100;2017;5584.4;999;i
TV;agdpro999i;p0p100;2018;5655.3;999;i
TV;agdpro999i;p0p100;2019;6133.5;999;i
TV;agdpro999i;p0p100;2020;6090.2;999;i
TV;agdpro999i;p0p100;2021;6202.3;999;i
TV;xlceux999i;p0p100;1999;1.651900185608;999;i
TV;xlceux999i;p0p100;2000;1.59307149253352;999;i
TV;xlceux999i;p0p100;2001;1.73164823826376;999;i
TV;xlceux999i;p0p100;2002;1.74038747676817;999;i
TV;xlceux999i;p0p100;2003;1.74415230237766;999;i
TV;xlceux999i;p0p100;2004;1.69139934578268;999;i
TV;xlceux999i;p0p100;2005;1.62910301850228;999;i
TV;xlceux999i;p0p100;2006;1.66740194002002;999;i
TV;xlceux999i;p0p100;2007;1.63782072201218;999;i
TV;xlceux999i;p0p100;2008;1.75340280401606;999;i
TV;xlceux999i;p0p100;2009;1.78837439645696;999;i
TV;xlceux999i;p0p100;2010;1.44524264917084;999;i
TV;xlceux999i;p0p100;2011;1.34944945173333;999;i
TV;xlceux999i;p0p100;2012;1.24085023931436;999;i
TV;xlceux999i;p0p100;2013;1.37572194757845;999;i
TV;xlceux999i;p0p100;2014;1.47378998476801;999;i
TV;xlceux999i;p0p100;2015;1.47686172666338;999;i
TV;xlceux999i;p0p100;2016;1.48902153257359;999;i
TV;xlceux999i;p0p100;2017;1.47396063532284;999;i
TV;xlceux999i;p0p100;2018;1.58060387620079;999;i
TV;xlceux999i;p0p100;2019;1.61038637978721;999;i
TV;xlceux999i;p0p100;2020;1.65919933378089;999;i
TV;xlceux999i;p0p100;2021;1.58169261173437;999;i
TV;mpinnx999i;p0p100;2001;6441852.0;999;i
TV;mpinnx999i;p0p100;2002;4099145.0;999;i
TV;mpinnx999i;p0p100;2003;3339661.0;999;i
TV;mpinnx999i;p0p100;2004;2674319.0;999;i
TV;mpinnx999i;p0p100;2005;2423169.0;999;i
TV;mpinnx999i;p0p100;2006;10763487.0;999;i
TV;mpinnx999i;p0p100;2007;8176528.0;999;i
TV;mpinnx999i;p0p100;2008;9485529.0;999;i
TV;mpinnx999i;p0p100;2009;5400667.0;999;i
TV;mpinnx999i;p0p100;2010;1630398.0;999;i
TV;mpinnx999i;p0p100;2011;4073897.0;999;i
TV;mpinnx999i;p0p100;2012;-1671955.0;999;i
TV;mpinnx999i;p0p100;2013;-213821.0;999;i
TV;wwealp999i;p0p100;1995;3.88035178184509;999;i
TV;wwealp999i;p0p100;1996;3.94051957130432;999;i
TV;wwealp999i;p0p100;1997;3.98780155181885;999;i
TV;wwealp999i;p0p100;1998;3.99758911132812;999;i
TV;wwealp999i;p0p100;1999;4.03102779388428;999;i
TV;wwealp999i;p0p100;2000;4.07807922363281;999;i
TV;wwealp999i;p0p100;2001;4.0315752029419;999;i
TV;wwealp999i;p0p100;2002;4.08775281906128;999;i
TV;wwealp999i;p0p100;2003;4.17960977554321;999;i
TV;wwealp999i;p0p100;2004;4.24193239212036;999;i
TV;wwealp999i;p0p100;2005;4.32107925415039;999;i
TV;wwealp999i;p0p100;2006;4.37875652313232;999;i
TV;wwealp999i;p0p100;2007;4.45456552505493;999;i
TV;wwealp999i;p0p100;2008;4.50347375869751;999;i
TV;wwealp999i;p0p100;2009;4.58532381057739;999;i
TV;wwealp999i;p0p100;2010;4.6820011138916;999;i
TV;wwealp999i;p0p100;2011;4.73550176620483;999;i
TV;wwealp999i;p0p100;2012;4.80222415924072;999;i
TV;wwealp999i;p0p100;2013;4.79451560974121;999;i
TV;wwealp999i;p0p100;2014;4.83052444458008;999;i
TV;wwealp999i;p0p100;2015;4.86463689804077;999;i
TV;wwealp999i;p0p100;2016;4.9146785736084;999;i
TV;wwealp999i;p0p100;2017;4.9531192779541;999;i
TV;wwealp999i;p0p100;2018;5.00987577438354;999;i
TV;wwealp999i;p0p100;2019;5.04125785827637;999;i
TV;wwealp999i;p0p100;2020;4.90889835357666;999;i
TV;acomnx999i;p0p100;2001;1480.2;999;i
TV;acomnx999i;p0p100;2002;1931.0;999;i
TV;acomnx999i;p0p100;2003;1068.4;999;i
TV;acomnx999i;p0p100;2004;814.0;999;i
TV;acomnx999i;p0p100;2005;743.9;999;i
TV;acomnx999i;p0p100;2006;559.6;999;i
TV;acomnx999i;p0p100;2007;830.3;999;i
TV;acomnx999i;p0p100;2008;879.9;999;i
TV;acomnx999i;p0p100;2009;735.6;999;i
TV;acomnx999i;p0p100;2010;427.3;999;i
TV;acomnx999i;p0p100;2011;444.4;999;i
TV;acomnx999i;p0p100;2012;304.5;999;i
TV;acomnx999i;p0p100;2013;382.9;999;i
TV;anninc999i;p0p100;1970;3405.1;999;i
TV;anninc999i;p0p100;1971;3335.3;999;i
TV;anninc999i;p0p100;1972;3257.7;999;i
TV;anninc999i;p0p100;1973;3178.3;999;i
TV;anninc999i;p0p100;1974;3083.4;999;i
TV;anninc999i;p0p100;1975;2962.9;999;i
TV;anninc999i;p0p100;1976;2821.9;999;i
TV;anninc999i;p0p100;1977;2582.8;999;i
TV;anninc999i;p0p100;1978;2408.2;999;i
TV;anninc999i;p0p100;1979;2293.0;999;i
TV;anninc999i;p0p100;1980;2200.1;999;i
TV;anninc999i;p0p100;1981;2211.8;999;i
TV;anninc999i;p0p100;1982;1804.3;999;i
TV;anninc999i;p0p100;1983;1956.6;999;i
TV;anninc999i;p0p100;1984;2086.1;999;i
TV;anninc999i;p0p100;1985;2003.3;999;i
TV;anninc999i;p0p100;1986;2438.3;999;i
TV;anninc999i;p0p100;1987;2684.7;999;i
TV;anninc999i;p0p100;1988;3158.7;999;i
TV;anninc999i;p0p100;1989;3012.7;999;i
TV;anninc999i;p0p100;1990;3438.9;999;i
TV;anninc999i;p0p100;1991;3506.4;999;i
TV;anninc999i;p0p100;1992;3560.5;999;i
TV;anninc999i;p0p100;1993;3672.7;999;i
TV;anninc999i;p0p100;1994;4048.8;999;i
TV;anninc999i;p0p100;1995;3800.5;999;i
TV;anninc999i;p0p100;1996;3532.2;999;i
TV;anninc999i;p0p100;1997;3906.7;999;i
TV;anninc999i;p0p100;1998;4549.1;999;i
TV;anninc999i;p0p100;1999;4448.2;999;i
TV;anninc999i;p0p100;2000;4365.9;999;i
TV;anninc999i;p0p100;2001;8887.9;999;i
TV;anninc999i;p0p100;2002;8651.0;999;i
TV;anninc999i;p0p100;2003;6152.0;999;i
TV;anninc999i;p0p100;2004;6155.5;999;i
TV;anninc999i;p0p100;2005;5611.5;999;i
TV;anninc999i;p0p100;2006;6575.0;999;i
TV;anninc999i;p0p100;2007;6688.1;999;i
TV;anninc999i;p0p100;2008;7745.4;999;i
TV;anninc999i;p0p100;2009;6994.7;999;i
TV;anninc999i;p0p100;2010;5890.0;999;i
TV;anninc999i;p0p100;2011;6166.7;999;i
TV;anninc999i;p0p100;2012;5541.4;999;i
TV;anninc999i;p0p100;2013;7161.0;999;i
TV;anninc999i;p0p100;2014;7171.3;999;i
TV;anninc999i;p0p100;2015;7756.6;999;i
TV;anninc999i;p0p100;2016;7892.1;999;i
TV;anninc999i;p0p100;2017;8104.8;999;i
TV;anninc999i;p0p100;2018;8193.8;999;i
TV;anninc999i;p0p100;2019;8908.5;999;i
TV;anninc999i;p0p100;2020;8822.8;999;i
TV;anninc999i;p0p100;2021;8985.5;999;i
TV;aflcir999i;p0p100;2001;2305.7;999;i
TV;aflcir999i;p0p100;2002;2466.9;999;i
TV;aflcir999i;p0p100;2003;1531.9;999;i
TV;aflcir999i;p0p100;2004;1218.3;999;i
TV;aflcir999i;p0p100;2005;1127.0;999;i
TV;aflcir999i;p0p100;2006;1766.7;999;i
TV;aflcir999i;p0p100;2007;1772.8;999;i
TV;aflcir999i;p0p100;2008;1933.9;999;i
TV;aflcir999i;p0p100;2009;1477.4;999;i
TV;aflcir999i;p0p100;2010;946.5;999;i
TV;aflcir999i;p0p100;2011;1138.3;999;i
TV;aflcir999i;p0p100;2012;748.2;999;i
TV;aflcir999i;p0p100;2013;867.0;999;i
TV;afsubx999i;p0p100;2001;2335.2;999;i
TV;afsubx999i;p0p100;2002;1579.5;999;i
TV;afsubx999i;p0p100;2003;260.2;999;i
TV;afsubx999i;p0p100;2004;719.6;999;i
TV;afsubx999i;p0p100;2005;510.1;999;i
TV;afsubx999i;p0p100;2006;794.4;999;i
TV;afsubx999i;p0p100;2007;662.2;999;i
TV;afsubx999i;p0p100;2008;1217.1;999;i
TV;afsubx999i;p0p100;2009;1294.1;999;i
TV;afsubx999i;p0p100;2010;1042.0;999;i
TV;afsubx999i;p0p100;2011;770.9;999;i
TV;afsubx999i;p0p100;2012;1067.4;999;i
TV;afsubx999i;p0p100;2013;2315.9;999;i
TV;annfin999i;p0p100;2001;4494.6;999;i
TV;annfin999i;p0p100;2002;3937.7;999;i
TV;annfin999i;p0p100;2003;1672.0;999;i
TV;annfin999i;p0p100;2004;1804.6;999;i
TV;annfin999i;p0p100;2005;1496.3;999;i
TV;annfin999i;p0p100;2006;2417.5;999;i
TV;annfin999i;p0p100;2007;2292.5;999;i
TV;annfin999i;p0p100;2008;3016.6;999;i
TV;annfin999i;p0p100;2009;2547.8;999;i
TV;annfin999i;p0p100;2010;1624.2;999;i
TV;annfin999i;p0p100;2011;1598.4;999;i
TV;annfin999i;p0p100;2012;1216.2;999;i
TV;annfin999i;p0p100;2013;2679.2;999;i
TV;annfin999i;p0p100;2014;2687.8;999;i
TV;annfin999i;p0p100;2015;2899.6;999;i
TV;annfin999i;p0p100;2016;2953.9;999;i
TV;annfin999i;p0p100;2017;3035.6;999;i
TV;annfin999i;p0p100;2018;3074.0;999;i
TV;annfin999i;p0p100;2019;3331.5;999;i
TV;annfin999i;p0p100;2020;3308.0;999;i
TV;annfin999i;p0p100;2021;3377.3;999;i
TV;wwealn999i;p0p100;1995;4.75510358810425;999;i
TV;wwealn999i;p0p100;1996;4.83610439300537;999;i
TV;wwealn999i;p0p100;1997;4.90604496002197;999;i
TV;wwealn999i;p0p100;1998;4.94564151763916;999;i
TV;wwealn999i;p0p100;1999;5.00794553756714;999;i
TV;wwealn999i;p0p100;2000;5.0840744972229;999;i
TV;wwealn999i;p0p100;2001;5.07661724090576;999;i
TV;wwealn999i;p0p100;2002;5.16429424285889;999;i
TV;wwealn999i;p0p100;2003;5.28619289398193;999;i
TV;wwealn999i;p0p100;2004;5.38255882263184;999;i
TV;wwealn999i;p0p100;2005;5.49470806121826;999;i
TV;wwealn999i;p0p100;2006;5.58575963973999;999;i
TV;wwealn999i;p0p100;2007;5.68911123275757;999;i
TV;wwealn999i;p0p100;2008;5.76169347763062;999;i
TV;wwealn999i;p0p100;2009;5.85684156417847;999;i
TV;wwealn999i;p0p100;2010;5.95776605606079;999;i
TV;wwealn999i;p0p100;2011;6.01281642913818;999;i
TV;wwealn999i;p0p100;2012;6.07447195053101;999;i
TV;wwealn999i;p0p100;2013;6.06837129592896;999;i
TV;wwealn999i;p0p100;2014;6.09904432296753;999;i
TV;wwealn999i;p0p100;2015;6.12593364715576;999;i
TV;wwealn999i;p0p100;2016;6.16611766815185;999;i
TV;wwealn999i;p0p100;2017;6.19484901428223;999;i
TV;wwealn999i;p0p100;2018;6.23970794677734;999;i
TV;wwealn999i;p0p100;2019;6.26099729537964;999;i
TV;wwealn999i;p0p100;2020;6.11978101730347;999;i
TV;apinpx999i;p0p100;2001;114.7;999;i
TV;apinpx999i;p0p100;2002;86.2;999;i
TV;apinpx999i;p0p100;2003;83.5;999;i
TV;apinpx999i;p0p100;2004;97.1;999;i
TV;apinpx999i;p0p100;2005;101.9;999;i
TV;apinpx999i;p0p100;2006;102.4;999;i
TV;apinpx999i;p0p100;2007;110.9;999;i
TV;apinpx999i;p0p100;2008;110.1;999;i
TV;apinpx999i;p0p100;2009;179.8;999;i
TV;apinpx999i;p0p100;2010;279.0;999;i
TV;apinpx999i;p0p100;2011;213.9;999;i
TV;apinpx999i;p0p100;2012;458.4;999;i
TV;apinpx999i;p0p100;2013;383.3;999;i
TV;xlceup999i;p0p100;1995;1.06732904911041;999;i
TV;xlceup999i;p0p100;1996;1.17232418060303;999;i
TV;xlceup999i;p0p100;1997;1.15956163406372;999;i
TV;xlceup999i;p0p100;1998;1.17889642715454;999;i
TV;xlceup999i;p0p100;1999;1.23127663135529;999;i
TV;xlceup999i;p0p100;2000;1.37024915218353;999;i
TV;xlceup999i;p0p100;2001;1.41635918617248;999;i
TV;xlceup999i;p0p100;2002;1.42820692062378;999;i
TV;xlceup999i;p0p100;2003;1.42854714393616;999;i
TV;xlceup999i;p0p100;2004;1.47986030578613;999;i
TV;xlceup999i;p0p100;2005;1.47443330287933;999;i
TV;xlceup999i;p0p100;2006;1.50475645065308;999;i
TV;xlceup999i;p0p100;2007;1.46624982357025;999;i
TV;xlceup999i;p0p100;2008;1.48712193965912;999;i
TV;xlceup999i;p0p100;2009;1.48378908634186;999;i
TV;xlceup999i;p0p100;2010;1.5131208896637;999;i
TV;xlceup999i;p0p100;2011;1.50623071193695;999;i
TV;xlceup999i;p0p100;2012;1.49907732009888;999;i
TV;xlceup999i;p0p100;2013;1.51208329200745;999;i
TV;xlceup999i;p0p100;2014;1.57385122776031;999;i
TV;xlceup999i;p0p100;2015;1.62399899959564;999;i
TV;xlceup999i;p0p100;2016;1.62518310546875;999;i
TV;xlceup999i;p0p100;2017;1.66548931598663;999;i
TV;xlceup999i;p0p100;2018;1.72301638126373;999;i
TV;xlceup999i;p0p100;2019;1.84059917926788;999;i
TV;xlceup999i;p0p100;2020;1.85566437244415;999;i
TV;xlceup999i;p0p100;2021;1.89027380943298;999;i
TV;mptfnx999i;p0p100;2001;7267080.0;999;i
TV;mptfnx999i;p0p100;2002;4668449.0;999;i
TV;mptfnx999i;p0p100;2003;3902428.0;999;i
TV;mptfnx999i;p0p100;2004;3364301.0;999;i
TV;mptfnx999i;p0p100;2005;3168421.0;999;i
TV;mptfnx999i;p0p100;2006;11586983.0;999;i
TV;mptfnx999i;p0p100;2007;9037628.0;999;i
TV;mptfnx999i;p0p100;2008;10332746.0;999;i
TV;mptfnx999i;p0p100;2009;6650388.0;999;i
TV;mptfnx999i;p0p100;2010;3860923.0;999;i
TV;mptfnx999i;p0p100;2011;5509755.0;999;i
TV;mptfnx999i;p0p100;2012;2506183.0;999;i
TV;mptfnx999i;p0p100;2013;3350253.0;999;i
TV;mptfrr999i;p0p100;1970;0.0;999;i
TV;mptfrr999i;p0p100;1971;0.0;999;i
TV;mptfrr999i;p0p100;1972;0.0;999;i
TV;mptfrr999i;p0p100;1973;0.0;999;i
TV;mptfrr999i;p0p100;1974;0.0;999;i
TV;mptfrr999i;p0p100;1975;0.0;999;i
TV;mptfrr999i;p0p100;1976;0.0;999;i
TV;mptfrr999i;p0p100;1977;0.0;999;i
TV;mptfrr999i;p0p100;1978;0.0;999;i
TV;mptfrr999i;p0p100;1979;0.0;999;i
TV;mptfrr999i;p0p100;1980;0.0;999;i
TV;mptfrr999i;p0p100;1981;0.0;999;i
TV;mptfrr999i;p0p100;1982;0.0;999;i
TV;mptfrr999i;p0p100;1983;0.0;999;i
TV;mptfrr999i;p0p100;1984;0.0;999;i
TV;mptfrr999i;p0p100;1985;0.0;999;i
TV;mptfrr999i;p0p100;1986;0.0;999;i
TV;mptfrr999i;p0p100;1987;0.0;999;i
TV;mptfrr999i;p0p100;1988;0.0;999;i
TV;mptfrr999i;p0p100;1989;0.0;999;i
TV;mptfrr999i;p0p100;1990;0.0;999;i
TV;mptfrr999i;p0p100;1991;0.0;999;i
TV;mptfrr999i;p0p100;1992;0.0;999;i
TV;mptfrr999i;p0p100;1993;0.0;999;i
TV;mptfrr999i;p0p100;1994;0.0;999;i
TV;mptfrr999i;p0p100;1995;0.0;999;i
TV;mptfrr999i;p0p100;1996;0.0;999;i
TV;mptfrr999i;p0p100;1997;0.0;999;i
TV;mptfrr999i;p0p100;1998;0.0;999;i
TV;mptfrr999i;p0p100;1999;0.0;999;i
TV;mptfrr999i;p0p100;2000;0.0;999;i
TV;mptfrr999i;p0p100;2001;0.0;999;i
TV;mptfrr999i;p0p100;2002;0.0;999;i
TV;mptfrr999i;p0p100;2003;0.0;999;i
TV;mptfrr999i;p0p100;2004;0.0;999;i
TV;mptfrr999i;p0p100;2005;0.0;999;i
TV;mptfrr999i;p0p100;2006;0.0;999;i
TV;mptfrr999i;p0p100;2007;0.0;999;i
TV;mptfrr999i;p0p100;2008;0.0;999;i
TV;mptfrr999i;p0p100;2009;0.0;999;i
TV;mptfrr999i;p0p100;2010;0.0;999;i
TV;mptfrr999i;p0p100;2011;0.0;999;i
TV;mptfrr999i;p0p100;2012;0.0;999;i
TV;mptfrr999i;p0p100;2013;0.0;999;i
TV;mptfrr999i;p0p100;2014;0.0;999;i
TV;mptfrr999i;p0p100;2015;0.0;999;i
TV;mptfrr999i;p0p100;2016;0.0;999;i
TV;mptfrr999i;p0p100;2017;0.0;999;i
TV;mptfrr999i;p0p100;2018;0.0;999;i
TV;mptfrr999i;p0p100;2019;0.0;999;i
TV;mptfrr999i;p0p100;2020;0.0;999;i
TV;mptfpx999i;p0p100;2001;262408.0;999;i
TV;mptfpx999i;p0p100;2002;257546.0;999;i
TV;mptfpx999i;p0p100;2003;249278.0;999;i
TV;mptfpx999i;p0p100;2004;234162.0;999;i
TV;mptfpx999i;p0p100;2005;228585.0;999;i
TV;mptfpx999i;p0p100;2006;212675.0;999;i
TV;mptfpx999i;p0p100;2007;230727.0;999;i
TV;mptfpx999i;p0p100;2008;288462.0;999;i
TV;mptfpx999i;p0p100;2009;624061.0;999;i
TV;mptfpx999i;p0p100;2010;707626.0;999;i
TV;mptfpx999i;p0p100;2011;838915.0;999;i
TV;mptfpx999i;p0p100;2012;745000.0;999;i
TV;mptfpx999i;p0p100;2013;597229.0;999;i
TV;anweal999i;p0p100;1995;18071.9;999;i
TV;anweal999i;p0p100;1996;17082.2;999;i
TV;anweal999i;p0p100;1997;19166.3;999;i
TV;anweal999i;p0p100;1998;22498.1;999;i
TV;anweal999i;p0p100;1999;22276.2;999;i
TV;anweal999i;p0p100;2000;22196.7;999;i
TV;anweal999i;p0p100;2001;45120.5;999;i
TV;anweal999i;p0p100;2002;44676.2;999;i
TV;anweal999i;p0p100;2003;32520.5;999;i
TV;anweal999i;p0p100;2004;33132.2;999;i
TV;anweal999i;p0p100;2005;30833.8;999;i
TV;anweal999i;p0p100;2006;36726.5;999;i
TV;anweal999i;p0p100;2007;38049.6;999;i
TV;anweal999i;p0p100;2008;44626.4;999;i
TV;anweal999i;p0p100;2009;40966.9;999;i
TV;anweal999i;p0p100;2010;35091.1;999;i
TV;anweal999i;p0p100;2011;37079.1;999;i
TV;anweal999i;p0p100;2012;33661.4;999;i
TV;anweal999i;p0p100;2013;43455.5;999;i
TV;anweal999i;p0p100;2014;43737.8;999;i
TV;anweal999i;p0p100;2015;47516.3;999;i
TV;anweal999i;p0p100;2016;48663.4;999;i
TV;anweal999i;p0p100;2017;50208.1;999;i
TV;anweal999i;p0p100;2018;51127.0;999;i
TV;anweal999i;p0p100;2019;55776.3;999;i
TV;anweal999i;p0p100;2020;53993.9;999;i
TV;aptfon999i;p0p100;2001;767.5;999;i
TV;aptfon999i;p0p100;2002;488.1;999;i
TV;aptfon999i;p0p100;2003;402.5;999;i
TV;aptfon999i;p0p100;2004;341.9;999;i
TV;aptfon999i;p0p100;2005;317.3;999;i
TV;aptfon999i;p0p100;2006;1144.9;999;i
TV;aptfon999i;p0p100;2007;884.4;999;i
TV;aptfon999i;p0p100;2008;1002.6;999;i
TV;aptfon999i;p0p100;2009;639.1;999;i
TV;aptfon999i;p0p100;2010;368.5;999;i
TV;aptfon999i;p0p100;2011;521.8;999;i
TV;aptfon999i;p0p100;2012;236.7;999;i
TV;aptfon999i;p0p100;2013;313.6;999;i
TV;apinrx999i;p0p100;2001;793.9;999;i
TV;apinrx999i;p0p100;2002;513.3;999;i
TV;apinrx999i;p0p100;2003;426.9;999;i
TV;apinrx999i;p0p100;2004;368.0;999;i
TV;apinrx999i;p0p100;2005;344.2;999;i
TV;apinrx999i;p0p100;2006;1166.0;999;i
TV;apinrx999i;p0p100;2007;910.8;999;i
TV;apinrx999i;p0p100;2008;1029.8;999;i
TV;apinrx999i;p0p100;2009;697.9;999;i
TV;apinrx999i;p0p100;2010;433.9;999;i
TV;apinrx999i;p0p100;2011;597.1;999;i
TV;apinrx999i;p0p100;2012;302.7;999;i
TV;apinrx999i;p0p100;2013;363.6;999;i
TV;mptfop999i;p0p100;2001;250069.0;999;i
TV;mptfop999i;p0p100;2002;242257.0;999;i
TV;mptfop999i;p0p100;2003;236542.0;999;i
TV;mptfop999i;p0p100;2004;224595.0;999;i
TV;mptfop999i;p0p100;2005;223872.0;999;i
TV;mptfop999i;p0p100;2006;212930.0;999;i
TV;mptfop999i;p0p100;2007;228598.0;999;i
TV;mptfop999i;p0p100;2008;279993.0;999;i
TV;mptfop999i;p0p100;2009;612134.0;999;i
TV;mptfop999i;p0p100;2010;687869.0;999;i
TV;mptfop999i;p0p100;2011;800360.0;999;i
TV;mptfop999i;p0p100;2012;708753.0;999;i
TV;mptfop999i;p0p100;2013;542585.0;999;i
TV;npopul999i;p0p100;1950;4673.0;999;i
TV;npopul999i;p0p100;1951;4790.0;999;i
TV;npopul999i;p0p100;1952;4868.0;999;i
TV;npopul999i;p0p100;1953;4950.0;999;i
TV;npopul999i;p0p100;1954;5014.0;999;i
TV;npopul999i;p0p100;1955;5069.0;999;i
TV;npopul999i;p0p100;1956;5135.0;999;i
TV;npopul999i;p0p100;1957;5188.0;999;i
TV;npopul999i;p0p100;1958;5241.0;999;i
TV;npopul999i;p0p100;1959;5291.0;999;i
TV;npopul999i;p0p100;1960;5323.0;999;i
TV;npopul999i;p0p100;1961;5335.0;999;i
TV;npopul999i;p0p100;1962;5340.0;999;i
TV;npopul999i;p0p100;1963;5343.0;999;i
TV;npopul999i;p0p100;1964;5356.0;999;i
TV;npopul999i;p0p100;1965;5386.0;999;i
TV;npopul999i;p0p100;1966;5438.0;999;i
TV;npopul999i;p0p100;1967;5511.0;999;i
TV;npopul999i;p0p100;1968;5597.0;999;i
TV;npopul999i;p0p100;1969;5670.0;999;i
TV;npopul999i;p0p100;1970;5735.0;999;i
TV;npopul999i;p0p100;1971;5766.0;999;i
TV;npopul999i;p0p100;1972;5790.0;999;i
TV;npopul999i;p0p100;1973;5822.0;999;i
TV;npopul999i;p0p100;1974;5905.0;999;i
TV;npopul999i;p0p100;1975;6060.0;999;i
TV;npopul999i;p0p100;1976;6323.0;999;i
TV;npopul999i;p0p100;1977;6650.0;999;i
TV;npopul999i;p0p100;1978;7014.0;999;i
TV;npopul999i;p0p100;1979;7358.0;999;i
TV;npopul999i;p0p100;1980;7637.0;999;i
TV;npopul999i;p0p100;1981;7827.0;999;i
TV;npopul999i;p0p100;1982;7956.0;999;i
TV;npopul999i;p0p100;1983;8041.0;999;i
TV;npopul999i;p0p100;1984;8115.0;999;i
TV;npopul999i;p0p100;1985;8219.0;999;i
TV;npopul999i;p0p100;1986;8336.0;999;i
TV;npopul999i;p0p100;1987;8485.0;999;i
TV;npopul999i;p0p100;1988;8637.0;999;i
TV;npopul999i;p0p100;1989;8779.0;999;i
TV;npopul999i;p0p100;1990;8913.0;999;i
TV;npopul999i;p0p100;1991;9026.0;999;i
TV;npopul999i;p0p100;1992;9112.0;999;i
TV;npopul999i;p0p100;1993;9194.0;999;i
TV;npopul999i;p0p100;1994;9252.0;999;i
TV;npopul999i;p0p100;1995;9298.0;999;i
TV;npopul999i;p0p100;1996;9323.0;999;i
TV;npopul999i;p0p100;1997;9323.0;999;i
TV;npopul999i;p0p100;1998;9332.0;999;i
TV;npopul999i;p0p100;1999;9346.0;999;i
TV;npopul999i;p0p100;2000;9394.0;999;i
TV;npopul999i;p0p100;2001;9484.0;999;i
TV;npopul999i;p0p100;2002;9596.0;999;i
TV;npopul999i;p0p100;2003;9726.0;999;i
TV;npopul999i;p0p100;2004;9869.0;999;i
TV;npopul999i;p0p100;2005;10000.0;999;i
TV;npopul999i;p0p100;2006;10120.0;999;i
TV;npopul999i;p0p100;2007;10221.0;999;i
TV;npopul999i;p0p100;2008;10314.0;999;i
TV;npopul999i;p0p100;2009;10424.0;999;i
TV;npopul999i;p0p100;2010;10530.0;999;i
TV;npopul999i;p0p100;2011;10633.0;999;i
TV;npopul999i;p0p100;2012;10739.0;999;i
TV;npopul999i;p0p100;2013;10857.0;999;i
TV;npopul999i;p0p100;2014;10972.0;999;i
TV;npopul999i;p0p100;2015;11099.0;999;i
TV;npopul999i;p0p100;2016;11225.0;999;i
TV;npopul999i;p0p100;2017;11370.0;999;i
TV;npopul999i;p0p100;2018;11508.0;999;i
TV;npopul999i;p0p100;2019;11646.0;999;i
TV;npopul999i;p0p100;2020;11792.0;999;i
TV;npopul999i;p0p100;2021;11931.0;999;i
TV;mtaxnx999i;p0p100;2001;22147222.0;999;i
TV;mtaxnx999i;p0p100;2002;15156650.0;999;i
TV;mtaxnx999i;p0p100;2003;2531000.0;999;i
TV;mtaxnx999i;p0p100;2004;7102218.0;999;i
TV;mtaxnx999i;p0p100;2005;5100556.0;999;i
TV;mtaxnx999i;p0p100;2006;8039089.0;999;i
TV;mtaxnx999i;p0p100;2007;6768758.0;999;i
TV;mtaxnx999i;p0p100;2008;12552938.0;999;i
TV;mtaxnx999i;p0p100;2009;13489743.0;999;i
TV;mtaxnx999i;p0p100;2010;10972617.0;999;i
TV;mtaxnx999i;p0p100;2011;8196495.0;999;i
TV;mtaxnx999i;p0p100;2012;11462979.0;999;i
TV;mtaxnx999i;p0p100;2013;25144188.0;999;i
TV;afdinx999i;p0p100;2001;-87.0;999;i
TV;afdinx999i;p0p100;2002;-59.3;999;i
TV;afdinx999i;p0p100;2003;-57.9;999;i
TV;afdinx999i;p0p100;2004;-69.9;999;i
TV;afdinx999i;p0p100;2005;-74.5;999;i
TV;afdinx999i;p0p100;2006;-81.4;999;i
TV;afdinx999i;p0p100;2007;-84.2;999;i
TV;afdinx999i;p0p100;2008;-82.1;999;i
TV;afdinx999i;p0p100;2009;-119.9;999;i
TV;afdinx999i;p0p100;2010;-211.8;999;i
TV;afdinx999i;p0p100;2011;-135.0;999;i
TV;afdinx999i;p0p100;2012;-389.1;999;i
TV;afdinx999i;p0p100;2013;-328.3;999;i
TV;apweal999i;p0p100;1995;14747.4;999;i
TV;apweal999i;p0p100;1996;13918.8;999;i
TV;apweal999i;p0p100;1997;15579.1;999;i
TV;apweal999i;p0p100;1998;18185.3;999;i
TV;apweal999i;p0p100;1999;17930.7;999;i
TV;apweal999i;p0p100;2000;17804.6;999;i
TV;apweal999i;p0p100;2001;35832.2;999;i
TV;apweal999i;p0p100;2002;35363.1;999;i
TV;apweal999i;p0p100;2003;25712.9;999;i
TV;apweal999i;p0p100;2004;26111.1;999;i
TV;apweal999i;p0p100;2005;24247.9;999;i
TV;apweal999i;p0p100;2006;28790.5;999;i
TV;apweal999i;p0p100;2007;29792.8;999;i
TV;apweal999i;p0p100;2008;34881.1;999;i
TV;apweal999i;p0p100;2009;32073.0;999;i
TV;apweal999i;p0p100;2010;27576.9;999;i
TV;apweal999i;p0p100;2011;29202.3;999;i
TV;apweal999i;p0p100;2012;26611.3;999;i
TV;apweal999i;p0p100;2013;34333.5;999;i
TV;apweal999i;p0p100;2014;34640.9;999;i
TV;apweal999i;p0p100;2015;37733.0;999;i
TV;apweal999i;p0p100;2016;38787.0;999;i
TV;apweal999i;p0p100;2017;40144.1;999;i
TV;apweal999i;p0p100;2018;41050.0;999;i
TV;apweal999i;p0p100;2019;44910.2;999;i
TV;apweal999i;p0p100;2020;43310.4;999;i
TV;xlcusp999i;p0p100;1970;0.700319886207581;999;i
TV;xlcusp999i;p0p100;1971;0.711564004421234;999;i
TV;xlcusp999i;p0p100;1972;0.72829407453537;999;i
TV;xlcusp999i;p0p100;1973;0.738185584545135;999;i
TV;xlcusp999i;p0p100;1974;0.723840832710266;999;i
TV;xlcusp999i;p0p100;1975;0.706858038902283;999;i
TV;xlcusp999i;p0p100;1976;0.71448940038681;999;i
TV;xlcusp999i;p0p100;1977;0.719375967979431;999;i
TV;xlcusp999i;p0p100;1978;0.720784544944763;999;i
TV;xlcusp999i;p0p100;1979;0.710348129272461;999;i
TV;xlcusp999i;p0p100;1980;0.691570281982422;999;i
TV;xlcusp999i;p0p100;1981;0.670965611934662;999;i
TV;xlcusp999i;p0p100;1982;0.683865010738373;999;i
TV;xlcusp999i;p0p100;1983;0.717497110366821;999;i
TV;xlcusp999i;p0p100;1984;0.719217419624329;999;i
TV;xlcusp999i;p0p100;1985;0.722445070743561;999;i
TV;xlcusp999i;p0p100;1986;0.75020158290863;999;i
TV;xlcusp999i;p0p100;1987;0.756701350212097;999;i
TV;xlcusp999i;p0p100;1988;0.778242588043213;999;i
TV;xlcusp999i;p0p100;1989;0.823239147663116;999;i
TV;xlcusp999i;p0p100;1990;0.810017585754395;999;i
TV;xlcusp999i;p0p100;1991;0.804788172245026;999;i
TV;xlcusp999i;p0p100;1992;0.844624102115631;999;i
TV;xlcusp999i;p0p100;1993;0.845975041389465;999;i
TV;xlcusp999i;p0p100;1994;0.789737343788147;999;i
TV;xlcusp999i;p0p100;1995;0.813399255275726;999;i
TV;xlcusp999i;p0p100;1996;0.900238811969757;999;i
TV;xlcusp999i;p0p100;1997;0.873462080955505;999;i
TV;xlcusp999i;p0p100;1998;0.887769341468811;999;i
TV;xlcusp999i;p0p100;1999;0.9288529753685;999;i
TV;xlcusp999i;p0p100;2000;1.02466082572937;999;i
TV;xlcusp999i;p0p100;2001;1.06098926067352;999;i
TV;xlcusp999i;p0p100;2002;1.07957398891449;999;i
TV;xlcusp999i;p0p100;2003;1.082279920578;999;i
TV;xlcusp999i;p0p100;2004;1.11241710186005;999;i
TV;xlcusp999i;p0p100;2005;1.09398341178894;999;i
TV;xlcusp999i;p0p100;2006;1.10515034198761;999;i
TV;xlcusp999i;p0p100;2007;1.07510077953339;999;i
TV;xlcusp999i;p0p100;2008;1.09200251102448;999;i
TV;xlcusp999i;p0p100;2009;1.09081876277924;999;i
TV;xlcusp999i;p0p100;2010;1.10621190071106;999;i
TV;xlcusp999i;p0p100;2011;1.09157824516296;999;i
TV;xlcusp999i;p0p100;2012;1.08149135112762;999;i
TV;xlcusp999i;p0p100;2013;1.08919095993042;999;i
TV;xlcusp999i;p0p100;2014;1.126096367836;999;i
TV;xlcusp999i;p0p100;2015;1.17684555053711;999;i
TV;xlcusp999i;p0p100;2016;1.17643761634827;999;i
TV;xlcusp999i;p0p100;2017;1.1958212852478;999;i
TV;xlcusp999i;p0p100;2018;1.22486650943756;999;i
TV;xlcusp999i;p0p100;2019;1.30599415302277;999;i
TV;xlcusp999i;p0p100;2020;1.32118880748749;999;i
TV;xlcusp999i;p0p100;2021;1.3312052488327;999;i
TV;aptfrx999i;p0p100;2001;793.9;999;i
TV;aptfrx999i;p0p100;2002;513.3;999;i
TV;aptfrx999i;p0p100;2003;426.9;999;i
TV;aptfrx999i;p0p100;2004;364.6;999;i
TV;aptfrx999i;p0p100;2005;339.7;999;i
TV;aptfrx999i;p0p100;2006;1166.0;999;i
TV;aptfrx999i;p0p100;2007;906.8;999;i
TV;aptfrx999i;p0p100;2008;1029.8;999;i
TV;aptfrx999i;p0p100;2009;697.9;999;i
TV;aptfrx999i;p0p100;2010;433.9;999;i
TV;aptfrx999i;p0p100;2011;597.1;999;i
TV;aptfrx999i;p0p100;2012;302.7;999;i
TV;aptfrx999i;p0p100;2013;363.6;999;i
TV;mpinrx999i;p0p100;2001;7529489.0;999;i
TV;mpinrx999i;p0p100;2002;4925996.0;999;i
TV;mpinrx999i;p0p100;2003;4151707.0;999;i
TV;mpinrx999i;p0p100;2004;3632152.0;999;i
TV;mpinrx999i;p0p100;2005;3441780.0;999;i
TV;mpinrx999i;p0p100;2006;11799658.0;999;i
TV;mpinrx999i;p0p100;2007;9309592.0;999;i
TV;mpinrx999i;p0p100;2008;10621207.0;999;i
TV;mpinrx999i;p0p100;2009;7274448.0;999;i
TV;mpinrx999i;p0p100;2010;4568549.0;999;i
TV;mpinrx999i;p0p100;2011;6348669.0;999;i
TV;mpinrx999i;p0p100;2012;3251183.0;999;i
TV;mpinrx999i;p0p100;2013;3947482.0;999;i
TV;inyixx999i;p0p100;1970;0.100109800696373;999;i
TV;inyixx999i;p0p100;1971;0.106888748705387;999;i
TV;inyixx999i;p0p100;1972;0.114152535796165;999;i
TV;inyixx999i;p0p100;1973;0.121992230415344;999;i
TV;inyixx999i;p0p100;1974;0.130333602428436;999;i
TV;inyixx999i;p0p100;1975;0.139099255204201;999;i
TV;inyixx999i;p0p100;1976;0.148320958018303;999;i
TV;inyixx999i;p0p100;1977;0.158576235175133;999;i
TV;inyixx999i;p0p100;1978;0.170040801167488;999;i
TV;inyixx999i;p0p100;1979;0.181408375501633;999;i
TV;inyixx999i;p0p100;1980;0.192587926983833;999;i
TV;inyixx999i;p0p100;1981;0.204398766160011;999;i
TV;inyixx999i;p0p100;1982;0.221030235290527;999;i
TV;inyixx999i;p0p100;1983;0.241036251187324;999;i
TV;inyixx999i;p0p100;1984;0.250195652246475;999;i
TV;inyixx999i;p0p100;1985;0.259355008602142;999;i
TV;inyixx999i;p0p100;1986;0.274781346321106;999;i
TV;inyixx999i;p0p100;1987;0.283940702676773;999;i
TV;inyixx999i;p0p100;1988;0.30225944519043;999;i
TV;inyixx999i;p0p100;1989;0.332171052694321;999;i
TV;inyixx999i;p0p100;1990;0.338970631361008;999;i
TV;inyixx999i;p0p100;1991;0.347941428422928;999;i
TV;inyixx999i;p0p100;1992;0.373497098684311;999;i
TV;inyixx999i;p0p100;1993;0.383007407188416;999;i
TV;inyixx999i;p0p100;1994;0.365144938230515;999;i
TV;inyixx999i;p0p100;1995;0.383942157030106;999;i
TV;inyixx999i;p0p100;1996;0.43267560005188;999;i
TV;inyixx999i;p0p100;1997;0.427029192447662;999;i
TV;inyixx999i;p0p100;1998;0.438731074333191;999;i
TV;inyixx999i;p0p100;1999;0.46558752655983;999;i
TV;inyixx999i;p0p100;2000;0.525304734706879;999;i
TV;inyixx999i;p0p100;2001;0.556369245052338;999;i
TV;inyixx999i;p0p100;2002;0.574819386005402;999;i
TV;inyixx999i;p0p100;2003;0.587771058082581;999;i
TV;inyixx999i;p0p100;2004;0.620684206485748;999;i
TV;inyixx999i;p0p100;2005;0.629978597164154;999;i
TV;inyixx999i;p0p100;2006;0.655967175960541;999;i
TV;inyixx999i;p0p100;2007;0.655104756355286;999;i
TV;inyixx999i;p0p100;2008;0.67818695306778;999;i
TV;inyixx999i;p0p100;2009;0.68286007642746;999;i
TV;inyixx999i;p0p100;2010;0.700910091400146;999;i
TV;inyixx999i;p0p100;2011;0.705222725868225;999;i
TV;inyixx999i;p0p100;2012;0.710926353931427;999;i
TV;inyixx999i;p0p100;2013;0.725935757160187;999;i
TV;inyixx999i;p0p100;2014;0.762708008289337;999;i
TV;inyixx999i;p0p100;2015;0.798026621341705;999;i
TV;inyixx999i;p0p100;2016;0.806008636951447;999;i
TV;inyixx999i;p0p100;2017;0.834721922874451;999;i
TV;inyixx999i;p0p100;2018;0.87582403421402;999;i
TV;inyixx999i;p0p100;2019;0.951967716217041;999;i
TV;inyixx999i;p0p100;2020;0.974718451499939;999;i
TV;inyixx999i;p0p100;2021;1.0;999;i
TV;agweal999i;p0p100;1995;3324.5;999;i
TV;agweal999i;p0p100;1996;3163.4;999;i
TV;agweal999i;p0p100;1997;3587.3;999;i
TV;agweal999i;p0p100;1998;4312.8;999;i
TV;agweal999i;p0p100;1999;4345.5;999;i
TV;agweal999i;p0p100;2000;4392.1;999;i
TV;agweal999i;p0p100;2001;9288.2;999;i
TV;agweal999i;p0p100;2002;9313.1;999;i
TV;agweal999i;p0p100;2003;6807.7;999;i
TV;agweal999i;p0p100;2004;7021.1;999;i
TV;agweal999i;p0p100;2005;6585.9;999;i
TV;agweal999i;p0p100;2006;7936.1;999;i
TV;agweal999i;p0p100;2007;8256.8;999;i
TV;agweal999i;p0p100;2008;9745.4;999;i
TV;agweal999i;p0p100;2009;8893.9;999;i
TV;agweal999i;p0p100;2010;7514.2;999;i
TV;agweal999i;p0p100;2011;7876.8;999;i
TV;agweal999i;p0p100;2012;7050.1;999;i
TV;agweal999i;p0p100;2013;9122.1;999;i
TV;agweal999i;p0p100;2014;9096.9;999;i
TV;agweal999i;p0p100;2015;9783.4;999;i
TV;agweal999i;p0p100;2016;9876.4;999;i
TV;agweal999i;p0p100;2017;10064.0;999;i
TV;agweal999i;p0p100;2018;10077.0;999;i
TV;agweal999i;p0p100;2019;10866.1;999;i
TV;agweal999i;p0p100;2020;10683.4;999;i
TV;mfsubx999i;p0p100;2001;22147222.0;999;i
TV;mfsubx999i;p0p100;2002;15156650.0;999;i
TV;mfsubx999i;p0p100;2003;2530999.0;999;i
TV;mfsubx999i;p0p100;2004;7102218.0;999;i
TV;mfsubx999i;p0p100;2005;5100556.0;999;i
TV;mfsubx999i;p0p100;2006;8039088.0;999;i
TV;mfsubx999i;p0p100;2007;6768758.0;999;i
TV;mfsubx999i;p0p100;2008;12552938.0;999;i
TV;mfsubx999i;p0p100;2009;13489743.0;999;i
TV;mfsubx999i;p0p100;2010;10972617.0;999;i
TV;mfsubx999i;p0p100;2011;8196495.0;999;i
TV;mfsubx999i;p0p100;2012;11462979.0;999;i
TV;mfsubx999i;p0p100;2013;25144188.0;999;i
TV;xlcyux999i;p0p100;1960;0.362683313035836;999;i
TV;xlcyux999i;p0p100;1961;0.362683313035836;999;i
TV;xlcyux999i;p0p100;1962;0.362683313035836;999;i
TV;xlcyux999i;p0p100;1963;0.362683313035836;999;i
TV;xlcyux999i;p0p100;1964;0.362683313035836;999;i
TV;xlcyux999i;p0p100;1965;0.362683313035836;999;i
TV;xlcyux999i;p0p100;1966;0.362683313035836;999;i
TV;xlcyux999i;p0p100;1967;0.362683313035836;999;i
TV;xlcyux999i;p0p100;1968;0.362683313035836;999;i
TV;xlcyux999i;p0p100;1969;0.362683313035836;999;i
TV;xlcyux999i;p0p100;1970;0.362683313035836;999;i
TV;xlcyux999i;p0p100;1971;0.358545407882854;999;i
TV;xlcyux999i;p0p100;1972;0.373573712330846;999;i
TV;xlcyux999i;p0p100;1973;0.353826696788139;999;i
TV;xlcyux999i;p0p100;1974;0.355241113907098;999;i
TV;xlcyux999i;p0p100;1975;0.410722477553034;999;i
TV;xlcyux999i;p0p100;1976;0.421488431742751;999;i
TV;xlcyux999i;p0p100;1977;0.485420209705098;999;i
TV;xlcyux999i;p0p100;1978;0.518926540391073;999;i
TV;xlcyux999i;p0p100;1979;0.575354385575401;999;i
TV;xlcyux999i;p0p100;1980;0.586126889543337;999;i
TV;xlcyux999i;p0p100;1981;0.5105270173607;999;i
TV;xlcyux999i;p0p100;1982;0.520920029806391;999;i
TV;xlcyux999i;p0p100;1983;0.561840911116363;999;i
TV;xlcyux999i;p0p100;1984;0.491163256246044;999;i
TV;xlcyux999i;p0p100;1985;0.487593322464013;999;i
TV;xlcyux999i;p0p100;1986;0.433265113287076;999;i
TV;xlcyux999i;p0p100;1987;0.383702740888053;999;i
TV;xlcyux999i;p0p100;1988;0.343867250411376;999;i
TV;xlcyux999i;p0p100;1989;0.335872592271192;999;i
TV;xlcyux999i;p0p100;1990;0.267823716506091;999;i
TV;xlcyux999i;p0p100;1991;0.241153744625228;999;i
TV;xlcyux999i;p0p100;1992;0.246917341616301;999;i
TV;xlcyux999i;p0p100;1993;0.255218785600638;999;i
TV;xlcyux999i;p0p100;1994;0.158694938714169;999;i
TV;xlcyux999i;p0p100;1995;0.16153337665059;999;i
TV;xlcyux999i;p0p100;1996;0.153696961726736;999;i
TV;xlcyux999i;p0p100;1997;0.162534355754608;999;i
TV;xlcyux999i;p0p100;1998;0.192273989625989;999;i
TV;xlcyux999i;p0p100;1999;0.187231607186511;999;i
TV;xlcyux999i;p0p100;2000;0.208350037168914;999;i
TV;xlcyux999i;p0p100;2001;0.233590256978374;999;i
TV;xlcyux999i;p0p100;2002;0.222371863110335;999;i
TV;xlcyux999i;p0p100;2003;0.186288195483819;999;i
TV;xlcyux999i;p0p100;2004;0.164284790447588;999;i
TV;xlcyux999i;p0p100;2005;0.159802616602369;999;i
TV;xlcyux999i;p0p100;2006;0.16654966668086;999;i
TV;xlcyux999i;p0p100;2007;0.157090690247905;999;i
TV;xlcyux999i;p0p100;2008;0.17156965578595;999;i
TV;xlcyux999i;p0p100;2009;0.187690040943654;999;i
TV;xlcyux999i;p0p100;2010;0.161021600287866;999;i
TV;xlcyux999i;p0p100;2011;0.150037761978802;999;i
TV;xlcyux999i;p0p100;2012;0.153002244461196;999;i
TV;xlcyux999i;p0p100;2013;0.167185851452659;999;i
TV;xlcyux999i;p0p100;2014;0.180577069579698;999;i
TV;xlcyux999i;p0p100;2015;0.21374430608293;999;i
TV;xlcyux999i;p0p100;2016;0.202455940228842;999;i
TV;xlcyux999i;p0p100;2017;0.193047096976698;999;i
TV;xlcyux999i;p0p100;2018;0.202300606400096;999;i
TV;xlcyux999i;p0p100;2019;0.20822618381794;999;i
TV;xlcyux999i;p0p100;2020;0.210568621744203;999;i
TV;xlcyux999i;p0p100;2021;0.206560886238317;999;i
TV;mptfrp999i;p0p100;1970;0.0;999;i
TV;mptfrp999i;p0p100;1971;84.0;999;i
TV;mptfrp999i;p0p100;1972;149.0;999;i
TV;mptfrp999i;p0p100;1973;179.0;999;i
TV;mptfrp999i;p0p100;1974;164.0;999;i
TV;mptfrp999i;p0p100;1975;136.0;999;i
TV;mptfrp999i;p0p100;1976;235.0;999;i
TV;mptfrp999i;p0p100;1977;253.0;999;i
TV;mptfrp999i;p0p100;1978;282.0;999;i
TV;mptfrp999i;p0p100;1979;412.0;999;i
TV;mptfrp999i;p0p100;1980;563.0;999;i
TV;mptfrp999i;p0p100;1981;616.0;999;i
TV;mptfrp999i;p0p100;1982;505.0;999;i
TV;mptfrp999i;p0p100;1983;682.0;999;i
TV;mptfrp999i;p0p100;1984;952.0;999;i
TV;mptfrp999i;p0p100;1985;902.0;999;i
TV;mptfrp999i;p0p100;1986;914.0;999;i
TV;mptfrp999i;p0p100;1987;887.0;999;i
TV;mptfrp999i;p0p100;1988;2651.0;999;i
TV;mptfrp999i;p0p100;1989;2562.0;999;i
TV;mptfrp999i;p0p100;1990;2499.0;999;i
TV;mptfrp999i;p0p100;1991;294.0;999;i
TV;mptfrp999i;p0p100;1992;2548.0;999;i
TV;mptfrp999i;p0p100;1993;4696.0;999;i
TV;mptfrp999i;p0p100;1994;4724.0;999;i
TV;mptfrp999i;p0p100;1995;6625.0;999;i
TV;mptfrp999i;p0p100;1996;4283.0;999;i
TV;mptfrp999i;p0p100;1997;5373.0;999;i
TV;mptfrp999i;p0p100;1998;7127.0;999;i
TV;mptfrp999i;p0p100;1999;4405.0;999;i
TV;mptfrp999i;p0p100;2000;9981.0;999;i
TV;mptfrp999i;p0p100;2001;12339.0;999;i
TV;mptfrp999i;p0p100;2002;15289.0;999;i
TV;mptfrp999i;p0p100;2003;12737.0;999;i
TV;mptfrp999i;p0p100;2004;9566.0;999;i
TV;mptfrp999i;p0p100;2005;4713.0;999;i
TV;mptfrp999i;p0p100;2006;-255.0;999;i
TV;mptfrp999i;p0p100;2007;2129.0;999;i
TV;mptfrp999i;p0p100;2008;8469.0;999;i
TV;mptfrp999i;p0p100;2009;11927.0;999;i
TV;mptfrp999i;p0p100;2010;19757.0;999;i
TV;mptfrp999i;p0p100;2011;38555.0;999;i
TV;mptfrp999i;p0p100;2012;36247.0;999;i
TV;mptfrp999i;p0p100;2013;54644.0;999;i
TV;mptfrp999i;p0p100;2014;44672.0;999;i
TV;mptfrp999i;p0p100;2015;53302.0;999;i
TV;mptfrp999i;p0p100;2016;56763.0;999;i
TV;mptfrp999i;p0p100;2017;59690.0;999;i
TV;mptfrp999i;p0p100;2018;62557.0;999;i
TV;mptfrp999i;p0p100;2019;96809.0;999;i
TV;mptfrp999i;p0p100;2020;97330.0;999;i
TV;mptfon999i;p0p100;2001;7279420.0;999;i
TV;mptfon999i;p0p100;2002;4683738.0;999;i
TV;mptfon999i;p0p100;2003;3915165.0;999;i
TV;mptfon999i;p0p100;2004;3373867.0;999;i
TV;mptfon999i;p0p100;2005;3173134.0;999;i
TV;mptfon999i;p0p100;2006;11586728.0;999;i
TV;mptfon999i;p0p100;2007;9039756.0;999;i
TV;mptfon999i;p0p100;2008;10341214.0;999;i
TV;mptfon999i;p0p100;2009;6662315.0;999;i
TV;mptfon999i;p0p100;2010;3880680.0;999;i
TV;mptfon999i;p0p100;2011;5548309.0;999;i
TV;mptfon999i;p0p100;2012;2542430.0;999;i
TV;mptfon999i;p0p100;2013;3404897.0;999;i
TV;aptfrr999i;p0p100;1970;0.0;999;i
TV;aptfrr999i;p0p100;1971;0.0;999;i
TV;aptfrr999i;p0p100;1972;0.0;999;i
TV;aptfrr999i;p0p100;1973;0.0;999;i
TV;aptfrr999i;p0p100;1974;0.0;999;i
TV;aptfrr999i;p0p100;1975;0.0;999;i
TV;aptfrr999i;p0p100;1976;0.0;999;i
TV;aptfrr999i;p0p100;1977;0.0;999;i
TV;aptfrr999i;p0p100;1978;0.0;999;i
TV;aptfrr999i;p0p100;1979;0.0;999;i
TV;aptfrr999i;p0p100;1980;0.0;999;i
TV;aptfrr999i;p0p100;1981;0.0;999;i
TV;aptfrr999i;p0p100;1982;0.0;999;i
TV;aptfrr999i;p0p100;1983;0.0;999;i
TV;aptfrr999i;p0p100;1984;0.0;999;i
TV;aptfrr999i;p0p100;1985;0.0;999;i
TV;aptfrr999i;p0p100;1986;0.0;999;i
TV;aptfrr999i;p0p100;1987;0.0;999;i
TV;aptfrr999i;p0p100;1988;0.0;999;i
TV;aptfrr999i;p0p100;1989;0.0;999;i
TV;aptfrr999i;p0p100;1990;0.0;999;i
TV;aptfrr999i;p0p100;1991;0.0;999;i
TV;aptfrr999i;p0p100;1992;0.0;999;i
TV;aptfrr999i;p0p100;1993;0.0;999;i
TV;aptfrr999i;p0p100;1994;0.0;999;i
TV;aptfrr999i;p0p100;1995;0.0;999;i
TV;aptfrr999i;p0p100;1996;0.0;999;i
TV;aptfrr999i;p0p100;1997;0.0;999;i
TV;aptfrr999i;p0p100;1998;0.0;999;i
TV;aptfrr999i;p0p100;1999;0.0;999;i
TV;aptfrr999i;p0p100;2000;0.0;999;i
TV;aptfrr999i;p0p100;2001;0.0;999;i
TV;aptfrr999i;p0p100;2002;0.0;999;i
TV;aptfrr999i;p0p100;2003;0.0;999;i
TV;aptfrr999i;p0p100;2004;0.0;999;i
TV;aptfrr999i;p0p100;2005;0.0;999;i
TV;aptfrr999i;p0p100;2006;0.0;999;i
TV;aptfrr999i;p0p100;2007;0.0;999;i
TV;aptfrr999i;p0p100;2008;0.0;999;i
TV;aptfrr999i;p0p100;2009;0.0;999;i
TV;aptfrr999i;p0p100;2010;0.0;999;i
TV;aptfrr999i;p0p100;2011;0.0;999;i
TV;aptfrr999i;p0p100;2012;0.0;999;i
TV;aptfrr999i;p0p100;2013;0.0;999;i
TV;aptfrr999i;p0p100;2014;0.0;999;i
TV;aptfrr999i;p0p100;2015;0.0;999;i
TV;aptfrr999i;p0p100;2016;0.0;999;i
TV;aptfrr999i;p0p100;2017;0.0;999;i
TV;aptfrr999i;p0p100;2018;0.0;999;i
TV;aptfrr999i;p0p100;2019;0.0;999;i
TV;aptfrr999i;p0p100;2020;0.0;999;i
TV;aflcin999i;p0p100;2001;2159.4;999;i
TV;aflcin999i;p0p100;2002;2358.2;999;i
TV;aflcin999i;p0p100;2003;1411.8;999;i
TV;aflcin999i;p0p100;2004;1085.0;999;i
TV;aflcin999i;p0p100;2005;986.3;999;i
TV;aflcin999i;p0p100;2006;1623.2;999;i
TV;aflcin999i;p0p100;2007;1630.2;999;i
TV;aflcin999i;p0p100;2008;1799.5;999;i
TV;aflcin999i;p0p100;2009;1253.7;999;i
TV;aflcin999i;p0p100;2010;582.2;999;i
TV;aflcin999i;p0p100;2011;827.6;999;i
TV;aflcin999i;p0p100;2012;148.8;999;i
TV;aflcin999i;p0p100;2013;363.2;999;i
TV;afdipx999i;p0p100;2001;87.0;999;i
TV;afdipx999i;p0p100;2002;59.3;999;i
TV;afdipx999i;p0p100;2003;57.9;999;i
TV;afdipx999i;p0p100;2004;73.3;999;i
TV;afdipx999i;p0p100;2005;79.0;999;i
TV;afdipx999i;p0p100;2006;81.4;999;i
TV;afdipx999i;p0p100;2007;88.3;999;i
TV;afdipx999i;p0p100;2008;82.1;999;i
TV;afdipx999i;p0p100;2009;119.9;999;i
TV;afdipx999i;p0p100;2010;211.8;999;i
TV;afdipx999i;p0p100;2011;135.0;999;i
TV;afdipx999i;p0p100;2012;389.1;999;i
TV;afdipx999i;p0p100;2013;328.3;999;i
TV;mndpro999i;p0p100;1970;19528208.0;999;i
TV;mndpro999i;p0p100;1971;19231572.0;999;i
TV;mndpro999i;p0p100;1972;18862138.0;999;i
TV;mndpro999i;p0p100;1973;18504326.0;999;i
TV;mndpro999i;p0p100;1974;18207596.0;999;i
TV;mndpro999i;p0p100;1975;17954918.0;999;i
TV;mndpro999i;p0p100;1976;17843190.0;999;i
TV;mndpro999i;p0p100;1977;17175764.0;999;i
TV;mndpro999i;p0p100;1978;16891200.0;999;i
TV;mndpro999i;p0p100;1979;16871626.0;999;i
TV;mndpro999i;p0p100;1980;16802420.0;999;i
TV;mndpro999i;p0p100;1981;17311838.0;999;i
TV;mndpro999i;p0p100;1982;14355132.0;999;i
TV;mndpro999i;p0p100;1983;15732919.0;999;i
TV;mndpro999i;p0p100;1984;16928806.0;999;i
TV;mndpro999i;p0p100;1985;16464757.0;999;i
TV;mndpro999i;p0p100;1986;20325260.0;999;i
TV;mndpro999i;p0p100;1987;22779440.0;999;i
TV;mndpro999i;p0p100;1988;27281666.0;999;i
TV;mndpro999i;p0p100;1989;26448838.0;999;i
TV;mndpro999i;p0p100;1990;30651000.0;999;i
TV;mndpro999i;p0p100;1991;31648392.0;999;i
TV;mndpro999i;p0p100;1992;32443330.0;999;i
TV;mndpro999i;p0p100;1993;33766736.0;999;i
TV;mndpro999i;p0p100;1994;37459704.0;999;i
TV;mndpro999i;p0p100;1995;35337248.0;999;i
TV;mndpro999i;p0p100;1996;32930836.0;999;i
TV;mndpro999i;p0p100;1997;36421960.0;999;i
TV;mndpro999i;p0p100;1998;42451896.0;999;i
TV;mndpro999i;p0p100;1999;41572600.0;999;i
TV;mndpro999i;p0p100;2000;41013432.0;999;i
TV;mndpro999i;p0p100;2001;41665680.0;999;i
TV;mndpro999i;p0p100;2002;45228816.0;999;i
TV;mndpro999i;p0p100;2003;43572348.0;999;i
TV;mndpro999i;p0p100;2004;42938588.0;999;i
TV;mndpro999i;p0p100;2005;41152256.0;999;i
TV;mndpro999i;p0p100;2006;42073884.0;999;i
TV;mndpro999i;p0p100;2007;44928188.0;999;i
TV;mndpro999i;p0p100;2008;48772344.0;999;i
TV;mndpro999i;p0p100;2009;46354288.0;999;i
TV;mndpro999i;p0p100;2010;44918680.0;999;i
TV;mndpro999i;p0p100;2011;48574416.0;999;i
TV;mndpro999i;p0p100;2012;46448848.0;999;i
TV;mndpro999i;p0p100;2013;48658836.0;999;i
TV;mndpro999i;p0p100;2014;49192216.0;999;i
TV;mndpro999i;p0p100;2015;53907768.0;999;i
TV;mndpro999i;p0p100;2016;55431028.0;999;i
TV;mndpro999i;p0p100;2017;57637504.0;999;i
TV;mndpro999i;p0p100;2018;58918588.0;999;i
TV;mndpro999i;p0p100;2019;64949784.0;999;i
TV;mndpro999i;p0p100;2020;65031156.0;999;i
TV;mndpro999i;p0p100;2021;66911496.0;999;i
TV;mfdipx999i;p0p100;2001;825229.0;999;i
TV;mfdipx999i;p0p100;2002;569305.0;999;i
TV;mfdipx999i;p0p100;2003;562767.0;999;i
TV;mfdipx999i;p0p100;2004;723671.0;999;i
TV;mfdipx999i;p0p100;2005;790027.0;999;i
TV;mfdipx999i;p0p100;2006;823497.0;999;i
TV;mfdipx999i;p0p100;2007;902338.0;999;i
TV;mfdipx999i;p0p100;2008;847217.0;999;i
TV;mfdipx999i;p0p100;2009;1249721.0;999;i
TV;mfdipx999i;p0p100;2010;2230526.0;999;i
TV;mfdipx999i;p0p100;2011;1435858.0;999;i
TV;mfdipx999i;p0p100;2012;4178138.0;999;i
TV;mfdipx999i;p0p100;2013;3564074.0;999;i
TV;acomrx999i;p0p100;2001;1511.8;999;i
TV;acomrx999i;p0p100;2002;1953.6;999;i
TV;acomrx999i;p0p100;2003;1105.0;999;i
TV;acomrx999i;p0p100;2004;850.2;999;i
TV;acomrx999i;p0p100;2005;782.8;999;i
TV;acomrx999i;p0p100;2006;600.7;999;i
TV;acomrx999i;p0p100;2007;861.9;999;i
TV;acomrx999i;p0p100;2008;904.1;999;i
TV;acomrx999i;p0p100;2009;779.6;999;i
TV;acomrx999i;p0p100;2010;512.6;999;i
TV;acomrx999i;p0p100;2011;541.2;999;i
TV;acomrx999i;p0p100;2012;445.5;999;i
TV;acomrx999i;p0p100;2013;503.4;999;i
TV;andpro999i;p0p100;1970;3405.1;999;i
TV;andpro999i;p0p100;1971;3335.3;999;i
TV;andpro999i;p0p100;1972;3257.7;999;i
TV;andpro999i;p0p100;1973;3178.3;999;i
TV;andpro999i;p0p100;1974;3083.4;999;i
TV;andpro999i;p0p100;1975;2962.9;999;i
TV;andpro999i;p0p100;1976;2821.9;999;i
TV;andpro999i;p0p100;1977;2582.8;999;i
TV;andpro999i;p0p100;1978;2408.2;999;i
TV;andpro999i;p0p100;1979;2293.0;999;i
TV;andpro999i;p0p100;1980;2200.1;999;i
TV;andpro999i;p0p100;1981;2211.8;999;i
TV;andpro999i;p0p100;1982;1804.3;999;i
TV;andpro999i;p0p100;1983;1956.6;999;i
TV;andpro999i;p0p100;1984;2086.1;999;i
TV;andpro999i;p0p100;1985;2003.3;999;i
TV;andpro999i;p0p100;1986;2438.3;999;i
TV;andpro999i;p0p100;1987;2684.7;999;i
TV;andpro999i;p0p100;1988;3158.7;999;i
TV;andpro999i;p0p100;1989;3012.7;999;i
TV;andpro999i;p0p100;1990;3438.9;999;i
TV;andpro999i;p0p100;1991;3506.4;999;i
TV;andpro999i;p0p100;1992;3560.5;999;i
TV;andpro999i;p0p100;1993;3672.7;999;i
TV;andpro999i;p0p100;1994;4048.8;999;i
TV;andpro999i;p0p100;1995;3800.5;999;i
TV;andpro999i;p0p100;1996;3532.2;999;i
TV;andpro999i;p0p100;1997;3906.7;999;i
TV;andpro999i;p0p100;1998;4549.1;999;i
TV;andpro999i;p0p100;1999;4448.2;999;i
TV;andpro999i;p0p100;2000;4365.9;999;i
TV;andpro999i;p0p100;2001;4393.3;999;i
TV;andpro999i;p0p100;2002;4713.3;999;i
TV;andpro999i;p0p100;2003;4480.0;999;i
TV;andpro999i;p0p100;2004;4350.9;999;i
TV;andpro999i;p0p100;2005;4115.2;999;i
TV;andpro999i;p0p100;2006;4157.5;999;i
TV;andpro999i;p0p100;2007;4395.7;999;i
TV;andpro999i;p0p100;2008;4728.8;999;i
TV;andpro999i;p0p100;2009;4446.9;999;i
TV;andpro999i;p0p100;2010;4265.8;999;i
TV;andpro999i;p0p100;2011;4568.3;999;i
TV;andpro999i;p0p100;2012;4325.2;999;i
TV;andpro999i;p0p100;2013;4481.8;999;i
TV;andpro999i;p0p100;2014;4483.4;999;i
TV;andpro999i;p0p100;2015;4857.0;999;i
TV;andpro999i;p0p100;2016;4938.2;999;i
TV;andpro999i;p0p100;2017;5069.3;999;i
TV;andpro999i;p0p100;2018;5119.8;999;i
TV;andpro999i;p0p100;2019;5577.0;999;i
TV;andpro999i;p0p100;2020;5514.9;999;i
TV;andpro999i;p0p100;2021;5608.2;999;i
TV;mfinpx999i;p0p100;2001;1387721.0;999;i
TV;mfinpx999i;p0p100;2002;1043152.0;999;i
TV;mfinpx999i;p0p100;2003;1168546.0;999;i
TV;mfinpx999i;p0p100;2004;1315582.0;999;i
TV;mfinpx999i;p0p100;2005;1407190.0;999;i
TV;mfinpx999i;p0p100;2006;1452536.0;999;i
TV;mfinpx999i;p0p100;2007;1456861.0;999;i
TV;mfinpx999i;p0p100;2008;1385754.0;999;i
TV;mfinpx999i;p0p100;2009;2332111.0;999;i
TV;mfinpx999i;p0p100;2010;3836401.0;999;i
TV;mfinpx999i;p0p100;2011;3304067.0;999;i
TV;mfinpx999i;p0p100;2012;6437442.0;999;i
TV;mfinpx999i;p0p100;2013;5469322.0;999;i
TV;mftaxx999i;p0p100;2001;0.0;999;i
TV;mftaxx999i;p0p100;2002;0.0;999;i
TV;mftaxx999i;p0p100;2003;0.0;999;i
TV;mftaxx999i;p0p100;2004;0.0;999;i
TV;mftaxx999i;p0p100;2005;0.0;999;i
TV;mftaxx999i;p0p100;2006;0.0;999;i
TV;mftaxx999i;p0p100;2007;0.0;999;i
TV;mftaxx999i;p0p100;2008;0.0;999;i
TV;mftaxx999i;p0p100;2009;0.0;999;i
TV;mftaxx999i;p0p100;2010;0.0;999;i
TV;mftaxx999i;p0p100;2011;0.0;999;i
TV;mftaxx999i;p0p100;2012;0.0;999;i
TV;mftaxx999i;p0p100;2013;0.0;999;i
TV;mgninc999i;p0p100;1970;21330190.0;999;i
TV;mgninc999i;p0p100;1971;20992392.0;999;i
TV;mgninc999i;p0p100;1972;20583032.0;999;i
TV;mgninc999i;p0p100;1973;20185684.0;999;i
TV;mgninc999i;p0p100;1974;19846940.0;999;i
TV;mgninc999i;p0p100;1975;19547942.0;999;i
TV;mgninc999i;p0p100;1976;19382746.0;999;i
TV;mgninc999i;p0p100;1977;18657538.0;999;i
TV;mgninc999i;p0p100;1978;18315632.0;999;i
TV;mgninc999i;p0p100;1979;18242942.0;999;i
TV;mgninc999i;p0p100;1980;18126298.0;999;i
TV;mgninc999i;p0p100;1981;18597620.0;999;i
TV;mgninc999i;p0p100;1982;15620305.0;999;i
TV;mgninc999i;p0p100;1983;17022014.0;999;i
TV;mgninc999i;p0p100;1984;18292030.0;999;i
TV;mgninc999i;p0p100;1985;17956352.0;999;i
TV;mgninc999i;p0p100;1986;22011886.0;999;i
TV;mgninc999i;p0p100;1987;24709868.0;999;i
TV;mgninc999i;p0p100;1988;29480594.0;999;i
TV;mgninc999i;p0p100;1989;28906360.0;999;i
TV;mgninc999i;p0p100;1990;33351016.0;999;i
TV;mgninc999i;p0p100;1991;34554664.0;999;i
TV;mgninc999i;p0p100;1992;35518344.0;999;i
TV;mgninc999i;p0p100;1993;36978436.0;999;i
TV;mgninc999i;p0p100;1994;40781076.0;999;i
TV;mgninc999i;p0p100;1995;38740212.0;999;i
TV;mgninc999i;p0p100;1996;36430808.0;999;i
TV;mgninc999i;p0p100;1997;40075032.0;999;i
TV;mgninc999i;p0p100;1998;46287120.0;999;i
TV;mgninc999i;p0p100;1999;45563356.0;999;i
TV;mgninc999i;p0p100;2000;45121060.0;999;i
TV;mgninc999i;p0p100;2001;88485616.0;999;i
TV;mgninc999i;p0p100;2002;87260912.0;999;i
TV;mgninc999i;p0p100;2003;64087448.0;999;i
TV;mgninc999i;p0p100;2004;64988728.0;999;i
TV;mgninc999i;p0p100;2005;60358880.0;999;i
TV;mgninc999i;p0p100;2006;70832136.0;999;i
TV;mgninc999i;p0p100;2007;72742600.0;999;i
TV;mgninc999i;p0p100;2008;84361256.0;999;i
TV;mgninc999i;p0p100;2009;77446048.0;999;i
TV;mgninc999i;p0p100;2010;66601296.0;999;i
TV;mgninc999i;p0p100;2011;70214768.0;999;i
TV;mgninc999i;p0p100;2012;64238240.0;999;i
TV;mgninc999i;p0p100;2013;82607720.0;999;i
TV;mgninc999i;p0p100;2014;83732112.0;999;i
TV;mgninc999i;p0p100;2015;91383000.0;999;i
TV;mgninc999i;p0p100;2016;94154376.0;999;i
TV;mgninc999i;p0p100;2017;98008480.0;999;i
TV;mgninc999i;p0p100;2018;100457352.0;999;i
TV;mgninc999i;p0p100;2019;110229936.0;999;i
TV;mgninc999i;p0p100;2020;110823496.0;999;i
TV;mgninc999i;p0p100;2021;114294552.0;999;i
TV;ataxnx999i;p0p100;2001;2335.2;999;i
TV;ataxnx999i;p0p100;2002;1579.5;999;i
TV;ataxnx999i;p0p100;2003;260.2;999;i
TV;ataxnx999i;p0p100;2004;719.6;999;i
TV;ataxnx999i;p0p100;2005;510.1;999;i
TV;ataxnx999i;p0p100;2006;794.4;999;i
TV;ataxnx999i;p0p100;2007;662.2;999;i
TV;ataxnx999i;p0p100;2008;1217.1;999;i
TV;ataxnx999i;p0p100;2009;1294.1;999;i
TV;ataxnx999i;p0p100;2010;1042.0;999;i
TV;ataxnx999i;p0p100;2011;770.9;999;i
TV;ataxnx999i;p0p100;2012;1067.4;999;i
TV;ataxnx999i;p0p100;2013;2315.9;999;i
TV;mfdinx999i;p0p100;2001;-825229.0;999;i
TV;mfdinx999i;p0p100;2002;-569304.0;999;i
TV;mfdinx999i;p0p100;2003;-562767.0;999;i
TV;mfdinx999i;p0p100;2004;-689982.0;999;i
TV;mfdinx999i;p0p100;2005;-745253.0;999;i
TV;mfdinx999i;p0p100;2006;-823497.0;999;i
TV;mfdinx999i;p0p100;2007;-861099.0;999;i
TV;mfdinx999i;p0p100;2008;-847217.0;999;i
TV;mfdinx999i;p0p100;2009;-1249721.0;999;i
TV;mfdinx999i;p0p100;2010;-2230525.0;999;i
TV;mfdinx999i;p0p100;2011;-1435858.0;999;i
TV;mfdinx999i;p0p100;2012;-4178138.0;999;i
TV;mfdinx999i;p0p100;2013;-3564074.0;999;i
TV;mfinrx999i;p0p100;2001;44014904.0;999;i
TV;mfinrx999i;p0p100;2002;38829164.0;999;i
TV;mfinrx999i;p0p100;2003;17430326.0;999;i
TV;mfinrx999i;p0p100;2004;19125342.0;999;i
TV;mfinrx999i;p0p100;2005;16370414.0;999;i
TV;mfinrx999i;p0p100;2006;25917964.0;999;i
TV;mfinrx999i;p0p100;2007;24888206.0;999;i
TV;mfinrx999i;p0p100;2008;32499146.0;999;i
TV;mfinrx999i;p0p100;2009;28890650.0;999;i
TV;mfinrx999i;p0p100;2010;20939178.0;999;i
TV;mfinrx999i;p0p100;2011;20299994.0;999;i
TV;mfinrx999i;p0p100;2012;19498184.0;999;i
TV;mfinrx999i;p0p100;2013;34557304.0;999;i
TV;mptfrx999i;p0p100;2001;7529489.0;999;i
TV;mptfrx999i;p0p100;2002;4925996.0;999;i
TV;mptfrx999i;p0p100;2003;4151707.0;999;i
TV;mptfrx999i;p0p100;2004;3598463.0;999;i
TV;mptfrx999i;p0p100;2005;3397006.0;999;i
TV;mptfrx999i;p0p100;2006;11799658.0;999;i
TV;mptfrx999i;p0p100;2007;9268354.0;999;i
TV;mptfrx999i;p0p100;2008;10621207.0;999;i
TV;mptfrx999i;p0p100;2009;7274448.0;999;i
TV;mptfrx999i;p0p100;2010;4568549.0;999;i
TV;mptfrx999i;p0p100;2011;6348669.0;999;i
TV;mptfrx999i;p0p100;2012;3251183.0;999;i
TV;mptfrx999i;p0p100;2013;3947482.0;999;i
TV;acompx999i;p0p100;2001;31.6;999;i
TV;acompx999i;p0p100;2002;22.5;999;i
TV;acompx999i;p0p100;2003;36.7;999;i
TV;acompx999i;p0p100;2004;36.2;999;i
TV;acompx999i;p0p100;2005;38.9;999;i
TV;acompx999i;p0p100;2006;41.1;999;i
TV;acompx999i;p0p100;2007;31.7;999;i
TV;acompx999i;p0p100;2008;24.2;999;i
TV;acompx999i;p0p100;2009;44.0;999;i
TV;acompx999i;p0p100;2010;85.3;999;i
TV;acompx999i;p0p100;2011;96.8;999;i
TV;acompx999i;p0p100;2012;141.0;999;i
TV;acompx999i;p0p100;2013;120.5;999;i
TV;aptfop999i;p0p100;2001;26.4;999;i
TV;aptfop999i;p0p100;2002;25.2;999;i
TV;aptfop999i;p0p100;2003;24.3;999;i
TV;aptfop999i;p0p100;2004;22.8;999;i
TV;aptfop999i;p0p100;2005;22.4;999;i
TV;aptfop999i;p0p100;2006;21.0;999;i
TV;aptfop999i;p0p100;2007;22.4;999;i
TV;aptfop999i;p0p100;2008;27.1;999;i
TV;aptfop999i;p0p100;2009;58.7;999;i
TV;aptfop999i;p0p100;2010;65.3;999;i
TV;aptfop999i;p0p100;2011;75.3;999;i
TV;aptfop999i;p0p100;2012;66.0;999;i
TV;aptfop999i;p0p100;2013;50.0;999;i
TV;aptfor999i;p0p100;2001;793.9;999;i
TV;aptfor999i;p0p100;2002;513.3;999;i
TV;aptfor999i;p0p100;2003;426.9;999;i
TV;aptfor999i;p0p100;2004;364.6;999;i
TV;aptfor999i;p0p100;2005;339.7;999;i
TV;aptfor999i;p0p100;2006;1166.0;999;i
TV;aptfor999i;p0p100;2007;906.8;999;i
TV;aptfor999i;p0p100;2008;1029.8;999;i
TV;aptfor999i;p0p100;2009;697.9;999;i
TV;aptfor999i;p0p100;2010;433.9;999;i
TV;aptfor999i;p0p100;2011;597.1;999;i
TV;aptfor999i;p0p100;2012;302.7;999;i
TV;aptfor999i;p0p100;2013;363.6;999;i
TV;xlcyup999i;p0p100;1970;0.676283895969391;999;i
TV;xlcyup999i;p0p100;1971;0.699450671672821;999;i
TV;xlcyup999i;p0p100;1972;0.745095908641815;999;i
TV;xlcyup999i;p0p100;1973;0.781280040740967;999;i
TV;xlcyup999i;p0p100;1974;0.827989161014557;999;i
TV;xlcyup999i;p0p100;1975;0.873133778572083;999;i
TV;xlcyup999i;p0p100;1976;0.89387571811676;999;i
TV;xlcyup999i;p0p100;1977;0.943445444107056;999;i
TV;xlcyup999i;p0p100;1978;0.987926006317139;999;i
TV;xlcyup999i;p0p100;1979;1.00561165809631;999;i
TV;xlcyup999i;p0p100;1980;0.990500450134277;999;i
TV;xlcyup999i;p0p100;1981;1.02710473537445;999;i
TV;xlcyup999i;p0p100;1982;1.10356593132019;999;i
TV;xlcyup999i;p0p100;1983;1.14984309673309;999;i
TV;xlcyup999i;p0p100;1984;1.10035419464111;999;i
TV;xlcyup999i;p0p100;1985;0.998323678970337;999;i
TV;xlcyup999i;p0p100;1986;0.983502388000488;999;i
TV;xlcyup999i;p0p100;1987;0.933180928230286;999;i
TV;xlcyup999i;p0p100;1988;0.834521889686584;999;i
TV;xlcyup999i;p0p100;1989;0.818840086460114;999;i
TV;xlcyup999i;p0p100;1990;0.764681041240692;999;i
TV;xlcyup999i;p0p100;1991;0.718395709991455;999;i
TV;xlcyup999i;p0p100;1992;0.683239221572876;999;i
TV;xlcyup999i;p0p100;1993;0.590692460536957;999;i
TV;xlcyup999i;p0p100;1994;0.44849157333374;999;i
TV;xlcyup999i;p0p100;1995;0.424473255872726;999;i
TV;xlcyup999i;p0p100;1996;0.423442006111145;999;i
TV;xlcyup999i;p0p100;1997;0.403158724308014;999;i
TV;xlcyup999i;p0p100;1998;0.389350712299347;999;i
TV;xlcyup999i;p0p100;1999;0.41217565536499;999;i
TV;xlcyup999i;p0p100;2000;0.446985572576523;999;i
TV;xlcyup999i;p0p100;2001;0.45791620016098;999;i
TV;xlcyup999i;p0p100;2002;0.477021187543869;999;i
TV;xlcyup999i;p0p100;2003;0.470324039459229;999;i
TV;xlcyup999i;p0p100;2004;0.467219591140747;999;i
TV;xlcyup999i;p0p100;2005;0.444885104894638;999;i
TV;xlcyup999i;p0p100;2006;0.44348531961441;999;i
TV;xlcyup999i;p0p100;2007;0.404032677412033;999;i
TV;xlcyup999i;p0p100;2008;0.37357497215271;999;i
TV;xlcyup999i;p0p100;2009;0.37244987487793;999;i
TV;xlcyup999i;p0p100;2010;0.353319704532623;999;i
TV;xlcyup999i;p0p100;2011;0.324118494987488;999;i
TV;xlcyup999i;p0p100;2012;0.316439479589462;999;i
TV;xlcyup999i;p0p100;2013;0.315549790859222;999;i
TV;xlcyup999i;p0p100;2014;0.3273905813694;999;i
TV;xlcyup999i;p0p100;2015;0.342561095952988;999;i
TV;xlcyup999i;p0p100;2016;0.341185867786408;999;i
TV;xlcyup999i;p0p100;2017;0.338991791009903;999;i
TV;xlcyup999i;p0p100;2018;0.343656778335571;999;i
TV;xlcyup999i;p0p100;2019;0.368786245584488;999;i
TV;xlcyup999i;p0p100;2020;0.376564681529999;999;i
TV;xlcyup999i;p0p100;2021;0.374599307775497;999;i
TV;aptfpx999i;p0p100;2001;27.7;999;i
TV;aptfpx999i;p0p100;2002;26.8;999;i
TV;aptfpx999i;p0p100;2003;25.6;999;i
TV;aptfpx999i;p0p100;2004;23.7;999;i
TV;aptfpx999i;p0p100;2005;22.9;999;i
TV;aptfpx999i;p0p100;2006;21.0;999;i
TV;aptfpx999i;p0p100;2007;22.6;999;i
TV;aptfpx999i;p0p100;2008;28.0;999;i
TV;aptfpx999i;p0p100;2009;59.9;999;i
TV;aptfpx999i;p0p100;2010;67.2;999;i
TV;aptfpx999i;p0p100;2011;78.9;999;i
TV;aptfpx999i;p0p100;2012;69.4;999;i
TV;aptfpx999i;p0p100;2013;55.0;999;i
TV;mgdpro999i;p0p100;1970;21330189.0;999;i
TV;mgdpro999i;p0p100;1971;20992392.0;999;i
TV;mgdpro999i;p0p100;1972;20583032.0;999;i
TV;mgdpro999i;p0p100;1973;20185683.0;999;i
TV;mgdpro999i;p0p100;1974;19846940.0;999;i
TV;mgdpro999i;p0p100;1975;19547943.0;999;i
TV;mgdpro999i;p0p100;1976;19382746.0;999;i
TV;mgdpro999i;p0p100;1977;18657537.0;999;i
TV;mgdpro999i;p0p100;1978;18315632.0;999;i
TV;mgdpro999i;p0p100;1979;18242942.0;999;i
TV;mgdpro999i;p0p100;1980;18126298.0;999;i
TV;mgdpro999i;p0p100;1981;18597621.0;999;i
TV;mgdpro999i;p0p100;1982;15620305.0;999;i
TV;mgdpro999i;p0p100;1983;17022013.0;999;i
TV;mgdpro999i;p0p100;1984;18292030.0;999;i
TV;mgdpro999i;p0p100;1985;17956353.0;999;i
TV;mgdpro999i;p0p100;1986;22011885.0;999;i
TV;mgdpro999i;p0p100;1987;24709867.0;999;i
TV;mgdpro999i;p0p100;1988;29480594.0;999;i
TV;mgdpro999i;p0p100;1989;28906360.0;999;i
TV;mgdpro999i;p0p100;1990;33351016.0;999;i
TV;mgdpro999i;p0p100;1991;34554664.0;999;i
TV;mgdpro999i;p0p100;1992;35518346.0;999;i
TV;mgdpro999i;p0p100;1993;36978436.0;999;i
TV;mgdpro999i;p0p100;1994;40781075.0;999;i
TV;mgdpro999i;p0p100;1995;38740211.0;999;i
TV;mgdpro999i;p0p100;1996;36430806.0;999;i
TV;mgdpro999i;p0p100;1997;40075031.0;999;i
TV;mgdpro999i;p0p100;1998;46287120.0;999;i
TV;mgdpro999i;p0p100;1999;45563356.0;999;i
TV;mgdpro999i;p0p100;2000;45121059.0;999;i
TV;mgdpro999i;p0p100;2001;45858437.0;999;i
TV;mgdpro999i;p0p100;2002;49474901.0;999;i
TV;mgdpro999i;p0p100;2003;47825665.0;999;i
TV;mgdpro999i;p0p100;2004;47178967.0;999;i
TV;mgdpro999i;p0p100;2005;45395657.0;999;i
TV;mgdpro999i;p0p100;2006;46366710.0;999;i
TV;mgdpro999i;p0p100;2007;49311255.0;999;i
TV;mgdpro999i;p0p100;2008;53247860.0;999;i
TV;mgdpro999i;p0p100;2009;50887509.0;999;i
TV;mgdpro999i;p0p100;2010;49498520.0;999;i
TV;mgdpro999i;p0p100;2011;53218841.0;999;i
TV;mgdpro999i;p0p100;2012;51177498.0;999;i
TV;mgdpro999i;p0p100;2013;53519744.0;999;i
TV;mgdpro999i;p0p100;2014;54241271.0;999;i
TV;mgdpro999i;p0p100;2015;59200426.0;999;i
TV;mgdpro999i;p0p100;2016;60996994.0;999;i
TV;mgdpro999i;p0p100;2017;63494223.0;999;i
TV;mgdpro999i;p0p100;2018;65081607.0;999;i
TV;mgdpro999i;p0p100;2019;71431044.0;999;i
TV;mgdpro999i;p0p100;2020;71815684.0;999;i
TV;mgdpro999i;p0p100;2021;73999992.0;999;i
TV;mnnfin999i;p0p100;2001;42627184.0;999;i
TV;mnnfin999i;p0p100;2002;37786012.0;999;i
TV;mnnfin999i;p0p100;2003;16261780.0;999;i
TV;mnnfin999i;p0p100;2004;17809760.0;999;i
TV;mnnfin999i;p0p100;2005;14963223.0;999;i
TV;mnnfin999i;p0p100;2006;24465426.0;999;i
TV;mnnfin999i;p0p100;2007;23431344.0;999;i
TV;mnnfin999i;p0p100;2008;31113394.0;999;i
TV;mnnfin999i;p0p100;2009;26558542.0;999;i
TV;mnnfin999i;p0p100;2010;17102776.0;999;i
TV;mnnfin999i;p0p100;2011;16995926.0;999;i
TV;mnnfin999i;p0p100;2012;13060743.0;999;i
TV;mnnfin999i;p0p100;2013;29087982.0;999;i
TV;mnnfin999i;p0p100;2014;29490842.0;999;i
TV;mnnfin999i;p0p100;2015;32182574.0;999;i
TV;mnnfin999i;p0p100;2016;33157382.0;999;i
TV;mnnfin999i;p0p100;2017;34514252.0;999;i
TV;mnnfin999i;p0p100;2018;35375748.0;999;i
TV;mnnfin999i;p0p100;2019;38798896.0;999;i
TV;mnnfin999i;p0p100;2020;39007820.0;999;i
TV;mnnfin999i;p0p100;2021;40294552.0;999;i
TV;mpinpx999i;p0p100;2001;1087638.0;999;i
TV;mpinpx999i;p0p100;2002;826851.0;999;i
TV;mpinpx999i;p0p100;2003;812045.0;999;i
TV;mpinpx999i;p0p100;2004;957833.0;999;i
TV;mpinpx999i;p0p100;2005;1018612.0;999;i
TV;mpinpx999i;p0p100;2006;1036172.0;999;i
TV;mpinpx999i;p0p100;2007;1133065.0;999;i
TV;mpinpx999i;p0p100;2008;1135679.0;999;i
TV;mpinpx999i;p0p100;2009;1873782.0;999;i
TV;mpinpx999i;p0p100;2010;2938151.0;999;i
TV;mpinpx999i;p0p100;2011;2274773.0;999;i
TV;mpinpx999i;p0p100;2012;4923137.0;999;i
TV;mpinpx999i;p0p100;2013;4161304.0;999;i
TV;aptfnx999i;p0p100;2001;766.2;999;i
TV;aptfnx999i;p0p100;2002;486.5;999;i
TV;aptfnx999i;p0p100;2003;401.2;999;i
TV;aptfnx999i;p0p100;2004;340.9;999;i
TV;aptfnx999i;p0p100;2005;316.8;999;i
TV;aptfnx999i;p0p100;2006;1145.0;999;i
TV;aptfnx999i;p0p100;2007;884.2;999;i
TV;aptfnx999i;p0p100;2008;1001.8;999;i
TV;aptfnx999i;p0p100;2009;638.0;999;i
TV;aptfnx999i;p0p100;2010;366.7;999;i
TV;aptfnx999i;p0p100;2011;518.2;999;i
TV;aptfnx999i;p0p100;2012;233.4;999;i
TV;aptfnx999i;p0p100;2013;308.6;999;i
TV;aptfrn999i;p0p100;1970;0.0;999;i
TV;aptfrn999i;p0p100;1971;0.0;999;i
TV;aptfrn999i;p0p100;1972;0.0;999;i
TV;aptfrn999i;p0p100;1973;0.0;999;i
TV;aptfrn999i;p0p100;1974;0.0;999;i
TV;aptfrn999i;p0p100;1975;0.0;999;i
TV;aptfrn999i;p0p100;1976;0.0;999;i
TV;aptfrn999i;p0p100;1977;0.0;999;i
TV;aptfrn999i;p0p100;1978;0.0;999;i
TV;aptfrn999i;p0p100;1979;-0.1;999;i
TV;aptfrn999i;p0p100;1980;-0.1;999;i
TV;aptfrn999i;p0p100;1981;-0.1;999;i
TV;aptfrn999i;p0p100;1982;-0.1;999;i
TV;aptfrn999i;p0p100;1983;-0.1;999;i
TV;aptfrn999i;p0p100;1984;-0.1;999;i
TV;aptfrn999i;p0p100;1985;-0.1;999;i
TV;aptfrn999i;p0p100;1986;-0.1;999;i
TV;aptfrn999i;p0p100;1987;-0.1;999;i
TV;aptfrn999i;p0p100;1988;-0.3;999;i
TV;aptfrn999i;p0p100;1989;-0.3;999;i
TV;aptfrn999i;p0p100;1990;-0.3;999;i
TV;aptfrn999i;p0p100;1991;0.0;999;i
TV;aptfrn999i;p0p100;1992;-0.3;999;i
TV;aptfrn999i;p0p100;1993;-0.5;999;i
TV;aptfrn999i;p0p100;1994;-0.5;999;i
TV;aptfrn999i;p0p100;1995;-0.7;999;i
TV;aptfrn999i;p0p100;1996;-0.5;999;i
TV;aptfrn999i;p0p100;1997;-0.6;999;i
TV;aptfrn999i;p0p100;1998;-0.8;999;i
TV;aptfrn999i;p0p100;1999;-0.5;999;i
TV;aptfrn999i;p0p100;2000;-1.1;999;i
TV;aptfrn999i;p0p100;2001;-1.3;999;i
TV;aptfrn999i;p0p100;2002;-1.6;999;i
TV;aptfrn999i;p0p100;2003;-1.3;999;i
TV;aptfrn999i;p0p100;2004;-1.0;999;i
TV;aptfrn999i;p0p100;2005;-0.5;999;i
TV;aptfrn999i;p0p100;2006;0.0;999;i
TV;aptfrn999i;p0p100;2007;-0.2;999;i
TV;aptfrn999i;p0p100;2008;-0.8;999;i
TV;aptfrn999i;p0p100;2009;-1.1;999;i
TV;aptfrn999i;p0p100;2010;-1.9;999;i
TV;aptfrn999i;p0p100;2011;-3.6;999;i
TV;aptfrn999i;p0p100;2012;-3.4;999;i
TV;aptfrn999i;p0p100;2013;-5.0;999;i
TV;aptfrn999i;p0p100;2014;-4.1;999;i
TV;aptfrn999i;p0p100;2015;-4.8;999;i
TV;aptfrn999i;p0p100;2016;-5.1;999;i
TV;aptfrn999i;p0p100;2017;-5.2;999;i
TV;aptfrn999i;p0p100;2018;-5.4;999;i
TV;aptfrn999i;p0p100;2019;-8.3;999;i
TV;aptfrn999i;p0p100;2020;-8.3;999;i
TV;aftaxx999i;p0p100;2001;0.0;999;i
TV;aftaxx999i;p0p100;2002;0.0;999;i
TV;aftaxx999i;p0p100;2003;0.0;999;i
TV;aftaxx999i;p0p100;2004;0.0;999;i
TV;aftaxx999i;p0p100;2005;0.0;999;i
TV;aftaxx999i;p0p100;2006;0.0;999;i
TV;aftaxx999i;p0p100;2007;0.0;999;i
TV;aftaxx999i;p0p100;2008;0.0;999;i
TV;aftaxx999i;p0p100;2009;0.0;999;i
TV;aftaxx999i;p0p100;2010;0.0;999;i
TV;aftaxx999i;p0p100;2011;0.0;999;i
TV;aftaxx999i;p0p100;2012;0.0;999;i
TV;aftaxx999i;p0p100;2013;0.0;999;i
TV;mflcir999i;p0p100;2001;21867680.0;999;i
TV;mflcir999i;p0p100;2002;23672514.0;999;i
TV;mflcir999i;p0p100;2003;14899327.0;999;i
TV;mflcir999i;p0p100;2004;12023123.0;999;i
TV;mflcir999i;p0p100;2005;11269857.0;999;i
TV;mflcir999i;p0p100;2006;17878876.0;999;i
TV;mflcir999i;p0p100;2007;18119448.0;999;i
TV;mflcir999i;p0p100;2008;19946208.0;999;i
TV;mflcir999i;p0p100;2009;15400909.0;999;i
TV;mflcir999i;p0p100;2010;9966560.0;999;i
TV;mflcir999i;p0p100;2011;12103499.0;999;i
TV;mflcir999i;p0p100;2012;8035206.0;999;i
TV;mflcir999i;p0p100;2013;9413116.0;999;i
TV;mnninc999i;p0p100;1970;19528208.0;999;i
TV;mnninc999i;p0p100;1971;19231572.0;999;i
TV;mnninc999i;p0p100;1972;18862138.0;999;i
TV;mnninc999i;p0p100;1973;18504326.0;999;i
TV;mnninc999i;p0p100;1974;18207596.0;999;i
TV;mnninc999i;p0p100;1975;17954918.0;999;i
TV;mnninc999i;p0p100;1976;17843190.0;999;i
TV;mnninc999i;p0p100;1977;17175764.0;999;i
TV;mnninc999i;p0p100;1978;16891200.0;999;i
TV;mnninc999i;p0p100;1979;16871626.0;999;i
TV;mnninc999i;p0p100;1980;16802420.0;999;i
TV;mnninc999i;p0p100;1981;17311838.0;999;i
TV;mnninc999i;p0p100;1982;14355132.0;999;i
TV;mnninc999i;p0p100;1983;15732919.0;999;i
TV;mnninc999i;p0p100;1984;16928806.0;999;i
TV;mnninc999i;p0p100;1985;16464757.0;999;i
TV;mnninc999i;p0p100;1986;20325260.0;999;i
TV;mnninc999i;p0p100;1987;22779440.0;999;i
TV;mnninc999i;p0p100;1988;27281666.0;999;i
TV;mnninc999i;p0p100;1989;26448838.0;999;i
TV;mnninc999i;p0p100;1990;30651000.0;999;i
TV;mnninc999i;p0p100;1991;31648392.0;999;i
TV;mnninc999i;p0p100;1992;32443330.0;999;i
TV;mnninc999i;p0p100;1993;33766736.0;999;i
TV;mnninc999i;p0p100;1994;37459704.0;999;i
TV;mnninc999i;p0p100;1995;35337248.0;999;i
TV;mnninc999i;p0p100;1996;32930836.0;999;i
TV;mnninc999i;p0p100;1997;36421960.0;999;i
TV;mnninc999i;p0p100;1998;42451896.0;999;i
TV;mnninc999i;p0p100;1999;41572600.0;999;i
TV;mnninc999i;p0p100;2000;41013432.0;999;i
TV;mnninc999i;p0p100;2001;84292864.0;999;i
TV;mnninc999i;p0p100;2002;83014824.0;999;i
TV;mnninc999i;p0p100;2003;59834128.0;999;i
TV;mnninc999i;p0p100;2004;60748348.0;999;i
TV;mnninc999i;p0p100;2005;56115480.0;999;i
TV;mnninc999i;p0p100;2006;66539304.0;999;i
TV;mnninc999i;p0p100;2007;68359536.0;999;i
TV;mnninc999i;p0p100;2008;79885736.0;999;i
TV;mnninc999i;p0p100;2009;72912824.0;999;i
TV;mnninc999i;p0p100;2010;62021456.0;999;i
TV;mnninc999i;p0p100;2011;65570336.0;999;i
TV;mnninc999i;p0p100;2012;59509596.0;999;i
TV;mnninc999i;p0p100;2013;77746816.0;999;i
TV;mnninc999i;p0p100;2014;78683056.0;999;i
TV;mnninc999i;p0p100;2015;86090344.0;999;i
TV;mnninc999i;p0p100;2016;88588408.0;999;i
TV;mnninc999i;p0p100;2017;92151752.0;999;i
TV;mnninc999i;p0p100;2018;94294336.0;999;i
TV;mnninc999i;p0p100;2019;103748680.0;999;i
TV;mnninc999i;p0p100;2020;104038976.0;999;i
TV;mnninc999i;p0p100;2021;107206040.0;999;i
TV;mflcin999i;p0p100;2001;20479960.0;999;i
TV;mflcin999i;p0p100;2002;22629362.0;999;i
TV;mflcin999i;p0p100;2003;13730779.0;999;i
TV;mflcin999i;p0p100;2004;10707541.0;999;i
TV;mflcin999i;p0p100;2005;9862668.0;999;i
TV;mflcin999i;p0p100;2006;16426338.0;999;i
TV;mflcin999i;p0p100;2007;16662587.0;999;i
TV;mflcin999i;p0p100;2008;18560454.0;999;i
TV;mflcin999i;p0p100;2009;13068798.0;999;i
TV;mflcin999i;p0p100;2010;6130160.0;999;i
TV;mflcin999i;p0p100;2011;8799432.0;999;i
TV;mflcin999i;p0p100;2012;1597764.0;999;i
TV;mflcin999i;p0p100;2013;3943794.0;999;i
TV;mgweal999i;p0p100;1995;30911326.0;999;i
TV;mgweal999i;p0p100;1996;29492362.0;999;i
TV;mgweal999i;p0p100;1997;33444233.0;999;i
TV;mgweal999i;p0p100;1998;40246620.0;999;i
TV;mgweal999i;p0p100;1999;40613020.0;999;i
TV;mgweal999i;p0p100;2000;41259322.0;999;i
TV;mgweal999i;p0p100;2001;88089580.0;999;i
TV;mgweal999i;p0p100;2002;89368909.0;999;i
TV;mgweal999i;p0p100;2003;66211423.0;999;i
TV;mgweal999i;p0p100;2004;69291167.0;999;i
TV;mgweal999i;p0p100;2005;65858737.0;999;i
TV;mgweal999i;p0p100;2006;80313145.0;999;i
TV;mgweal999i;p0p100;2007;84392978.0;999;i
TV;mgweal999i;p0p100;2008;100513826.0;999;i
TV;mgweal999i;p0p100;2009;92709934.0;999;i
TV;mgweal999i;p0p100;2010;79124808.0;999;i
TV;mgweal999i;p0p100;2011;83753965.0;999;i
TV;mgweal999i;p0p100;2012;75710936.0;999;i
TV;mgweal999i;p0p100;2013;99038198.0;999;i
TV;mgweal999i;p0p100;2014;99811048.0;999;i
TV;mgweal999i;p0p100;2015;108585463.0;999;i
TV;mgweal999i;p0p100;2016;110862993.0;999;i
TV;mgweal999i;p0p100;2017;114427565.0;999;i
TV;mgweal999i;p0p100;2018;115966206.0;999;i
TV;mgweal999i;p0p100;2019;126546360.0;999;i
TV;mgweal999i;p0p100;2020;125978959.0;999;i
