parameter,forecast,year,mean,min,median,max,nmissing,eltype,std,pc975,pc025,pc85,pc15,pc75,pc25
B,0,1948,3.127374921929993,2.3467225924275,3.106286971093124,4.247741493086361,0,Float64,0.28228209267101506,3.730615628415357,2.6307409076876347,3.425379755290952,2.850007614216592,3.3094544294432304,2.933021604499202
B,0,1953,3.1232159678832354,2.3093043320074234,3.1012060334415574,4.137926746655714,0,Float64,0.26381083915518155,3.6934493502614965,2.6640902719317396,3.4001480101137287,2.864719358576187,3.2979446956729688,2.934915194131443
B,0,1958,3.1457389324529133,2.3427018308456926,3.127143830758425,4.137311994940382,0,Float64,0.24490884870432986,3.671212823181218,2.7126244450236685,3.400208894418289,2.906951798472844,3.3074524018785763,2.979692616574541
B,0,1963,3.150688388895941,2.394420668366207,3.136798483855938,4.069335911154303,0,Float64,0.22951466588977637,3.647218990113011,2.7403115341787347,3.388471192520494,2.9249976834156577,3.3003811942317665,2.977711244067588
B,0,1968,3.1558477809402428,2.4401992655864735,3.140202305054612,3.999623408695341,0,Float64,0.21495459064084857,3.6115114534306088,2.766482743521459,3.378908029521636,2.9506143475190107,3.2958702426242423,2.9987277312337293
B,0,1973,3.141761201548732,2.528528551510723,3.12878562795035,3.898708546712475,0,Float64,0.2006912612736938,3.5613563091118414,2.7810345391966123,3.3562347512801822,2.9511754440555107,3.270574085683184,2.9922421823175442
B,0,1978,3.118071983541689,2.4970024217558575,3.100903284936759,3.8720852874781024,0,Float64,0.18632388588180007,3.508002504567662,2.7763468513702554,3.313424841891267,2.9328176403722943,3.2371221715944056,2.9990347488518214
B,0,1983,3.09669289840021,2.4878758456719052,3.0931244540727523,3.8373941405879726,0,Float64,0.17749276443299536,3.468559473142971,2.7535437363936253,3.2777949061720992,2.914847788248144,3.2064141030904136,2.98003606032043
B,0,1988,3.0563184393614775,2.525962079354691,3.0614587733481713,3.6843284318297567,0,Float64,0.17393633085226687,3.4117857552904796,2.7264755243136864,3.23303961094118,2.870460819628498,3.163338431742157,2.937552049949506
B,0,1993,3.0018608306999446,2.4521113729269546,3.008038187414652,3.613785043382042,0,Float64,0.17552069476663146,3.344968886801008,2.6657940618144575,3.1709272045926244,2.8126673891109686,3.120788333381781,2.877888139484473
B,0,1998,2.9121503219839044,2.348183485529099,2.9084942955006907,3.62711315265966,0,Float64,0.18361940632261242,3.2511862027668164,2.5629920669298945,3.1237310453788116,2.7111434774353205,3.04603638285379,2.7826050038156693
B,0,2003,2.836873609893276,2.2489226451383924,2.830484979156802,3.533509617104603,0,Float64,0.19878487468987052,3.1925335769199563,2.4674101423971053,3.068625576824307,2.6247737446356867,2.9748549533937534,2.692284577751991
B,0,2008,2.7745015376235305,2.1390981002141523,2.7628514270843194,3.522396991219411,0,Float64,0.22360132634938495,3.190038591238183,2.3749449677587413,3.0222104891296597,2.5345711223451834,2.923383252971866,2.6110138192326393
B,0,2013,2.715522916220704,1.969131019481019,2.696450626267617,3.638694399169442,0,Float64,0.25452169548450326,3.2049256594555393,2.26727291034483,2.9940140180165344,2.4450267463622293,2.875128381466547,2.5323402566484203
B,1,2018,2.659216560954187,1.8587887586280563,2.6379387871692543,3.8168860724534053,0,Float64,0.2937636001257778,3.2654644137663857,2.155528989066361,2.969215811045871,2.351567882438558,2.8330556022721813,2.4504549115258
B,1,2023,2.607095764524021,1.613949816861384,2.5849330150517362,4.162343262870022,0,Float64,0.3392142300252086,3.3071355271741107,2.019660405553884,2.9674030884577043,2.2526932365292507,2.8118296534762997,2.3637689577868004
B,1,2028,2.5574734605950877,1.4410876516405706,2.5302869121650335,4.426529417676567,0,Float64,0.3882247002921029,3.36585273610874,1.8801315868189723,2.968940137634039,2.155717412870616,2.7931489601535464,2.279401309471686
B,1,2033,2.510956645220273,1.2095726340117898,2.477607299962242,5.084369660571263,0,Float64,0.44065187126840505,3.4380959034927585,1.7400060630207712,2.983769621990746,2.060898552372649,2.7804515900775613,2.196997564107775
B,1,2038,2.4674146374009456,0.9899335094248377,2.426868489950479,6.090303207075892,0,Float64,0.4952147791578563,3.518107938693349,1.6042502085253947,2.997529272751907,1.9650505048031124,2.7683151348127115,2.1152551015983274
B,1,2043,2.427057653139441,0.8112197584978849,2.377682059285479,7.607380440654463,0,Float64,0.5534271670941584,3.6176421450872795,1.4714131168857665,3.0135128498907595,1.8689404574658275,2.762172472172148,2.0365582067669403
B,1,2048,2.3902115055445297,0.5933225157442347,2.330016435562116,10.580195641933013,0,Float64,0.6147499099327413,3.739430968115315,1.3465034036616632,3.0297340258636143,1.7772311314448404,2.7559623326645575,1.9569117316243025
b,0,1948,1.3292674085959455,0.9700791083990299,1.3267353627143794,1.8101261652632243,0,Float64,0.11694466196888773,1.563042151586895,1.1081637255294092,1.444725432645519,1.2073747249601827,1.413088439258947,1.2478593413928016
b,0,1953,1.354374902825319,1.0000383944685742,1.351756202991114,1.849944310920374,0,Float64,0.11148928952658552,1.5654020801112971,1.1436585179988776,1.4651205819439732,1.2375623017773956,1.4415063722002381,1.2741272452984123
b,0,1958,1.401719455372105,1.073410480300791,1.400241889179302,1.864197787834906,0,Float64,0.10806538029817139,1.6080524229434225,1.1960134712644734,1.514868533734647,1.2868364958541578,1.4851038927123537,1.3239876288799755
b,0,1963,1.4589742981473526,1.1214821628580185,1.459645712204448,1.8818877195689545,0,Float64,0.10539510950976844,1.6595881691139418,1.2585084179633457,1.5721379528906554,1.347981559442773,1.538981490179057,1.3843196647273044
b,0,1968,1.5329379257192055,1.2134660720396921,1.533505782745443,1.9361072421541925,0,Float64,0.10156166026897578,1.7355903813187283,1.3396124293899112,1.6270428265668395,1.4260445263871877,1.61049636749031,1.461090048246355
b,0,1973,1.611079004355483,1.2905191131789577,1.615180417691125,1.9912083646174497,0,Float64,0.10064505948559072,1.8181133856461504,1.4202593088918691,1.7048158088740375,1.5035709700977433,1.6761469102004862,1.5412151320273166
b,0,1978,1.6997037243531132,1.3578868855926283,1.7031947530438591,2.085764172551199,0,Float64,0.10215917858920985,1.906979279885509,1.5028103031957716,1.795827653510269,1.5895562779317007,1.7639442771099774,1.630700817952394
b,0,1983,1.8121815102320233,1.4643017710072892,1.8130426431595617,2.275812881935998,0,Float64,0.10502325469259118,2.033626319482973,1.6159741860474925,1.9184766413372245,1.7021384157345034,1.8751675155186986,1.7397869895323659
b,0,1988,1.931899724729144,1.6053470542196937,1.9197560120365118,2.3948857047166467,0,Float64,0.111296869160961,2.167764317916419,1.727767548937388,2.050891854081358,1.8215889033503458,2.001071452536867,1.8593004266828521
b,0,1993,2.0466850171319244,1.687504355669932,2.0370643379729945,2.5438635634990505,0,Float64,0.12348771979473742,2.306124461176359,1.8241251824919749,2.17884309939983,1.9305099535967853,2.1275188066741624,1.9536667458531896
b,0,1998,2.144917618011837,1.7520511918827943,2.138240009933744,2.712098122668031,0,Float64,0.1380116349801011,2.4273486175835637,1.9028604983858235,2.292471724134883,1.985283493071246,2.2403500064447357,2.044335177674107
b,0,2003,2.2649493838788533,1.7680500826550556,2.2598546436043607,2.8461857630929837,0,Float64,0.16086599450625055,2.5984970323220016,2.003686734595029,2.432418310764565,2.084051915747701,2.3761217064757387,2.1486313619095943
b,0,2008,2.405151176911672,1.8461905855770615,2.4026497158788196,3.04556655200556,0,Float64,0.1936202680526305,2.7968734013278698,2.0768755910240815,2.6038455842015384,2.193123866140355,2.5358483558213596,2.2691147032367116
b,0,2013,2.5592197247621318,1.898661081227158,2.554309100176873,3.49984450625356,0,Float64,0.23800587974307139,3.04404249020491,2.154798904124889,2.8105580789793296,2.299000374301461,2.7192591955662433,2.395807903806859
b,1,2018,2.721892721994261,1.9301555576759857,2.704274402686023,3.877432114184438,0,Float64,0.2976738720635925,3.3138773304676015,2.2156513935907505,3.042060696348351,2.4007828481184417,2.9210107127626883,2.517640159595819
b,1,2023,2.895579167167904,1.838484993834445,2.8650447421432945,4.833191831074014,0,Float64,0.37972943147215554,3.6898063777601453,2.2717770916956037,3.2983450892095316,2.49171274770664,3.1443404400650934,2.632158750944588
b,1,2028,3.083269859346014,1.805158208696419,3.0334110391004425,6.496555467193224,0,Float64,0.4851379448016881,4.145138752142458,2.320514301237117,3.5826260194136528,2.570796784896438,3.3849147106804427,2.7463801452157273
b,1,2033,3.2871689261682304,1.5332061522123768,3.213588356443844,10.890992704836954,0,Float64,0.6186136551187015,4.688871222428313,2.358281336340423,3.9054920251562564,2.6456252896391868,3.6468414071476785,2.8556000137382362
b,1,2038,3.510171686393513,1.1328589288999769,3.4015359986693996,16.34336059950212,0,Float64,0.7857150783998651,5.346752668600189,2.3840122901962233,4.267962364462913,2.719660314248121,3.9340011511924704,2.961089899413464
b,1,2043,3.7541602904786124,0.7731856037647944,3.6014949584920783,21.32593146919848,0,Float64,0.993961613670859,6.109852715467205,2.3894664322740917,4.671191654058321,2.790777719753724,4.254849754839439,3.066392462665731
b,1,2048,4.024274142639286,0.49774847468112604,3.8104540772540703,29.096772016130185,0,Float64,1.2558965922789913,7.014876806903601,2.3836395636207484,5.116680200351341,2.863310449749164,4.601940543156119,3.1703715946178734
C,0,1948,78.44469937649012,77.08343461307416,78.42432988898952,79.7982799727463,0,Float64,0.3986108212070549,79.31000297231236,77.64536350870058,78.84972297921382,78.03291041631437,78.69997995822945,78.19743883508293
C,0,1953,79.30612478779875,78.12277032232574,79.31021909889154,80.33912211128565,0,Float64,0.2975308429489815,79.85001635050583,78.71043664134035,79.61711624736525,78.9974081962316,79.53533858673096,79.10331850798377
C,0,1958,80.63200172624892,79.69354480087566,80.63912059925043,81.71606258537071,0,Float64,0.26921425575679814,81.1405363890744,80.09766069840488,80.90134464259536,80.33453831752637,80.81485826726691,80.45180379684722
C,0,1963,81.27162651395999,80.40819606602432,81.25640912728507,82.26011314965243,0,Float64,0.2479560778719961,81.76738847954817,80.78379555330847,81.52951273067607,81.01784932938742,81.43503959409858,81.1130293583212
C,0,1968,81.79528442546135,80.95379963056034,81.80867137217079,82.59408097599872,0,Float64,0.24235523452811547,82.26349270008005,81.32179089779113,82.03694842210066,81.53675675168861,81.95574261568619,81.62956846339733
C,0,1973,82.25659135117422,81.30950064800005,82.25504443588292,83.08041328629099,0,Float64,0.2369523219827907,82.6991144905033,81.77933041699946,82.50771348320164,82.00391250316221,82.44563161102671,82.0901358526669
C,0,1978,82.92445012654305,81.91751002222199,82.93577206874383,83.87728030568667,0,Float64,0.23442143760065565,83.37572136939562,82.44262671271879,83.15712888157643,82.67986363480809,83.07915617417005,82.77294067778378
C,0,1983,83.72121126572314,82.86487271657444,83.70994374095714,84.52419612036815,0,Float64,0.2289841721152699,84.18863326444527,83.28161490532673,83.96398154312537,83.50404230266548,83.87394536154855,83.55989335422251
C,0,1988,84.35651152618354,83.59264591547459,84.35088122371107,85.15667309638833,0,Float64,0.23145546010232043,84.78917774641117,83.92139762333404,84.61709817701981,84.1070350172922,84.52518566819123,84.19216967407498
C,0,1993,84.84099203389074,84.00510146736262,84.85307233247198,85.79733747134195,0,Float64,0.2269709570271784,85.29028511299137,84.39769321317931,85.06588728796008,84.60677373015888,84.98266972567839,84.6936274075975
C,0,1998,85.40015881753558,84.58375837188187,85.38764845020218,86.25329658556169,0,Float64,0.25756796690895933,85.93292465948707,84.92047203820194,85.67882049506976,85.1336408247262,85.5580384624435,85.22300018667121
C,0,2003,86.4330462522928,85.47145532521802,86.44305764056136,87.37868183657388,0,Float64,0.25816793833886575,86.92608905865002,85.91735907869132,86.70058643542936,86.16018778745136,86.60462141701596,86.265478467292
C,0,2008,87.47146831127398,86.47515175786546,87.46293049860735,88.36325456470972,0,Float64,0.29055626670337464,87.99068151307912,86.88499820859074,87.79769021579096,87.17768093620471,87.67126708078814,87.27652635730051
C,0,2013,88.10672604275182,87.23245856021072,88.09048062522251,89.33859042466938,0,Float64,0.26574827827776126,88.6297327647704,87.60282949107555,88.39078845830792,87.84036270051793,88.2812688706708,87.94211443690733
C,1,2018,88.64814987332336,87.61511220330203,88.62499644920004,89.7573938420548,0,Float64,0.3000865354329474,89.25174747807021,88.0693564747992,88.96133334776121,88.34276586064507,88.85233378284465,88.45388613870941
C,1,2023,89.33378529087959,83.74366436029888,89.33327105886232,95.74067260587199,0,Float64,1.0661889709722716,91.46973714975879,87.21689151193897,90.39378674423992,88.2815586700033,90.01541643099696,88.64887208593012
C,1,2028,90.02965105868019,79.6962569124389,90.01894174849116,103.43247169718127,0,Float64,1.8478549877188382,93.75472179383637,86.39036792535501,91.82817076270895,88.22675178056706,91.17435827736924,88.86771756839697
C,1,2033,90.7467887881267,73.64805929120496,90.71296258375246,112.37039311211892,0,Float64,2.7266861438267096,96.27680286982182,85.42732892310056,93.3936511475622,88.09504306209722,92.41040111870103,89.02551204201482
C,1,2038,91.48584559611953,68.52415772548545,91.43637982978342,123.5415895716731,0,Float64,3.70587707665542,99.04360634007513,84.25253340904861,95.06736424579061,87.89958576199197,93.71644870370434,89.17871299717129
C,1,2043,92.24888289042352,62.76013030399349,92.15414301654849,137.02468200865542,0,Float64,4.799118873985945,102.11053254405635,82.92248172661533,96.81635522680386,87.65431862614558,95.09454236026875,89.27420171947793
C,1,2048,93.03481556947335,56.87001004558133,92.89132926168696,146.53633740158457,0,Float64,5.987386072466196,105.51973196861316,81.45373395223776,98.73021407404754,87.32452905874543,96.54780189387347,89.31910850701112
c,0,1948,0.0810231691528576,0.07551909672084706,0.08107367539353122,0.08532774722874338,0,Float64,0.0013453610350732709,0.08348932090112673,0.07831787494256329,0.08237847894728202,0.07957428807309999,0.08203755930259263,0.08011008231436526
c,0,1953,0.0846705049972633,0.08072350242164027,0.08468640515639381,0.08786061957516428,0,Float64,0.0009787699529400621,0.08651417219625193,0.08276463317150817,0.0856905792536905,0.08364063984450128,0.08543161605686626,0.08398275244100503
c,0,1958,0.08872831318038484,0.08548087561812039,0.08874247951057836,0.09215351105485244,0,Float64,0.0008441376448165558,0.09045271169177375,0.0871064819832174,0.08959405904691536,0.08788243007742876,0.08926733954896796,0.08817558830527376
c,0,1963,0.09180532239921071,0.08889565664411685,0.09175794784697719,0.09530305044598995,0,Float64,0.0008434673287326411,0.09353227515172388,0.09024456458014839,0.09269516961042834,0.09100050148811235,0.09236478317471587,0.0912226781492675
c,0,1968,0.09407691688862775,0.09082371106302983,0.0941190438074965,0.09727058659185076,0,Float64,0.0008294113090177948,0.09568044362115855,0.09239361265041483,0.09486498554873021,0.09319746807440883,0.09460875348680121,0.09352969929814947
c,0,1973,0.09585505244781296,0.09238032704116035,0.09585190454688994,0.09866149290865142,0,Float64,0.000830031691382003,0.09751307353170109,0.09419792294918944,0.09670322677650076,0.09499758790125945,0.0964101432102533,0.09533935606164154
c,0,1978,0.09811641289062405,0.09495099344621055,0.09811740933398462,0.10120975968840774,0,Float64,0.0008745367146718666,0.09971634036900766,0.09641105345207425,0.09913869505734424,0.09719688778913789,0.0987570562740192,0.09749920013794812
c,0,1983,0.09989553641084935,0.09641270057521291,0.09987505122042115,0.10306074572600422,0,Float64,0.0008975039290070575,0.10149137328772435,0.09812922429142688,0.10095220966645944,0.09896622345053697,0.100511135386065,0.09927881591618198
c,0,1988,0.10129952145328185,0.0982517551364487,0.1012849112697023,0.10428758036882933,0,Float64,0.0008545172950283563,0.10292826575626862,0.09963368972504139,0.1022966103055621,0.10040315083567006,0.10189806994349745,0.1007288729091417
c,0,1993,0.10191040276366164,0.09887312037320295,0.10188863831709213,0.10477857844771711,0,Float64,0.0008537477412024975,0.10348911542593867,0.10023337283578289,0.10292159000014318,0.10103071243267783,0.1025233938844255,0.10132910088445424
c,0,1998,0.1021687337316048,0.09859060644560533,0.10216294648371774,0.10636970480858582,0,Float64,0.0008676842076308572,0.10389343596264504,0.10058239906213638,0.10309194735794142,0.10125031817888122,0.1027653005762783,0.10150302932554475
c,0,2003,0.10279404783530802,0.09927204401157733,0.10277565600291519,0.10614955255782327,0,Float64,0.0009020866001813404,0.10460004477566705,0.10103705291978997,0.10369606400100458,0.10184376974457364,0.10337919930936525,0.10221026189479102
c,0,2008,0.10357362961710785,0.10030844065957349,0.10363018841995822,0.10697522090469364,0,Float64,0.0009366536358299595,0.10544685690447858,0.10167562186655132,0.10451583417001754,0.10257685818322994,0.10415883701915862,0.1029705342535537
c,0,2013,0.10522457117898643,0.10196761814641858,0.1052327950581651,0.10887795577318361,0,Float64,0.0010568399152612387,0.10728897330171014,0.10339154616636775,0.10635932008141434,0.10400985618061905,0.10594468969231627,0.10444491258923251
c,1,2018,0.10757133577852,0.10289871202932122,0.10756103749047755,0.11257532773392309,0,Float64,0.0013643682896348603,0.11023206440622267,0.10517176232934856,0.10904708439243933,0.10604753343869874,0.10851762479110116,0.10658623214084939
c,1,2023,0.10932963436178386,0.09374695001754604,0.10921121367406425,0.12422197688182009,0,Float64,0.0029345794709428235,0.11543261355946105,0.10389556484513654,0.11231493748950522,0.10638026863118863,0.11117559460579385,0.10734735395216533
c,1,2028,0.11117725035040141,0.08810839249972036,0.11094980560629168,0.14096579606725332,0,Float64,0.004691025022004086,0.12116825716621303,0.10254347370592326,0.11580366148768288,0.10658040301998081,0.11403032144794399,0.10807450334960897
c,1,2033,0.11306527797931606,0.08026230250940439,0.11271429370862276,0.1582498636694136,0,Float64,0.006701027652726517,0.12749332831782834,0.10084327142446171,0.11959959655379891,0.10654975154821268,0.11701505660568134,0.10868761493558968
c,1,2038,0.11503931762234461,0.07071507685584376,0.11448024340680858,0.1834928140428627,0,Float64,0.008967491696343453,0.13460665992353002,0.09895335052750737,0.12364946816697604,0.1064519989617028,0.12020195241735261,0.10922446600364376
c,1,2043,0.11709447149270502,0.06354355128445141,0.1163005094657066,0.20491631666393448,0,Float64,0.011525587286786888,0.1424621242402479,0.09663269362649624,0.12792094568012527,0.10613756461605273,0.12355986329497856,0.10970161266092743
c,1,2048,0.11925333177560969,0.056250518075996174,0.11809617234978013,0.2576349035697009,0,Float64,0.01439291910897632,0.15120398813460179,0.09427577956839313,0.13263130176773355,0.1056480928288834,0.12704943921982242,0.11003753169384382
d,0,1948,0.0007305236160077595,0.0004455779146662279,0.0007328426313228112,0.0010684501751835969,0,Float64,8.429734976894754e-5,0.0008975112567872089,0.0005598204578503565,0.0008156924246899172,0.0006454131040169012,0.0007832551134024009,0.0006762015024821274
d,0,1953,0.00042215214932434593,0.00026697429581634804,0.0004207527288648946,0.0006013832752698668,0,Float64,4.3439826599609346e-5,0.0005056210525362977,0.00033795741220889853,0.00046696528923151446,0.0003776458111294941,0.0004557943281524013,0.0003924479983299912
d,0,1958,0.0002288162246749222,0.00014114768682670445,0.0002290221046995728,0.0003224190334100213,0,Float64,2.4702834895135196e-5,0.00027826305223473396,0.00018021808130290443,0.0002540712592295129,0.000203657307022786,0.00024353216401184574,0.00021295983396688503
d,0,1963,0.00019496803855737014,0.00012820510948874096,0.00019387256779609128,0.0002871218686018304,0,Float64,1.9498988179446527e-5,0.00023417410687073424,0.00015738885552117306,0.0002151273586525345,0.00017541006490583513,0.0002076070832866532,0.00018219296713503766
d,0,1968,0.00018419165808126429,0.00012940737418648147,0.0001833108625371171,0.0002709240499491595,0,Float64,1.6478803717463853e-5,0.00021801552683382668,0.0001529804267850219,0.0002014113886619388,0.00016802763259121342,0.00019523341697417725,0.00017374208366259674
d,0,1973,0.0001688981095566895,0.00011875080837742969,0.00016881166302879581,0.0002287620859622568,0,Float64,1.5120269515747738e-5,0.0001991314214435376,0.00013934168206162354,0.0001837575030009816,0.00015320121587262457,0.0001791289047347282,0.0001586574226851305
d,0,1978,0.00016968126717110287,0.0001271343537804909,0.00016816889531023988,0.00021452137779339153,0,Float64,1.633241254563555e-5,0.0002089731720692249,0.00014188097232961118,0.00018539464339170154,0.00015379041591031476,0.000178324986787304,0.00015857496797013566
d,0,1983,0.00014566286334050338,0.00010883834703520078,0.00014507618043962914,0.0001863196102256195,0,Float64,1.1479610899511592e-5,0.00016926394067336676,0.0001232678048791097,0.00015746725919144232,0.00013447140748014497,0.00015313921809756065,0.00013868480020118453
d,0,1988,0.00012196843524173112,8.552060020462944e-5,0.00012131877461041222,0.0001544317478002364,0,Float64,1.0221353485056336e-5,0.0001417222923417791,0.00010333239212670001,0.00013339009032451785,0.00011129388140112149,0.00012885758546533983,0.0001149738910984162
d,0,1993,0.00010463314363202022,7.365777030756771e-5,0.00010502546488857327,0.00013775627269804535,0,Float64,8.058725544130099e-6,0.00012145218675304357,8.900774903149976e-5,0.00011269454428952812,9.622300306081036e-5,0.00010948664583064587,9.934891437574698e-5
d,0,1998,0.00011385394580772594,8.438046362133765e-5,0.00011311939271605317,0.00015292790313681508,0,Float64,9.020719921974713e-6,0.00013271056182523263,9.648361273175108e-5,0.00012308394071617568,0.00010503211238989902,0.00011961521633156781,0.00010825281543210082
d,0,2003,9.741704812546839e-5,6.831839369759216e-5,9.680985591291498e-5,0.00013325289284102978,0,Float64,8.086960056715398e-6,0.00011451619360362811,8.223601749968228e-5,0.00010570232745121804,8.974278470433166e-5,0.00010274581923584174,9.165971689616747e-5
d,0,2008,6.811561473006948e-5,4.4793482739688355e-5,6.852073908223312e-5,9.702110586146611e-5,0,Float64,6.466653469024335e-6,8.073002576092651e-5,5.531645859560194e-5,7.465401509283256e-5,6.14645389126821e-5,7.205715545269086e-5,6.381517131898585e-5
d,0,2013,5.662764967605639e-5,3.966503064302942e-5,5.665908672328166e-5,7.850889921768455e-5,0,Float64,6.076617903570161e-6,6.84804531555842e-5,4.553637286174114e-5,6.306017569776731e-5,5.0136629061841696e-5,6.0776979687199965e-5,5.244087364550993e-5
d,1,2018,5.0352267954705565e-5,3.249319798257242e-5,5.002042244397635e-5,7.237182098859223e-5,0,Float64,5.454727793459289e-6,6.164223804162386e-5,4.044554604360689e-5,5.6245125042923825e-5,4.518270457623704e-5,5.395923234173291e-5,4.61111797204053e-5
d,1,2023,4.9948342945902854e-5,8.495019566376106e-6,4.758079625665534e-5,0.00024049790355805837,0,Float64,1.61324056897076e-5,8.854300193908101e-5,2.58016277288724e-5,6.481641972607175e-5,3.5014747721373947e-5,5.802154202304665e-5,3.8989293496589895e-5
d,1,2028,4.9832560132537866e-5,3.75545979920206e-6,4.530157875094228e-5,0.0004125118475727436,0,Float64,2.3615097535695995e-5,0.00010723985823790939,1.91811461545606e-5,7.006218521092213e-5,2.922063345642581e-5,6.00043060740451e-5,3.4109449754947025e-5
d,1,2033,5.004908818157256e-5,2.098455075628741e-6,4.314625740820872e-5,0.0005627917813031162,0,Float64,3.131324257278268e-5,0.00012640187932886534,1.4685230137667804e-5,7.409311220717138e-5,2.488474702682808e-5,6.118122694716001e-5,3.03316370661771e-5
d,1,2038,5.061996543012051e-5,8.138234127811981e-7,4.096411913318801e-5,0.0011932495806218709,0,Float64,4.082203527765883e-5,0.00014444636532468503,1.1250423144872395e-5,7.773142845266883e-5,2.153880669983785e-5,6.196974907828808e-5,2.71081282011917e-5
d,1,2043,5.17738807496567e-5,2.576778125017567e-7,3.919410969742824e-5,0.0027259930782222823,0,Float64,5.3414763788489494e-5,0.00016754377525596078,8.856430026529064e-6,8.12182475278997e-5,1.881566425907374e-5,6.256882923323925e-5,2.4325862237258055e-5
d,1,2048,5.331519536294399e-5,5.6256225703766436e-8,3.730261853520487e-5,0.003510823159203489,0,Float64,7.083623878515587e-5,0.0001894594931936723,6.8406217307448715e-6,8.424777388583116e-5,1.6330721189410296e-5,6.325229668052598e-5,2.1966964436714355e-5
σ,0,1948,0.07145847209865386,0.049428111546199055,0.07002426814566572,0.11397629232770337,0,Float64,0.008585644187720124,0.09110754516837974,0.057459334483459905,0.08056385802477951,0.06290917530630394,0.07689093497355215,0.06560111162032753
σ,0,1953,0.059778004503278734,0.03902678216142911,0.05961810146752448,0.08289040693904019,0,Float64,0.005683419738533478,0.07154247737905682,0.04836243070103621,0.06536074805831223,0.05415875183391134,0.06329863539907472,0.05632295737810099
σ,0,1958,0.05733129883636111,0.04115141500983897,0.05735416018110185,0.07897897865113368,0,Float64,0.005405464125733275,0.0682081873334941,0.047939858928170966,0.06275310791333935,0.05142285241486868,0.06086144502623717,0.05384960297545642
σ,0,1963,0.05517949366994222,0.038030242995741155,0.055137512633715996,0.07585865849655594,0,Float64,0.004843632545117432,0.06484569625823813,0.04675509632355369,0.060018480005574915,0.04944827643117541,0.05845470343309674,0.05168850003145557
σ,0,1968,0.052542391172194766,0.03617793258990142,0.052466730905502024,0.07411623996638536,0,Float64,0.004439348692330882,0.06147654708254728,0.04421119578111657,0.05719448695427951,0.04785680472593463,0.05548421270891164,0.04934320150524644
σ,0,1973,0.05240270401646129,0.03283923643430272,0.05233177569285119,0.07803182937808918,0,Float64,0.004310434488390002,0.06130263004139737,0.04399351489920927,0.05636833689079239,0.048084675660851894,0.05526647139308927,0.04940887554833606
σ,0,1978,0.052364391631884236,0.038736939770473273,0.05216440788303317,0.08233720868036676,0,Float64,0.004579355307311919,0.06239431070901283,0.044420881233594806,0.05652175654891089,0.04772584703185264,0.05507639860850171,0.049208821692232174
σ,0,1983,0.05054427771507886,0.0338829488538805,0.05037144870499648,0.07243464199469997,0,Float64,0.0044260461032949875,0.05960187042498588,0.04230537861428625,0.05461135433631756,0.04604786629431048,0.05369630483907368,0.047381103527829996
σ,0,1988,0.04966313976173376,0.037261127251560215,0.04956359681029028,0.0683880269023357,0,Float64,0.004307034476448163,0.05849072594321784,0.04154959440745802,0.0536247972858482,0.04511887177647081,0.0526555776126422,0.046800891230832496
σ,0,1993,0.048930819679430186,0.03328755579039825,0.04894754143653269,0.06493615734986649,0,Float64,0.004542650131206143,0.05738092140104848,0.03992514024256083,0.05369921979286879,0.044109808021014066,0.05233273004560956,0.04581926665562484
σ,0,1998,0.05049391738979414,0.03440551973917166,0.05031646535762795,0.07028285086854574,0,Float64,0.00499536730805439,0.06007180758152388,0.039985886281706004,0.05568937913940823,0.04545461555125709,0.05389987467382412,0.04742903254831124
σ,0,2003,0.056861683130678284,0.03982042132734679,0.056597145759999315,0.08056046742066343,0,Float64,0.0050529757558246645,0.06728906547155936,0.047244952214954734,0.062041378304128376,0.05189522584891173,0.06021232733046569,0.053640268308330505
σ,0,2008,0.06988290394577627,0.05340026655437306,0.06903867404388526,0.10135477578375213,0,Float64,0.00648900102771161,0.08590315255998932,0.059372057912872346,0.07619202471415505,0.06355718259417262,0.07323752693377092,0.0653870529769657
σ,0,2013,0.0729920087752174,0.052169661955645354,0.07248946843629615,0.10271158102118809,0,Float64,0.006815634090364548,0.08732691716547387,0.060508692819628736,0.08010063696770768,0.06662974475381371,0.0773468001749203,0.06775037718044413
σ,1,2018,0.08713609395031979,0.05936519892595681,0.08583000226029597,0.13278983310755849,0,Float64,0.009689203426225328,0.10914178301301419,0.07032286804835158,0.09707093396436978,0.07778252898009386,0.09303976577045296,0.08071885210791738
σ,1,2023,0.09692724497988825,0.016860952057391174,0.09202821296796666,0.44674744080391804,0,Float64,0.03166250774702496,0.1736765096368022,0.05001238164812709,0.12641875188294197,0.06736026021011834,0.1128206429671368,0.07521069785963472
σ,1,2028,0.10835422129356251,0.010216646300381101,0.09735442913648419,1.0766456082195541,0,Float64,0.05283912596241448,0.2413416672734502,0.04148977812258026,0.15314278896223582,0.06298483630544148,0.13014093110899538,0.07327965495103562
σ,1,2033,0.12248655866115778,0.007157322948727485,0.10315501002948815,2.040271675420914,0,Float64,0.08054557140750779,0.32462381529129347,0.036075476401034486,0.18269510915997314,0.060097081293973224,0.14888416251762177,0.07264951490119635
σ,1,2038,0.13969808663803998,0.005023908567103045,0.1093671481519585,3.1768319412471193,0,Float64,0.1190665558067213,0.43524439002839993,0.03214449908608671,0.21415961767027406,0.05791088025735493,0.1682456561942199,0.07240183631683127
σ,1,2043,0.16177184605703657,0.0037479572035628377,0.11538426926661871,7.131145950070619,0,Float64,0.18079084648331234,0.5738339439590876,0.028336328163463303,0.2505495367214593,0.05583450699867051,0.1891925701950623,0.07232460858714507
σ,1,2048,0.19067570788672117,0.0025407466468332167,0.12154179149528369,11.279468527496478,0,Float64,0.28650895481840744,0.7694563954087708,0.025497481577394687,0.2945751837185337,0.05437227179948473,0.212564779282919,0.07162743441749603
σ_B,0,0,0.018616501760864816,0.004373680946022435,0.016727655522554133,0.0835223934502934,0,Float64,0.008489022146061275,0.03951141767561569,0.007505473715351893,0.027119782401578713,0.011219685937369623,0.02289289733254929,0.012001708814784497
σ_b,0,0,0.018326499660406913,0.004024425830798285,0.016435600255993405,0.08340700034436635,0,Float64,0.008737422248382134,0.04032841993570271,0.0069445045386975785,0.026487906691648046,0.010440404839101624,0.022482111364013273,0.011725906501478516
σ_C,0,0,0.007668117280439963,0.003018956062664689,0.007386070829851791,0.02127491655137709,0,Float64,0.0021778041152373424,0.01258880887703326,0.004320134716275783,0.009648547358760303,0.005504358591547261,0.009091807857311469,0.006047684996422602
σ_c,0,0,0.014602275728126174,0.004183271768922537,0.013687907357451026,0.06035520487149116,0,Float64,0.005314291348378562,0.0273815151727443,0.006848975836969673,0.01974698522379757,0.009670503432528735,0.017367081708945853,0.010864160072836951
σ_d,0,0,0.27139933926605075,0.10533575310009032,0.2678871171766552,0.5814763546747442,0,Float64,0.060237889545008694,0.4115895520457707,0.17366896749265756,0.327229118578846,0.21134503535531493,0.30119653239428346,0.2293647435863927
σ_σ,0,0,0.11257565518852322,0.005834405038911274,0.11179847299141424,0.5024384735634264,0,Float64,0.06672875249294588,0.25165551651077134,0.012946163455992504,0.1810095315399903,0.0338618391972743,0.1538824155357111,0.05789709533527446
σ_αB,0,0,0.010063390574779655,0.002021992529158584,0.009132853606166733,0.058193791643132015,0,Float64,0.005365786975071283,0.024148191419113754,0.003464381443968612,0.014854314861014559,0.005251273318155638,0.012197022107150783,0.006369463358946427
σ_αb,0,0,0.012885636137947085,0.00218234223667559,0.011242487160693326,0.08349784394847042,0,Float64,0.007470704929130587,0.03136447648580903,0.004053416502102833,0.019646947102799694,0.006078890006809998,0.01628011146115844,0.007417586585202563
σ_αC,0,0,0.004962975171814944,0.001227971565442153,0.004564927241665956,0.01687778943731934,0,Float64,0.0019825958651768813,0.009706996557039532,0.0022606847993500707,0.00692330830504284,0.0030636581877238273,0.006149883940966916,0.003504009188263409
σ_αc,0,0,0.008319391118489323,0.001857475735305118,0.007567773512532714,0.03424959892473972,0,Float64,0.00365632862628913,0.01736557928087318,0.0034657252294830066,0.011695695865758193,0.00491033873182471,0.010459129144688014,0.005677874295108563
σ_αd,0,0,0.017641901239375778,0.00251798312176278,0.01219479542541106,0.2233262668982373,0,Float64,0.01804043864315422,0.06225066129088997,0.0028196126622251644,0.02898639023647783,0.005599042049670526,0.021907361575801226,0.007174755095389323
σ_ασ,0,0,0.021225230027734507,0.002729423118334993,0.01501900994025936,0.19911278518956593,0,Float64,0.01816134279625997,0.07121231338907308,0.003972403963393181,0.037459916137630715,0.007001793086526624,0.028357422646838496,0.00909865783999574
α_B,0,1953,-0.00070043822753054,-0.05088508427732067,-0.0016380820053029763,0.06607169518927888,0,Float64,0.01348635561071875,0.027642108307346733,-0.026887714280642024,0.01315917761498036,-0.013973090548665306,0.0080248803399941,-0.008942695530562818
α_B,0,1958,0.0006253305786180726,-0.05661009631773387,0.0010088189713785929,0.08540442418979327,0,Float64,0.014256487960537679,0.029182124762272152,-0.027295939430390256,0.01420689937758734,-0.01364413289554061,0.00901076241392296,-0.008309794724463884
α_B,0,1963,-0.0016145677794857027,-0.06469064355766695,-0.0023511741633739807,0.06883596810321001,0,Float64,0.014860545701203707,0.030624371564592908,-0.027904425093063574,0.013092566958610982,-0.01603557376040713,0.007156756347133648,-0.01252915572045998
α_B,0,1968,-0.0022381444977017466,-0.05930887001690848,-0.002086717132580007,0.07702384046465181,0,Float64,0.014634945278376372,0.029158232183421198,-0.030654503409494386,0.011730669644480513,-0.016830950891018416,0.005873417829282038,-0.011284563498473822
α_B,0,1973,-0.004721144051422573,-0.07384353253166086,-0.004108455053479623,0.08086548615634111,0,Float64,0.014710450669567878,0.024187287926939284,-0.034679306694915445,0.008590733197202712,-0.019698219482831757,0.0047821926602796515,-0.014099062311585354
α_B,0,1978,-0.007311627175530855,-0.08871962945007963,-0.006569883785566539,0.048511949614657546,0,Float64,0.015172641578094339,0.021396519692860532,-0.0372945842663838,0.008030987090188336,-0.023021259453405513,0.0037232716189477006,-0.017408022067375437
α_B,0,1983,-0.009652617749565084,-0.08516801197803704,-0.009408867619848259,0.05906635058569871,0,Float64,0.015369155726391429,0.019002901563184873,-0.04022865504290751,0.007313165017662793,-0.02557266467957014,0.0014240443442037581,-0.019742992658814282
α_B,0,1988,-0.013202356973189232,-0.07168003750736408,-0.012417633314975713,0.044428596783517287,0,Float64,0.015578373528645334,0.0149012604328222,-0.04514181173660868,0.0035020796120287787,-0.02935711634460908,-0.0014777810417122925,-0.023431048128498326
α_B,0,1993,-0.017417825768325883,-0.08840061931897457,-0.01647197664872731,0.03710580598221088,0,Float64,0.016596143617199143,0.011290885708235863,-0.05255322671900722,0.0003869758913877518,-0.034759145464006234,-0.005120542202154007,-0.028576192460650976
α_B,0,1998,-0.021498695215105307,-0.13368600673759756,-0.020413902679286822,0.039606309160404134,0,Float64,0.01793173193813852,0.009115019881239068,-0.05902552152495718,-0.0024589215488660782,-0.04037228662838455,-0.008038976843382811,-0.033291651949359756
α_B,0,2003,-0.02233375589538924,-0.10193676922574671,-0.021524437995785614,0.04750261719771276,0,Float64,0.018931700736219418,0.009771059822577094,-0.06190713902359055,-0.0007392784168780949,-0.04207676566922775,-0.008091979575346854,-0.03480132540311131
α_B,0,2008,-0.022090935848436993,-0.10761001759416966,-0.02165397464481059,0.04727633803031498,0,Float64,0.020585647397580172,0.012917191300339624,-0.06500382825626581,0.0003467138479097049,-0.043579676242793686,-0.008129234413353068,-0.03530903631543429
α_B,0,2013,-0.022392225447866527,-0.11299034150400294,-0.021628142819589344,0.045588614839759636,0,Float64,0.02175240937191404,0.012876118989495654,-0.06849563265677776,0.0021865201206042084,-0.044753654446487275,-0.006868274605820976,-0.036261633209835546
α_B,1,2018,-0.022246444234478486,-0.11249090457190843,-0.02117987998725019,0.05812535822395491,0,Float64,0.023643796076353713,0.017871162160192605,-0.07280559977176594,0.0040558009741312705,-0.046429622628815226,-0.005749455097841295,-0.03713532277663255
α_B,1,2023,-0.022230775738548078,-0.18690928020444814,-0.020846773149643456,0.10855394250075032,0,Float64,0.02618007415192907,0.02420041224191522,-0.07853956816196217,0.004144360772051091,-0.048487062067127336,-0.004266975434672546,-0.03800475092640543
α_B,1,2028,-0.02230587246449456,-0.21609498784328074,-0.020558803162398075,0.17886344242556085,0,Float64,0.028634782166970067,0.029006176648045074,-0.08509467000287657,0.0054974172080796005,-0.05017744266395375,-0.0033573169947312374,-0.03884433586552034
α_B,1,2033,-0.0222742853493888,-0.2352240138862753,-0.020298747297282822,0.23126731874525397,0,Float64,0.030732603652229545,0.03373517776098479,-0.08895724702689581,0.006912388251296892,-0.05193977693632512,-0.0025780645934897865,-0.03979640609081026
α_B,1,2038,-0.022372252398476004,-0.26761366009941445,-0.020495353820799693,0.2166445305205818,0,Float64,0.032647199650257176,0.037490889922898986,-0.0931666719965968,0.008083381416963398,-0.053187123390666446,-0.0018173513347457624,-0.0405296001672501
α_B,1,2043,-0.02230283902217487,-0.3426551906817609,-0.02028513163260426,0.31751735806201553,0,Float64,0.03463317927584655,0.04136156163353011,-0.09723976857218844,0.009700252033511129,-0.0548463198855692,-0.0009685820029436473,-0.04131785254722019
α_B,1,2048,-0.02230040892192331,-0.3213515263461809,-0.02029087081302084,0.29884857194892916,0,Float64,0.03646304051039217,0.045008544714171726,-0.10163080764021881,0.011007111480312717,-0.05606704881655922,-0.00025130798177258433,-0.04200668018554926
α_b,0,1953,0.022286133615948174,-0.060102143587418236,0.024156711868915718,0.08383375657552117,0,Float64,0.016729608494712774,0.05322340315784137,-0.01380420245145022,0.03869002506826096,0.0047859569253652185,0.03311966543636595,0.011897358892899244
α_b,0,1958,0.03179418955909798,-0.0370587901167663,0.03253544202143324,0.11397574211102902,0,Float64,0.016282095054332184,0.062084234029782415,-0.0013664416286293369,0.04788345452466218,0.014952551615409593,0.04202490495418243,0.022004463385072025
α_b,0,1963,0.03919627531931144,-0.036540459612774634,0.03878207703011098,0.1523831508453261,0,Float64,0.016433638693566933,0.07275172123924999,0.006713391415728989,0.05466229066679153,0.023403233942235174,0.04900455695434979,0.02968070726400022
α_b,0,1968,0.04519709737292396,-0.018409269664517627,0.04363790173130459,0.15730706947357073,0,Float64,0.016934541355977453,0.08178296033843083,0.013617358196658956,0.06131344106428761,0.029703179903547487,0.05544353271168281,0.0354785153150992
α_b,0,1973,0.04917259520904082,-0.02037583373140151,0.047470902148467914,0.12450625642768341,0,Float64,0.016453359426502237,0.08392018260605058,0.01914795738809886,0.06609392908037413,0.03363175514174308,0.05929923775731858,0.03883308212473869
α_b,0,1978,0.05326365792310258,-0.017831251731736452,0.05175923992698108,0.13629629962733222,0,Float64,0.016287830643352035,0.08821529171478844,0.02291453168667805,0.06991406270381234,0.03770364371897952,0.0633729204088084,0.042930959967784954
α_b,0,1983,0.05728449154549498,0.002676200520174847,0.05613347669873235,0.1597726202633868,0,Float64,0.017423576998018775,0.09515397986865173,0.025993576406734917,0.07446247543345046,0.04085130659167468,0.06788402937287716,0.045048001796342496
α_b,0,1988,0.05818324395695443,-0.007097071292265233,0.05752032963704626,0.13586010345768296,0,Float64,0.01865890826464566,0.0962397050502683,0.02668145512587923,0.07728132506364901,0.03740797122641889,0.06981484972352678,0.044899500314909836
α_b,0,1993,0.055772031529843336,-0.005316668327215677,0.055494169746468286,0.14496198297238858,0,Float64,0.01847295699285578,0.09434071719445065,0.023563663314325484,0.07471101420826366,0.03499066094761234,0.0675105489749947,0.04329740705219111
α_b,0,1998,0.05353234255552077,-0.026233997380517404,0.05268635137504288,0.1269589172539509,0,Float64,0.01848648056153504,0.09134740855812654,0.020004568544881012,0.07303450272843023,0.03386088962861263,0.06591588644161946,0.039759107119268736
α_b,0,2003,0.05524900948988035,-0.01424506949768701,0.05467013145252932,0.13839208371715703,0,Float64,0.0196322126323595,0.09546631472912136,0.019309818105613646,0.07574490787736426,0.03372110371376329,0.06806929745189261,0.04066915945080135
α_b,0,2008,0.0577786606908667,-0.012219843173226995,0.05702330630824149,0.17009452279101697,0,Float64,0.02129635841554563,0.10198602365034663,0.022095762180119563,0.07963632783596557,0.03407097509784253,0.07122439639212086,0.04325837191052912
α_b,0,2013,0.05891912616379422,-0.015102839574893166,0.057836453118173106,0.1807582631709747,0,Float64,0.02289018758838711,0.10715785511600956,0.022013162716362892,0.08296232667205886,0.0341943478859652,0.07333859407000246,0.04309622823200378
α_b,1,2018,0.059354500625240614,-0.04162725435242684,0.05752889878981227,0.1948931335603644,0,Float64,0.02554417005334104,0.11456807253579618,0.01574385335114365,0.08564198811269755,0.03324403788672012,0.0749751429313316,0.040593864638099254
α_b,1,2023,0.059293497154831086,-0.13570603492554903,0.05727350618236238,0.2888253761658326,0,Float64,0.02951100432118048,0.12351314813276579,0.007934617735782086,0.08811234230396249,0.030919594217718817,0.07624476394228794,0.039098157795720415
α_b,1,2028,0.05923844158337527,-0.22057695780735773,0.05693448629685108,0.4596010628635677,0,Float64,0.03301630466285693,0.13093749275397393,0.0005461162905787693,0.09049812755708768,0.028685107661217193,0.07778894442756495,0.03761468876595911
α_b,1,2033,0.0592354041812405,-0.341266336147627,0.05670991852175035,0.5416723278681298,0,Float64,0.03627501932118197,0.13859338505311705,-0.0063512174644546615,0.09293823188321458,0.02637461471008176,0.07907463805518439,0.036372192132457314
α_b,1,2038,0.05923663706449268,-0.39957271700513963,0.05644289447704142,0.5123163988864923,0,Float64,0.039162886957574354,0.14398438017312062,-0.012300181142337779,0.09537880987351043,0.024622058758083577,0.08042980447000063,0.03525708045511087
α_b,1,2043,0.05918979893058542,-0.41313293836167797,0.056115385096318915,0.5304488801097689,0,Float64,0.041862358274923,0.15080135779443432,-0.018409481792753767,0.09717157435848775,0.022745905532224654,0.08144091619366128,0.034233579426758115
α_b,1,2048,0.0591810365070962,-0.4900493048295189,0.05604389865379728,0.5240290581272125,0,Float64,0.044329800270446494,0.15588948994118748,-0.023385392148961535,0.09917347107301483,0.020916437281710824,0.08246239980567158,0.033077561778617925
α_C,0,1953,0.010311559143507553,-0.01517411561343445,0.010348355044722084,0.03318625174043809,0,Float64,0.005298510741770206,0.0207420852528885,-0.0005958585687465237,0.01563971737812597,0.005010536601787478,0.013555754552662667,0.00707858243789811
α_C,0,1958,0.010726721096257575,-0.012731931545342667,0.010598011184041588,0.03137872096632607,0,Float64,0.0049282106994130975,0.020809128823185887,0.0015519137230569293,0.015678636683877055,0.006103644459912202,0.013892743019947602,0.00712602104270805
α_C,0,1963,0.008970475847373536,-0.013094025968637926,0.008910488122125387,0.029996435141517216,0,Float64,0.0044442223284468655,0.018113977698347734,0.00019634725369737535,0.013336599288622412,0.004845028217797347,0.011810031473791283,0.006021311326922738
α_C,0,1968,0.007857813369107462,-0.010308660516622718,0.007775242284621098,0.026519382216772445,0,Float64,0.004339096541408857,0.016522672993032856,-0.0008698294510918279,0.012101378159509827,0.00392808238318265,0.010582396020800727,0.005083872389037801
α_C,0,1973,0.007760659549553267,-0.018842038616948248,0.00798137524142529,0.025662847379884998,0,Float64,0.004273827074639581,0.016052646312781405,-0.0011918541997826481,0.011608256349277035,0.0034595745266650583,0.010384123890264357,0.005153495200357305
α_C,0,1978,0.00785779065323433,-0.00757987990846532,0.007687046883669778,0.028400626528968787,0,Float64,0.004238657461839878,0.016411444817219904,-0.0005021900770286443,0.012046030940617576,0.00404122888922977,0.010543619759827403,0.005124445562764935
α_C,0,1983,0.008137578500649343,-0.008401510530805735,0.008002687160353645,0.032205706072579325,0,Float64,0.004319662929868824,0.017355149163765838,-0.000315889698297548,0.012270255063759221,0.004155032437356355,0.01074043872283127,0.0053208518468222925
α_C,0,1988,0.007918921701276997,-0.01418793611868638,0.00821252293940327,0.027510207838135594,0,Float64,0.00426241368823214,0.016122511927766054,-0.0005953205992299262,0.011954640748022083,0.0037008297412885935,0.010497708413402213,0.005269946849079859
α_C,0,1993,0.007799122234317754,-0.01757936785881914,0.007997121535794748,0.031376989835253444,0,Float64,0.004226659774382544,0.01612140605619595,-0.0008139525036759805,0.01181123794546135,0.003730039041663724,0.010182622571008087,0.005195010144889419
α_C,0,1998,0.007506906192559117,-0.009446064366266518,0.007869570901361386,0.02774219019106171,0,Float64,0.004871053829425835,0.016204531393569765,-0.003427370373650726,0.012266530433322103,0.002758523852947216,0.010695540558555188,0.004827316535843844
α_C,0,2003,0.009475497703638966,-0.010322331989733141,0.009339338627956582,0.03169714635541367,0,Float64,0.004274734380511926,0.018318629041624266,0.0010600926914308125,0.013772090348370248,0.005297144170559799,0.01203559069265253,0.006842786456481443
α_C,0,2008,0.009488474456387393,-0.013705117775668421,0.009623241784520791,0.03504224107043851,0,Float64,0.004408296882924504,0.018160748624847026,0.0006769588760755487,0.01345397923001696,0.0052216068840128796,0.01234077536526479,0.006771517975261109
α_C,0,2013,0.008805549138683892,-0.011511630657133275,0.008600688240436747,0.028887579480333825,0,Float64,0.004988080512890694,0.018047802791332425,-0.000609413561056905,0.014174969209518386,0.003777871835007485,0.01190677054886812,0.005564262583761782
α_C,1,2018,0.007645393632610394,-0.020409772449394577,0.00805464256066142,0.03441706578813404,0,Float64,0.005413383750930796,0.018259187443531822,-0.0033259988681097535,0.012814659186052091,0.002296057727747441,0.010729041493053426,0.004392072217658329
α_C,1,2023,0.007639926852393451,-0.045060267784794925,0.007720428308735915,0.06064494820550353,0,Float64,0.007661248547744055,0.02267535753866838,-0.007944687550709203,0.014943842115351897,0.0004231766848360831,0.012301700352192368,0.003056684346730483
α_C,1,2028,0.007654412695639339,-0.06638806500997893,0.007666964896321535,0.08682605799511252,0,Float64,0.00937269648278863,0.026317398526277735,-0.01118420387303894,0.016495174021843646,-0.0012121047061070028,0.013297615471965594,0.0022020806616560593
α_C,1,2033,0.007704858902794105,-0.07588964416619297,0.007761721723730072,0.0875238775645464,0,Float64,0.010766432866183239,0.029371884283761508,-0.014283167233026986,0.017754314622689327,-0.002308890462650773,0.014108316958910929,0.001399366806281187
α_C,1,2038,0.007746254363228423,-0.0785273252013397,0.007845398586227409,0.08512595443625548,0,Float64,0.01201139336511689,0.03188155133836823,-0.0168708883923264,0.018909909985405895,-0.003432067911961751,0.01482193472592524,0.0007803179958585774
α_C,1,2043,0.007783038425648374,-0.09519073304811318,0.007853316632885566,0.10600311969214793,0,Float64,0.013205261575250517,0.03459881808991805,-0.01920889115748616,0.019923262879449524,-0.004500277015338164,0.01554660493122459,0.00019623791045908067
α_C,1,2048,0.007800118673864347,-0.09695908873705998,0.007828809389464477,0.1096482423052058,0,Float64,0.014207819994213436,0.036456763387841734,-0.021355945218666236,0.02097349836154309,-0.005344756741867479,0.016068848908976946,-0.00029925686978660783
α_c,0,1953,0.03062960439847916,-0.009582686488365183,0.030063467578681762,0.07042287819137258,0,Float64,0.010268171341206446,0.051357912140116035,0.01040911987439762,0.04114843384377215,0.02092164854348902,0.03749088505612462,0.023928654740454504
α_c,0,1958,0.03313219506322058,-0.009876065896626611,0.03349464853997876,0.07603938881398886,0,Float64,0.010211767101548514,0.05406176806726386,0.012778213367568767,0.042756500359284515,0.02294390116407288,0.03892076195909702,0.02629983713929889
α_c,0,1963,0.029386495926716508,-0.008443952732126996,0.028671948220962806,0.07465322228600646,0,Float64,0.008877337610434428,0.047587094678332977,0.012351290808845205,0.038206152716466005,0.020714615108707906,0.03487673816869031,0.024109742475331673
α_c,0,1968,0.025966768752225165,-0.010325559541632607,0.025903877154222196,0.06134411887540338,0,Float64,0.008415906930911769,0.040800551591017635,0.009090438181353138,0.03531217773606031,0.017571658183924248,0.03159532497530818,0.02061136928784826
α_c,0,1973,0.021674473120259108,-0.013981784622342277,0.021696852106051722,0.06387018997785851,0,Float64,0.0079687332894538,0.03745995826899214,0.0062987463051593015,0.02963139360541623,0.013994195203974618,0.02676673170313086,0.015974659919467803
α_c,0,1978,0.02039458791526869,-0.01875315205320051,0.020743653873488643,0.0580052924590827,0,Float64,0.007771630377293422,0.03619804458208217,0.004831048434378931,0.027847614816338045,0.012941699206984363,0.024798026212293926,0.015668463742378264
α_c,0,1983,0.016842478099889636,-0.028946482193802532,0.017157834707132696,0.05960857882155715,0,Float64,0.00856187670346975,0.03382390761940161,0.001661542223652158,0.025130050952762724,0.007714618050531628,0.022425888536207132,0.0114523293657254
α_c,0,1988,0.015356983370499833,-0.026784445536062074,0.015393433716784768,0.05113858391778741,0,Float64,0.008193741595062799,0.02991256787361023,-0.0016965450963718734,0.02454734481948708,0.007168506511813477,0.02088653315166615,0.010187266569175365
α_c,0,1993,0.01197064185855823,-0.02835762236107426,0.01229486933794657,0.04856206505481163,0,Float64,0.00810088976177247,0.02736993396744518,-0.004515310043322124,0.019439805081890225,0.0038859149352323797,0.01742279599853031,0.006850460906185209
α_c,0,1998,0.0095324510497976,-0.027160383145040004,0.009435102248452978,0.04544643654961267,0,Float64,0.008483552409012012,0.025960415120816573,-0.006316645649264225,0.018467566612969707,0.00043927049167001705,0.015323824868715924,0.003379656728989691
α_c,0,2003,0.01036926291897058,-0.042672861566747045,0.010965055398560377,0.04777200281589339,0,Float64,0.008301291666359649,0.02673560413146244,-0.006944368837678456,0.018190549519024872,0.0023968410261945056,0.015381852968842653,0.0054495442120993075
α_c,0,2008,0.01134921303449235,-0.04105791498743174,0.011321548185728869,0.046229983008864745,0,Float64,0.00850883403770931,0.028204752883291596,-0.004575405435009799,0.019919830460896352,0.0030003901959599014,0.01693156747301861,0.0052802390524008536
α_c,0,2013,0.014141021070114137,-0.029484343958088292,0.013973860536985969,0.048962106538365247,0,Float64,0.009116214889237447,0.03246049993487961,-0.002933900500044494,0.02356634827507583,0.005576437173565185,0.020118745937487404,0.007469891508216737
α_c,1,2018,0.01608126470326788,-0.03376173743204059,0.015314717690400687,0.05996473547745611,0,Float64,0.010848558590896715,0.03912978032859337,-0.004438459356910372,0.027093229642657153,0.005860946835041794,0.022811010161746127,0.009633182947239525
α_c,1,2023,0.016033905575892096,-0.08181949709769115,0.0156844600845064,0.11999886674228717,0,Float64,0.01421072906593908,0.045293591423788866,-0.011299048192511651,0.029542348453961923,0.002472952256683645,0.02451563329609184,0.007176815646683958
α_c,1,2028,0.01607670522421006,-0.10538698931401946,0.015681772928587988,0.13670714646532467,0,Float64,0.01687047476040724,0.05087771134699161,-0.01633007493167739,0.03193148043930112,7.713077556563178e-5,0.026004106719869927,0.005796188127733665
α_c,1,2033,0.016057744687189398,-0.10961105202175385,0.015680732676349948,0.15166076298641995,0,Float64,0.019150415272285417,0.05575748760488131,-0.021225469630165902,0.03392343229847348,-0.0018408063736871157,0.027092257129368365,0.00456815495147271
α_c,1,2038,0.016077206516294767,-0.12202340961469807,0.015732912651045587,0.16514173034783286,0,Float64,0.021144901502807616,0.05978604002254202,-0.02545043380457258,0.0357095205135925,-0.0036022815938446602,0.0281409231042001,0.0034976169836530013
α_c,1,2043,0.016032331553245495,-0.13406647260905263,0.015695854226234436,0.21010198434345856,0,Float64,0.022935421008016932,0.06311504462597271,-0.02929149988233202,0.03712736892374595,-0.005183077341472612,0.029160675929169606,0.00257512754169478
α_c,1,2048,0.01600812605280818,-0.17595587437927096,0.015673010605374543,0.21802259312318348,0,Float64,0.024740265512835553,0.06693785560010435,-0.03269497537176914,0.03873450172200993,-0.006913524421983775,0.03005803650169217,0.001600419270847037
α_d,0,1953,-0.015027095750118602,-0.08050230743286689,-0.014944633477546102,0.06385399571404063,0,Float64,0.019810811646537245,0.023960522025955645,-0.051879951047372475,0.005566146069239533,-0.03685759250179285,-0.0012592020455055104,-0.03025985579463093
α_d,0,1958,-0.024169012835587717,-0.5218584337333321,-0.023317321117991004,0.21800341749685004,0,Float64,0.034041691158264324,0.031282325314878234,-0.0927481381259584,0.0038034400591962034,-0.04807738297512892,-0.0054226740374340755,-0.03766919071783742
α_d,0,1963,-0.02738008623164204,-0.5756263262466786,-0.02568399022052736,0.11511835087633344,0,Float64,0.03919162297969708,0.036982986184216776,-0.11283114115660112,0.004862435793164457,-0.0550824000935108,-0.006096294202326319,-0.042367652557700475
α_d,0,1968,-0.029464210163190747,-0.32765356495818954,-0.027293284986885283,0.21853451999974907,0,Float64,0.04054584614085242,0.04045086103986157,-0.12538596069324548,0.004272243710675381,-0.06191724160715913,-0.007759833455148578,-0.04638230345002728
α_d,0,1973,-0.0324278083362301,-0.3862213091062971,-0.02803199125111714,0.23833706488678186,0,Float64,0.043613818182919255,0.042485417193504,-0.14070975045895392,0.003026622617381082,-0.06651444339922907,-0.009069725805802573,-0.04990697057617382
α_d,0,1978,-0.034724548121363163,-0.34977319167845394,-0.029700048715889032,0.3162986064932028,0,Float64,0.04545972010168711,0.04305444565236958,-0.14320603028170295,0.0021187058375345146,-0.07227847498623748,-0.009589837344894228,-0.05426861441622781
α_d,0,1983,-0.03803874992223985,-0.40345185836872954,-0.03111228963011952,0.2322876480503966,0,Float64,0.04792651987129665,0.04094227978060171,-0.1579517097642209,0.0014407077668265203,-0.08056994604377794,-0.010576955916033998,-0.05839069775430186
α_d,0,1988,-0.04006429551789829,-0.36965515294191376,-0.031320285704890836,0.22217578550824663,0,Float64,0.05054222672883412,0.04174104825251845,-0.16627365995599272,0.0019359104638707464,-0.08489737417457821,-0.011325260824971662,-0.06206729503333264
α_d,0,1993,-0.0418450416646785,-0.3246604575473226,-0.03244021109243772,0.23032602887017753,0,Float64,0.05248989325083653,0.04540782965366251,-0.17368716613346138,0.001572715730501332,-0.08879349888650345,-0.012331634089878047,-0.06472798090221059
α_d,0,1998,-0.04282113494996808,-0.30332549584581325,-0.03317816223006533,0.2580721506399744,0,Float64,0.054336149956859134,0.04600569393244157,-0.17790187114967732,0.0019987420796161942,-0.09254370440881692,-0.012749441399657882,-0.06676752675759479
α_d,0,2003,-0.04609093108336293,-0.3646457771436986,-0.03522239734466551,0.2201054657455313,0,Float64,0.05798682093861029,0.048318647794496204,-0.186478877514374,0.0017810125148046156,-0.09867959479513794,-0.013157225009553464,-0.07155077351661213
α_d,0,2008,-0.049388610445316866,-0.48309432555731757,-0.03679282062686595,0.25451386330244846,0,Float64,0.06287356889898214,0.04666199809023593,-0.20852168633426016,0.0014710397950863923,-0.10454516758160096,-0.01308121576378899,-0.07644597812229736
α_d,0,2013,-0.050111758851722185,-0.43898848619982467,-0.03697813745411131,0.2098773597329728,0,Float64,0.06466433557431697,0.04954103358982586,-0.20824354871226813,0.0023766850490813053,-0.10876302424957787,-0.013674449965825342,-0.07674776811078558
α_d,1,2018,-0.050139062851066056,-0.46374975149055425,-0.03713171169186008,0.25096987490414996,0,Float64,0.06822713028242083,0.057881145045330804,-0.21912744594999564,0.0037598515189661446,-0.11072773460080344,-0.01221095720439623,-0.07780973605508851
α_d,1,2023,-0.05007790275230195,-0.8406025723949809,-0.037147186652818805,0.5719928933776948,0,Float64,0.07268622593485471,0.06326099431567932,-0.23000668661003718,0.006256726440793049,-0.1120497434126404,-0.010528113696430356,-0.07842691764140336
α_d,1,2028,-0.05010020228945355,-0.8169947146179051,-0.037230437457686325,0.6147961979825285,0,Float64,0.07662174677286922,0.0692031668402856,-0.2388471468336855,0.008082796147745526,-0.11277482641687221,-0.009488369149686642,-0.07889703451453281
α_d,1,2033,-0.04990205704352162,-1.1193700964041429,-0.0370376670845396,0.898598996163303,0,Float64,0.0802719737063022,0.0773350718998503,-0.2453973783543439,0.010010553525906938,-0.11419198860008348,-0.008550771315309853,-0.07940074321046346
α_d,1,2038,-0.04975274107402298,-1.0973899327702317,-0.036977100093426,0.879152671523352,0,Float64,0.08368943758414539,0.08379627143727031,-0.25326059221328195,0.011887875768201835,-0.11581069280789322,-0.007500309975096639,-0.08030468678530911
α_d,1,2043,-0.04983462399680286,-1.3651244735605927,-0.03686786011249905,0.926245663216207,0,Float64,0.0877962828529263,0.08961712756803313,-0.2608932652746836,0.013548459102524644,-0.11766791222699655,-0.00647241480111959,-0.08108029879434006
α_d,1,2048,-0.04967914609549543,-1.232589480376859,-0.036538487821795876,0.9395494399499908,0,Float64,0.09128581715507696,0.09554943041019456,-0.2694088335791233,0.015479964239106867,-0.11922421266743301,-0.005298674095118052,-0.08153145077937723
α_σ,0,1953,-0.004124715278731803,-0.07324509003660527,-0.0036845768265260947,0.06870126421422497,0,Float64,0.019336345161596453,0.03265391061915452,-0.04315514191901713,0.014482724993213809,-0.02449039356806939,0.01051180958896548,-0.017244284361434443
α_σ,0,1958,-0.009600861374467879,-0.17828700231205286,-0.0058378131453263055,0.10608702600978272,0,Float64,0.030272330310650766,0.038590849186723425,-0.08107328451247467,0.017899920909426787,-0.03931150538606211,0.011393136063771838,-0.025642331274488492
α_σ,0,1963,-0.0110466932430549,-0.20402421947076071,-0.005732763736852312,0.12303791123079745,0,Float64,0.035100886402125483,0.04615161119657294,-0.09499723175557588,0.019163972700911205,-0.04465870093050939,0.01130303784766207,-0.029284522727819458
α_σ,0,1968,-0.009795037022866456,-0.22862230486653207,-0.0036013624029884736,0.21791192682221264,0,Float64,0.03555019252458095,0.04794911207164612,-0.08986771282694292,0.022433571924199473,-0.04481604084309655,0.012252438460368558,-0.02857076830245542
α_σ,0,1973,-0.005542476080508452,-0.18894078350178392,-0.0004112701960123776,0.16213579412091225,0,Float64,0.034630597476665116,0.05618174165739968,-0.08349136686252877,0.025511592194931834,-0.04024599377407807,0.015449055179857082,-0.025327329466747973
α_σ,0,1978,-0.0009168136625630183,-0.20816766597987746,0.002674069662896722,0.14864527263961388,0,Float64,0.033653905489125314,0.060182385758172204,-0.07590843099384396,0.02951530815536566,-0.03398112136917397,0.019976551356864616,-0.02049006701804424
α_σ,0,1983,0.0038610413128673496,-0.16812233547107724,0.0058513866671616,0.2474898288299568,0,Float64,0.034157768539972454,0.06536267217092431,-0.06774911332185825,0.03643847283963999,-0.028271950525544844,0.02826303210832097,-0.016871471862290398
α_σ,0,1988,0.010398253692543854,-0.18253048123099908,0.0117387813307685,0.1840793325778505,0,Float64,0.035226659625859434,0.07405882899573286,-0.06920663665215332,0.04492565326164851,-0.02293636127236887,0.034868076262383675,-0.009570899137851047
α_σ,0,1993,0.019363267333713994,-0.1308355906760538,0.020774195631680724,0.201706603321218,0,Float64,0.03545803481173732,0.08842782181896063,-0.0598925680310069,0.050907412011753826,-0.015197266989283947,0.04206383671862615,-0.001494805024015268
α_σ,0,1998,0.031909082679561586,-0.13728567635817404,0.03185106598634087,0.22593581041142013,0,Float64,0.038980146316652156,0.11347432150280642,-0.03895370516208625,0.07033893141509419,-0.0070947591344648975,0.054092978850775165,0.0067409808142338875
α_σ,0,2003,0.045307845614364885,-0.12358464122105929,0.03754453747204438,0.262400056280219,0,Float64,0.0481783148768632,0.15095834614806372,-0.034406630306734104,0.09661566164170285,-0.0015871942567518397,0.07625435540785984,0.01282040162287784
α_σ,0,2008,0.05529011352060923,-0.16994935586364474,0.04293160036842464,0.3403145803363007,0,Float64,0.05725769405768111,0.18111840946680915,-0.03612435160463784,0.1168548009663729,-0.00031638332759228766,0.09171658768995121,0.014657254118666052
α_σ,0,2013,0.05741928377616623,-0.13823570143400343,0.04543056776773953,0.3078056491832808,0,Float64,0.05979830232976024,0.1897824906960514,-0.03478890768173084,0.12366348695310181,-0.0004410466153715721,0.09581078116792811,0.015096581847707166
α_σ,1,2018,0.062039515688241044,-0.12192779410916808,0.04604316142113406,0.42875949162236066,0,Float64,0.06812680464201464,0.22086442914096321,-0.03680004968919588,0.1342442576844629,-0.001346643972342231,0.10140662055854378,0.014567302736669792
α_σ,1,2023,0.062028523605728976,-0.25979830206571247,0.04421515651431572,0.6948759954042041,0,Float64,0.07377668045012006,0.23827974695467447,-0.04249335287410906,0.13621795755906227,-0.0028172450733681444,0.1000985229590627,0.01230483010461195
α_σ,1,2028,0.06208738273384244,-0.36726264248643214,0.043255576655470494,0.6979580335573411,0,Float64,0.07864663691803563,0.25481345604123024,-0.04897419036614329,0.1379666054529903,-0.0050612952344306905,0.10012767387456016,0.010544732951951595
α_σ,1,2033,0.06224646826641037,-0.4615475073983697,0.04277706373069852,0.9052932606732829,0,Float64,0.08370384840731898,0.2692635897129294,-0.05487726579136422,0.14073805819819804,-0.007312402400249266,0.10003501152183647,0.00909783594676725
α_σ,1,2038,0.062222029326663535,-0.6770598594310794,0.04207226693550882,0.9353622697080943,0,Float64,0.08826842565185913,0.2810897426176399,-0.06083073725195625,0.14323590866923636,-0.009333479333025804,0.10041768191673967,0.007485138347640524
α_σ,1,2043,0.06216323912420799,-0.5935604508331142,0.04139086743821107,0.9037854297645302,0,Float64,0.09230244708555271,0.29325533200585624,-0.06699639940375915,0.14508291260584566,-0.01170970242440502,0.10064360503271122,0.006108195158759442
α_σ,1,2048,0.06202835339582079,-0.8334687897312151,0.040796753562804475,0.9694073489613191,0,Float64,0.09650089353991437,0.3051202698344444,-0.07456414769712477,0.1476557379091009,-0.013713888680011738,0.10097523908122626,0.004572221498603145
LE,0,1948,68.43708526554887,67.11709022223484,68.44532380967556,69.87295817491425,0,Float64,0.36654135208481703,69.16593315215543,67.71314641970824,68.80524413108266,68.06183906154001,68.67055223279093,68.19209267011995
LE,0,1953,70.38831389708889,69.2862538330217,70.39622262938514,71.34414576972443,0,Float64,0.2924750990781578,70.91216074664246,69.80995403494579,70.70542231085281,70.07637396567223,70.60930344713333,70.18663106851724
LE,0,1958,72.63652000722227,71.66773709851209,72.64513199190574,73.60203706352573,0,Float64,0.2727848945709078,73.13458853002562,72.09699992320476,72.91753435806336,72.33890414738069,72.84118044424297,72.44982343791148
LE,0,1963,73.70749276205507,72.80215422483903,73.69553941292565,74.59272741550639,0,Float64,0.24660129793983282,74.197250016099,73.2198719431713,73.9675132623435,73.45737545742512,73.86501096219627,73.54569498907973
LE,0,1968,74.55331018133403,73.69946590467767,74.56427620695655,75.2990656458517,0,Float64,0.24026511019358546,75.00262337725343,74.07272260509554,74.79693370750797,74.29604362825893,74.72706444704555,74.38723011069958
LE,0,1973,75.27711026277211,74.48402972768885,75.28183317356071,76.12065978512902,0,Float64,0.23007577549549593,75.70441318746519,74.81830513542354,75.50325983166007,75.03164669592447,75.45220426319702,75.12098073197126
LE,0,1978,76.16335919984927,75.2318858406893,76.17538832632572,77.11125903139214,0,Float64,0.22846656117048222,76.60966500087623,75.69522151815913,76.38503817884386,75.92815095418358,76.32000096228467,76.01802945547936
LE,0,1983,77.22287173165813,76.3720298853452,77.21184401635597,77.99562754476342,0,Float64,0.21939782220429374,77.66172334912592,76.7845198431386,77.45183789639297,77.00719884428833,77.36820295081552,77.08747138742655
LE,0,1988,78.07228581642487,77.32851103720793,78.07057696554983,78.81630776883135,0,Float64,0.22476925323544433,78.48823400821917,77.6383607510683,78.32673863029285,77.83659427554085,78.23965605051421,77.91324723535404
LE,0,1993,78.68424220176072,77.83344827399998,78.69892619981363,79.5831621086253,0,Float64,0.21872254057610274,79.10982302998217,78.25547402167714,78.89915080180583,78.45577030070572,78.82966620507202,78.53983309644548
LE,0,1998,79.23713377906898,78.45821575017804,79.22981797721346,80.05779134857895,0,Float64,0.2459447900122744,79.75176940252375,78.77376252150876,79.50834817995776,78.98150197428086,79.39279734331039,79.07193235455453
LE,0,2003,80.37024725542484,79.45266244286111,80.37740298022169,81.23872706494669,0,Float64,0.2482452011819465,80.84378748698049,79.88387320871449,80.62577829818379,80.1103418212302,80.53930630799341,80.20921746207927
LE,0,2008,81.56729861376235,80.66950865210018,81.55887044686898,82.42314065241698,0,Float64,0.28317056022372633,82.07064626575846,80.98227589462059,81.88217857738144,81.28177479402154,81.76021027815267,81.38014941891727
LE,0,2013,82.34784697462229,81.57065449122862,82.33571653699188,83.42845800631352,0,Float64,0.25527325225608083,82.8515252322216,81.86515388570493,82.61870395612506,82.09763343794133,82.51761764195749,82.16742433374516
LE,1,2018,83.04423207133321,82.08902971542658,83.02839294213447,84.0509477131702,0,Float64,0.28623708237975437,83.63256897674725,82.50371345877687,83.3481801554797,82.75370550959751,83.24130812559628,82.8569229618264
LE,1,2023,83.8226927221352,78.36989118502021,83.82237044090863,90.4405669328108,0,Float64,1.0595407925249747,85.93126786206193,81.7264563350024,84.87859513175916,82.77255978875503,84.50091848326983,83.14518215207828
LE,1,2028,84.60509403489804,74.30570779822281,84.59427537927618,97.96807459968713,0,Float64,1.841518054801278,88.31289532966858,80.97766688385363,86.40255101302041,82.80425513715429,85.75083886590446,83.44518587337126
LE,1,2033,85.39944566588179,68.4207998255554,85.36581938366211,106.77059256598746,0,Float64,2.720567665336184,90.9105278532443,80.08757223104189,88.04270491062076,82.75847364246053,87.0812744029353,83.68662243603508
LE,1,2038,86.20759920587234,63.39981087454961,86.16159715845133,117.82752021353326,0,Float64,3.6990359297670667,93.69912762019003,79.0014462016484,89.77679941419312,82.61538519271443,88.45488863657121,83.90125945663456
LE,1,2043,87.028628070583,57.70086948384571,86.93319381252671,131.24558467255355,0,Float64,4.791298274408446,96.82803304842413,77.78540842081154,91.6018550525254,82.43001259371916,89.8927577988683,84.06248420041666
LE,1,2048,87.86203613988646,51.93614884779554,87.70202758507067,140.5753134458678,0,Float64,5.979732127128782,100.27077718374954,76.33943266495936,93.56003045032989,82.14620213875541,91.39853222403396,84.15027581039928
H,0,1948,0.20984959952064652,0.19889150288868981,0.2097118501315411,0.2226209734498665,0,Float64,0.0032355150597200514,0.21645323416709075,0.2040173250121536,0.21328029890758324,0.20646006745938725,0.2120407754952433,0.2074763128310494
H,0,1953,0.1898454670290338,0.1814297939242238,0.18978728621448077,0.19817006771966597,0,Float64,0.002302916023487702,0.19454123714171379,0.18571501902658297,0.1922508707174117,0.18750081724959677,0.1913974344366612,0.18819410097301553
H,0,1958,0.17104911411207205,0.16507043984368874,0.17097056971784372,0.18038354025419018,0,Float64,0.0018497071081170844,0.1748274823250797,0.16771400580782056,0.17299065428864632,0.16911031269432078,0.17226575235616337,0.16977482829111015
H,0,1963,0.1613705445967273,0.15546942858580337,0.1613923338076134,0.16740794394626454,0,Float64,0.0015698642643935232,0.16453996798143947,0.1582913518377217,0.16295858082121345,0.15979205141773836,0.16234134065164224,0.16034944354072223
H,0,1968,0.15424343121518153,0.14900960976032404,0.15419217728323487,0.15875941528042944,0,Float64,0.0014678361776822699,0.15725271951221545,0.15163141637588873,0.15580238862486853,0.15275383861475902,0.155243919498459,0.15320294914582175
H,0,1973,0.1486088390017357,0.14308149658934513,0.14863708124748015,0.15445654810570048,0,Float64,0.0013039505354425144,0.15131379068336082,0.14608758427470517,0.14988074399162102,0.14727760938662962,0.14938362185189358,0.1477394474442767
H,0,1978,0.14289653347079467,0.13820276971505802,0.1428324310921961,0.14717455201188542,0,Float64,0.001218513678472914,0.14536026103427677,0.14059399053568122,0.14418098052895414,0.14169779059537713,0.14368980578645651,0.1420309232813422
H,0,1983,0.13699297793111587,0.13287800472227082,0.13703507543328142,0.1414247105959939,0,Float64,0.0012394286394629742,0.13938608179963755,0.13479747945804607,0.13827254935908123,0.13558657245724115,0.13784538746141653,0.13612259825317227
H,0,1988,0.13238537515715973,0.1281398730872225,0.13238521122970592,0.13639862945304754,0,Float64,0.001053989299379673,0.13450720798227309,0.1304219016704289,0.13345323604764234,0.13124861500398038,0.1331055883004005,0.13159566075921555
H,0,1993,0.12966847075795235,0.12628220890797098,0.12966981056284804,0.13379517623607057,0,Float64,0.0010279194782014571,0.13172595654267805,0.1277672959381355,0.13074010287717466,0.12850169120179808,0.13039677739027372,0.12892238984032606
H,0,1998,0.12863829266427917,0.12379325403861209,0.12866868251305927,0.1326755187440821,0,Float64,0.000997991708694466,0.13059717923733438,0.12672210242766846,0.129636822608664,0.1275923976553432,0.1292709163423205,0.12799054995633363
H,0,2003,0.1254588427741013,0.121707677596337,0.12549458050830803,0.1295241733954059,0,Float64,0.0010224232363511697,0.1274662239309052,0.12340967723654192,0.12646177802067576,0.12437193751026178,0.126116146155634,0.1247873974732781
H,0,2008,0.12161960281818412,0.1183523844393223,0.12155527822567837,0.12541803340768579,0,Float64,0.0010771077532978274,0.12381787181734244,0.119591464522307,0.12277047667734996,0.12059913037592737,0.12232968901955162,0.12089060458336107
H,0,2013,0.11807688092495144,0.11448559236348271,0.11805982646082883,0.12162198134584687,0,Float64,0.0011054934979988413,0.12004195152170627,0.11590038708013661,0.11934565716495178,0.11691698391251078,0.11889957638007588,0.11729437768430678
H,1,2018,0.11426120874897257,0.10945067503949005,0.11424863707667962,0.1186738927482418,0,Float64,0.001347365707011931,0.11677022671632545,0.11167567477681056,0.11572449153219223,0.11281092264109924,0.11520305855162927,0.113306227274706
H,1,2023,0.11140626323681921,0.09683572413543685,0.1114084442239504,0.1317092625041974,0,Float64,0.0032538743702979185,0.11780313820075107,0.1049800995589854,0.11470405673365057,0.10810514399319406,0.11355513452264185,0.10928437577404655
H,1,2028,0.10869224797278759,0.08457375729841321,0.10865904973914567,0.13974656853201065,0,Float64,0.005142768230382622,0.11889862925753446,0.09853772264913979,0.11384122109787027,0.103547855702967,0.11202274099118482,0.1053453456439186
H,1,2033,0.10617564277029176,0.07285154397656904,0.10601465425359263,0.15102351939824296,0,Float64,0.0071611549769694145,0.12063023745917542,0.0923103171685516,0.11328199965446714,0.09908438039971755,0.11069334847581094,0.10150512964759212
H,1,2038,0.10382883715095517,0.06133669458170461,0.1034863595613982,0.22354139496620462,0,Float64,0.009316283812070732,0.12301310188797415,0.08627071637930375,0.1129629047794194,0.09471841056399084,0.1095255564042812,0.09777430858187756
H,1,2043,0.10169847280864526,0.05418148835540148,0.10105036798657589,0.3469029043949898,0,Float64,0.011679974311498089,0.12597967538129787,0.08024399055035937,0.11292598708417316,0.09049333556699514,0.10857242891361812,0.09414196432601411
H,1,2048,0.09977927234517778,0.04219967346628524,0.09880606839421269,0.5308592240126457,0,Float64,0.014340788520979572,0.12962462447370157,0.074624074933956,0.11322142826445292,0.0862812101545994,0.10781999305282772,0.0905952300108641
h,0,1948,1.5614828035646944,1.5022846242293464,1.5620208327478124,1.6149958145541656,0,Float64,0.015394043207271937,1.5895503622348255,1.5303807633786806,1.5776482632092506,1.5451480210741928,1.572738100858766,1.5509766855633136
h,0,1953,1.6616183208237023,1.6186296890779592,1.6618513802213897,1.7068865104425017,0,Float64,0.012115709057522196,1.683541936029314,1.6371111222479682,1.6739720749170852,1.6489541415946725,1.6702813971458441,1.653403204250871
h,0,1958,1.7658629381417632,1.7126699157923686,1.7662638442052863,1.8013829880373433,0,Float64,0.010803293547085846,1.7854950965994687,1.7439556065907582,1.777204039165609,1.7545177075190277,1.773282259373767,1.7587169227259778
h,0,1963,1.8240993529208493,1.7873216671765768,1.8239170223696843,1.8613061674256894,0,Float64,0.009727615606520213,1.8433179450628117,1.80460177184648,1.833881987882856,1.814259215856997,1.830399823141744,1.8180541193919773
h,0,1968,1.869268441245225,1.8403653341149377,1.869555550132156,1.9037444800806615,0,Float64,0.009510018171655026,1.8863025952293924,1.8499010893812968,1.8789275512272192,1.8591668143203188,1.8759917715677894,1.862757724808017
h,0,1973,1.9064761383466007,1.8678424642345957,1.906247640496302,1.9443409048379081,0,Float64,0.008770661284899731,1.9235489448471699,1.8883995144190655,1.9154359739513331,1.8979153411893561,1.9123050470004448,1.901237638474359
h,0,1978,1.9456707822023913,1.9161359679869314,1.9460831463785375,1.9790333264958615,0,Float64,0.008522614015152578,1.9618790420977623,1.9285400591186908,1.9540587245356682,1.9366859593051338,1.951710475512881,1.940098429356846
h,0,1983,1.987866530835687,1.955987784097639,1.9875183608633302,2.018323829425965,0,Float64,0.00904639951399954,2.0039817790629004,1.9705076294340684,1.9981449315564128,1.9785285462088313,1.99419934157139,1.9816226026359345
h,0,1988,2.02206977370656,1.992173581621442,2.0220393393870886,2.0546328531945512,0,Float64,0.00795787168296151,2.0369806860011517,2.0061374904304374,2.030661929916706,2.014004154292038,2.0280212335890453,2.0166125687347676
h,0,1993,2.042805720056161,2.011445183985205,2.0427639783412577,2.069236123301121,0,Float64,0.007925241585347803,2.05754467012089,2.027031601249255,2.0518132136460645,2.034543873921345,2.048544684829964,2.0371733430627827
h,0,1998,2.050780836999669,2.0198488403901456,2.050514531115054,2.0891424110191292,0,Float64,0.007757714247813599,2.065758759927404,2.03563766087354,2.0589144893550304,2.043018410352994,2.0557988462542003,2.0458449501282434
h,0,2003,2.075810745510724,2.043887748116697,2.0754927045439797,2.1061331947308757,0,Float64,0.00815304350461157,2.092245748902956,2.05990385982586,2.0844787068441972,2.067815166508295,2.0811438099316297,2.0705520017367114
h,0,2008,2.106896291833908,2.0761028540437296,2.107386154846588,2.134088795871299,0,Float64,0.008849661763208665,2.1236738068839442,2.0889435687823306,2.1152832055540522,2.097438710111121,2.112869236677587,2.101035510070753
h,0,2013,2.136463186137471,2.1068375581398056,2.136563779094547,2.167306294791827,0,Float64,0.009366654916125892,2.1550241888651707,2.119914001283708,2.146291135240308,2.125731314255618,2.1430684555610586,2.129476038129567
h,1,2018,2.169337696335666,2.1313759447063196,2.1693781785862454,2.2122812874718454,0,Float64,0.011795386794399261,2.1921563696701973,2.147547149333279,2.1820421126967395,2.156542985875584,2.1776611497516405,2.16105898114629
h,1,2023,2.194998797145462,2.0271583423779647,2.19455215342865,2.3347393017962528,0,Float64,0.029238961151822843,2.2539844747997697,2.1387403680473147,2.2246509699631716,2.1653998872627445,2.213801842105122,2.175466793288332
h,1,2028,2.2203557816011474,1.967924721581052,2.2195402831659914,2.4701312579094137,0,Float64,0.04738482420309311,2.31731583306265,2.1294840038840817,2.2677213991984777,2.1729505988186197,2.2505113196429662,2.1890533837352657
h,1,2033,2.2449347701180407,1.890319696691911,2.244177946750605,2.6193315526524152,0,Float64,0.0674958453505294,2.3825993650963384,2.115025300947912,2.3117834646036526,2.1778749968790647,2.287645943379171,2.200991527108942
h,1,2038,2.2690148200156726,1.4981586697014537,2.2683154666398853,2.7913770085803136,0,Float64,0.08950549334385309,2.4502650620355855,2.0954644098794097,2.356846888355537,2.180695790454674,2.325093429888165,2.211597365137499
h,1,2043,2.292211076090133,1.0587103526142987,2.292136193512805,2.9154159721339945,0,Float64,0.11360510430824862,2.522683403885252,2.07163469169564,2.4024790711315935,2.1810226564199326,2.362951377229821,2.2203377811681433
h,1,2048,2.314644982320738,0.6332584077431281,2.3145962551206303,3.16534279573586,0,Float64,0.13981776560193848,2.595292103542819,2.043112509676603,2.4501434318610102,2.1784098355058243,2.401353716209717,2.227292173394046
Lstar,0,1948,102.14407453408677,100.65049605209656,102.12774130627848,103.85879100756246,0,Float64,0.4450058796607126,103.01892507947932,101.32719286547281,102.62406090054571,101.69362195693293,102.44873948989877,101.80012021472889
Lstar,0,1953,102.0369962829704,100.70245213164263,102.05283522567514,103.47400391186247,0,Float64,0.34478844001677184,102.71058690531652,101.36057490539139,102.38910772156817,101.67643450066026,102.24990719215285,101.81031860257525
Lstar,0,1958,102.3580520192847,101.19304130316557,102.37818457343712,103.53779203628297,0,Float64,0.33395021682483345,102.99566632337422,101.68258076697335,102.68868371413419,102.00500050926438,102.56236369631068,102.13379306648248
Lstar,0,1963,102.27797655960389,101.05685624173596,102.2925986421126,103.71921416603017,0,Float64,0.3103784813287881,102.8794170959857,101.65628584879835,102.59148870871766,101.95734384235905,102.47731420805835,102.07541783273417
Lstar,0,1968,102.29924435821675,101.16165827331899,102.30439772879606,103.41088305526499,0,Float64,0.30057133171936684,102.89762281596026,101.69917154392374,102.60810759994695,101.99161170614579,102.49151442017609,102.10949081911502
Lstar,0,1973,102.38486013250895,101.23579328051098,102.39024485545063,103.37435292804047,0,Float64,0.29851147551710994,102.94553124902485,101.79090124089515,102.67976063918657,102.06544384174074,102.61314980554835,102.17998025478326
Lstar,0,1978,102.59064468163255,101.63146404111626,102.58967154803379,103.8053067131462,0,Float64,0.2877182209982807,103.1828754498882,102.02613385348502,102.87655438408862,102.29879882167515,102.77644467398764,102.40507224465361
Lstar,0,1983,103.04256220060218,102.02359755387263,103.04000657000601,104.24081027298618,0,Float64,0.30370089235476955,103.64326243810315,102.50180317951995,103.35571131192324,102.68669595884339,103.24873298876102,102.8270772083125
Lstar,0,1988,103.41462778689494,102.37311082385943,103.4256207917197,104.54067957759325,0,Float64,0.28077177982510515,103.96782834008613,102.87089986446028,103.69578124373537,103.11770875583461,103.5863670354817,103.2293250293323
Lstar,0,1993,103.7881549975755,102.64350822291657,103.76955042476368,104.91580643767382,0,Float64,0.29015028522755704,104.38416071611637,103.23309193773161,104.09140895117176,103.49595798481337,103.9795860231971,103.60051747574619
Lstar,0,1998,104.29828435320746,103.26527458570376,104.27867088901242,105.30623197109699,0,Float64,0.3308343756172147,104.98140113853331,103.6777904316985,104.64473614234413,103.96246829395928,104.49775563409318,104.07587186234116
Lstar,0,2003,105.21900599900968,104.09819171373516,105.21197196986502,106.329883117473,0,Float64,0.32427134894988646,105.87272642772905,104.65614817265303,105.55654246478305,104.84429312009443,105.43770254446311,104.99171559801687
Lstar,0,2008,106.12081094774868,104.7833339954569,106.11939809851205,107.22517908661298,0,Float64,0.3543123172190582,106.75761534867905,105.42892708119649,106.52389651517258,105.7359884746522,106.38707243782338,105.87144194332706
Lstar,0,2013,106.46585622861124,105.28772852929394,106.48585250985441,108.16052947291945,0,Float64,0.348591822421532,107.173381082301,105.78053897350453,106.8155109464466,106.10206157979259,106.6794668688618,106.23076659662813
Lstar,1,2018,106.60900768404257,104.8891169068372,106.62823834305081,108.1547925411172,0,Float64,0.4202469717119602,107.41099619553556,105.7759793265459,107.02873878287501,106.16530524637399,106.87843792145749,106.32099158185386
Lstar,1,2023,107.01584869454094,100.82554037278348,107.02181326961758,113.51060505915297,0,Float64,1.199685598157352,109.40882093755206,104.64560250824344,108.21663776165687,105.8078431827416,107.78981219185191,106.23286213334615
Lstar,1,2028,107.43620599230024,96.57116535960625,107.42428219673216,120.85323105055521,0,Float64,2.019985906300504,111.4984916005587,103.45829732594787,109.43211918106256,105.44649582428255,108.7127491217248,106.14005811322414
Lstar,1,2033,107.89186657873012,90.14175930320393,107.85736458947704,129.99219682119514,0,Float64,2.939178826140337,113.8714271427762,102.1775450438343,110.80567805470811,105.01971484629586,109.71103710926619,106.022416844703
Lstar,1,2038,108.3787971363781,84.78522237326106,108.30906033501785,141.27547773624335,0,Float64,3.9622619774330885,116.48846932060778,100.67043069226307,112.27084405010434,104.52779819682699,110.82578807395971,105.88665412682056
Lstar,1,2043,108.90282747249525,78.94619436440617,108.8105625899808,154.90036585922982,0,Float64,5.09869312371012,119.43999156104272,99.02033271002553,113.81635420647616,103.9848155964369,111.97328617697282,105.69112420121397
Lstar,1,2048,109.46237281765372,72.70742200790973,109.29625013746664,164.44194644958026,0,Float64,6.330684569878441,122.70360574535324,97.23849826695194,115.53253299788673,103.3517776212576,113.23325693056354,105.45619420292103
Lmed,0,1948,72.65333245148217,71.25757718384129,72.66810375947541,73.99581126995513,0,Float64,0.3823010070398989,73.45478755495914,71.89128166733386,73.03447715790118,72.25936894868927,72.89017750622615,72.40887764074229
Lmed,0,1953,74.1814600151937,73.05831867235092,74.18555003620139,75.09760378479102,0,Float64,0.29343055885993424,74.70505675171853,73.59924761261108,74.49687735557337,73.87071374469483,74.40172351314621,73.98182959393768
Lmed,0,1958,76.01674945371393,75.13014722026719,76.02765742559667,77.08936605830462,0,Float64,0.2662504797279138,76.51755355964416,75.4826336454244,76.28309352867642,75.72432911168303,76.20543068649167,75.83566038464562
Lmed,0,1963,76.88243708932055,76.01809946953921,76.86825641544183,77.75007433491834,0,Float64,0.24512202363099883,77.36408639070925,76.40657893802359,77.1391107335806,76.63741063347764,77.04191229669743,76.72792145490983
Lmed,0,1968,77.5568757731034,76.7324924732268,77.56948301330556,78.29457031908922,0,Float64,0.24024283187040912,78.01431327435834,77.08625461359955,77.79439531285573,77.29561391478923,77.72577813450057,77.39138609974731
Lmed,0,1973,78.13794134084463,77.25206865468533,78.13846782080773,78.9801916279363,0,Float64,0.2332143385744835,78.57288086620147,77.67478429944234,78.37820253336992,77.88906065449939,78.32364407231758,77.9746050013339
Lmed,0,1978,78.91736039406767,77.91055565314318,78.92930533366342,79.84755629001296,0,Float64,0.23224031054418312,79.35953099169974,78.44169630460404,79.15238594931247,78.67573113529207,79.07055118991599,78.76689178142144
Lmed,0,1983,79.83092398815258,78.97790342784108,79.81294511075633,80.60986206541729,0,Float64,0.22383123821215392,80.28546159829929,79.38908704340267,80.0666537203835,79.61736859949481,79.98136132802739,79.69227795176855
Lmed,0,1988,80.5595956906529,79.79205268764808,80.55497269840541,81.31555060831376,0,Float64,0.2295811476035341,80.9808815095098,80.12408170026828,80.82557328739897,80.31877850256953,80.72609460393059,80.39825318006405
Lmed,0,1993,81.0943313012073,80.24843915287839,81.11108794540242,82.03171348686234,0,Float64,0.2231902091580576,81.5311433326357,80.65155665108402,81.31327779409932,80.86425660544732,81.23322307474457,80.94972181835465
Lmed,0,1998,81.65410864629888,80.85642310001381,81.64363692949908,82.47939188065772,0,Float64,0.2509387392425685,82.17468680402384,81.18200653428336,81.93036099419342,81.39346139081437,81.81139952345652,81.48070845629685
Lmed,0,2003,82.73153163602245,81.79004458574063,82.74139068588062,83.63515681436328,0,Float64,0.25328259700042766,83.21371340894027,82.22800486191716,82.99209486046499,82.46179015733387,82.90133725278542,82.56798118104363
Lmed,0,2008,83.8355701783287,82.90932550829329,83.82667308043206,84.71726469110105,0,Float64,0.2864961614742818,84.34065525147369,83.23678352538815,84.15616495551605,83.54459484952429,84.02736082746762,83.64354857826191
Lmed,0,2013,84.5444880002512,83.72214000325151,84.53183117883478,85.68226897445906,0,Float64,0.26002408953060013,85.05829386699698,84.05515096456097,84.82103728041058,84.28988079209348,84.71673771535669,84.36126936557703
Lmed,1,2018,85.17298941684615,84.23715182709464,85.15391113768388,86.2312391258628,0,Float64,0.2910159936119375,85.76959513432463,84.61727293040626,85.48375094256917,84.88073533689929,85.37467897876645,84.98526923691844
Lmed,1,2023,85.91447031708479,80.42502126602679,85.9138657995359,92.4680567549441,0,"Union{Missing, Float64}",1.0620902942950126,88.03490819168113,83.81508688273267,86.97195481321509,84.86384715140558,86.593498495846,85.23420172588158
Lmed,1,2028,86.66445156332836,76.38724433872589,86.65678302243633,100.06028372649257,0,"Union{Missing, Float64}",1.8448692995957783,90.37927444636847,83.03120925835323,88.45918593550877,84.8605253136797,87.80566529830513,85.50269806312009
Lmed,1,2033,87.43196725961664,70.43159106161663,87.39416326818335,108.94515334441542,0,"Union{Missing, Float64}",2.7249442898366953,92.97212547911867,82.11733715788098,90.08401212566227,84.78775135074105,89.10795029268823,85.71395245896916
Lmed,1,2038,88.21855348267002,65.36400961703103,88.16798673241726,120.08364049200645,0,"Union{Missing, Float64}",3.7047219466377905,95.76663311933649,80.99172426496,91.79517201334518,84.63286652196349,90.4635111987737,85.9073267833018
Lmed,1,2043,89.02518972792812,59.624162189438195,88.92946928587858,133.54365499692094,0,"Union{Missing, Float64}",4.798434141215525,98.87725840746486,79.7717521351796,93.60553058349375,84.41742429105719,91.88103498547258,86.05610994421183
Lmed,1,2048,89.85098169409287,53.79589574038525,89.69994180277749,143.02147657793302,0,"Union{Missing, Float64}",5.987211523073706,102.33642459236356,78.30156355122423,95.5512432061568,84.12137737403903,93.3834052844549,86.13383689672366
